fecha,mep,bcra_a3500,brecha_cambiaria
2003-01-02,,3.3625,
2003-01-03,,3.3328,
2003-01-06,,3.329,
2003-01-07,,3.2888,
2003-01-08,,3.2935,
2003-01-09,,3.3143,
2003-01-10,,3.3533,
2003-01-13,,3.345,
2003-01-14,,3.3037,
2003-01-15,,3.2275,
2003-01-16,,3.2438,
2003-01-17,,3.244,
2003-01-20,,3.1933,
2003-01-21,,3.1328,
2003-01-22,,3.0633,
2003-01-23,,3.12,
2003-01-24,,3.1733,
2003-01-27,,3.2592,
2003-01-28,,3.3433,
2003-01-29,,3.335,
2003-01-30,,3.24,
2003-01-31,,3.1817,
2003-02-03,,3.1983,
2003-02-04,,3.1567,
2003-02-05,,3.1533,
2003-02-06,,3.1458,
2003-02-07,,3.1517,
2003-02-10,,3.1458,
2003-02-11,,3.1017,
2003-02-12,,3.0848,
2003-02-13,,3.1167,
2003-02-14,,3.1908,
2003-02-17,,3.1617,
2003-02-18,,3.1585,
2003-02-19,,3.1843,
2003-02-20,,3.2317,
2003-02-21,,3.2025,
2003-02-24,,3.1838,
2003-02-25,,3.15,
2003-02-26,,3.1622,
2003-02-27,,3.1817,
2003-02-28,,3.2013,
2003-03-03,,3.2187,
2003-03-04,,3.1962,
2003-03-05,,3.174,
2003-03-06,,3.1808,
2003-03-07,,3.1715,
2003-03-10,,3.1493,
2003-03-11,,3.137,
2003-03-12,,3.1133,
2003-03-13,,3.1078,
2003-03-14,,3.1208,
2003-03-17,,3.1,
2003-03-18,,3.0655,
2003-03-19,,3.0192,
2003-03-20,,3.0195,
2003-03-21,,3.0357,
2003-03-24,,3.0088,
2003-03-25,,2.9417,
2003-03-26,,2.9012,
2003-03-27,,2.871,
2003-03-28,,2.9625,
2003-04-01,,2.9792,
2003-04-02,,2.9243,
2003-04-03,,2.9,
2003-04-04,,2.9022,
2003-04-07,,2.8932,
2003-04-08,,2.9092,
2003-04-09,,2.9187,
2003-04-10,,2.895,
2003-04-11,,2.8897,
2003-04-14,,2.924,
2003-04-15,,2.959,
2003-04-16,,2.9377,
2003-04-21,,2.8953,
2003-04-22,,2.8552,
2003-04-23,,2.8378,
2003-04-24,,2.852,
2003-04-25,,2.8752,
2003-04-28,,2.8602,
2003-04-29,,2.8547,
2003-04-30,,2.8295,
2003-05-02,,2.7947,
2003-05-05,,2.7975,
2003-05-06,,2.7965,
2003-05-07,,2.8055,
2003-05-08,,2.7683,
2003-05-09,,2.7602,
2003-05-12,,2.774,
2003-05-13,,2.7485,
2003-05-14,,2.7678,
2003-05-15,,2.8395,
2003-05-16,,2.9083,
2003-05-19,,2.95,
2003-05-20,,2.8832,
2003-05-21,,2.853,
2003-05-22,,2.839,
2003-05-23,,2.8913,
2003-05-26,,2.8825,
2003-05-27,,2.8683,
2003-05-28,,2.8753,
2003-05-29,,2.8825,
2003-05-30,,2.8632,
2003-06-02,,2.8468,
2003-06-03,,2.838,
2003-06-04,,2.8255,
2003-06-05,,2.8225,
2003-06-06,,2.8243,
2003-06-09,,2.815,
2003-06-10,,2.811,
2003-06-11,,2.8112,
2003-06-12,,2.8383,
2003-06-13,,2.8265,
2003-06-17,,2.8043,
2003-06-18,,2.795,
2003-06-19,,2.7987,
2003-06-20,,2.8027,
2003-06-23,,2.7957,
2003-06-24,,2.7728,
2003-06-25,,2.7615,
2003-06-26,,2.7857,
2003-06-27,,2.794,
2003-06-30,,2.8075,
2003-07-01,,2.8003,
2003-07-02,,2.8012,
2003-07-03,,2.7967,
2003-07-04,,2.7953,
2003-07-07,,2.7902,
2003-07-08,,2.776,
2003-07-10,,2.7673,
2003-07-11,,2.7582,
2003-07-14,,2.7647,
2003-07-15,,2.7815,
2003-07-16,,2.7715,
2003-07-17,,2.7873,
2003-07-18,,2.799,
2003-07-21,,2.7973,
2003-07-22,,2.7863,
2003-07-23,,2.7757,
2003-07-24,,2.79,
2003-07-25,,2.8183,
2003-07-28,,2.8182,
2003-07-29,,2.8423,
2003-07-30,,2.8797,
2003-07-31,,2.9313,
2003-08-01,,2.93,
2003-08-04,,2.9618,
2003-08-05,,2.9385,
2003-08-06,,2.931,
2003-08-07,,2.9288,
2003-08-08,,2.9248,
2003-08-11,,2.9207,
2003-08-12,,2.9073,
2003-08-13,,2.8842,
2003-08-14,,2.896,
2003-08-15,,2.9,
2003-08-19,,2.902,
2003-08-20,,2.906,
2003-08-21,,2.9352,
2003-08-22,,2.97,
2003-08-25,,2.9298,
2003-08-26,,2.9217,
2003-08-27,,2.9572,
2003-08-28,,2.972,
2003-08-29,,2.9528,
2003-09-01,,2.963,
2003-09-02,,2.9658,
2003-09-03,,2.9773,
2003-09-04,,2.9607,
2003-09-05,,2.937,
2003-09-08,,2.9428,
2003-09-09,,2.9567,
2003-09-10,,2.9353,
2003-09-11,,2.9028,
2003-09-12,,2.8942,
2003-09-15,,2.8898,
2003-09-16,,2.8917,
2003-09-17,,2.9067,
2003-09-18,,2.9178,
2003-09-19,,2.9117,
2003-09-22,,2.9107,
2003-09-23,,2.8963,
2003-09-24,,2.8933,
2003-09-25,,2.89,
2003-09-26,,2.9007,
2003-09-29,,2.9055,
2003-09-30,,2.911,
2003-10-01,,2.9127,
2003-10-02,,2.9012,
2003-10-03,,2.8952,
2003-10-06,,2.8782,
2003-10-07,,2.8685,
2003-10-08,,2.8628,
2003-10-09,,2.8497,
2003-10-10,,2.833,
2003-10-14,,2.8372,
2003-10-15,,2.8417,
2003-10-16,,2.8443,
2003-10-17,,2.8502,
2003-10-20,,2.8513,
2003-10-21,,2.851,
2003-10-22,,2.8535,
2003-10-23,,2.846,
2003-10-24,,2.8428,
2003-10-27,,2.8383,
2003-10-28,,2.849,
2003-10-29,,2.8518,
2003-10-30,,2.8632,
2003-10-31,,2.8775,
2003-11-03,,2.8603,
2003-11-04,,2.8517,
2003-11-05,,2.8603,
2003-11-07,,2.8538,
2003-11-10,,2.8453,
2003-11-11,,2.8535,
2003-11-12,,2.855,
2003-11-13,,2.8583,
2003-11-14,,2.8718,
2003-11-17,,2.876,
2003-11-18,,2.8625,
2003-11-19,,2.869,
2003-11-20,,2.8795,
2003-11-21,,2.8873,
2003-11-24,,2.8918,
2003-11-25,,2.9157,
2003-11-26,,2.938,
2003-11-27,,2.977,
2003-11-28,,2.9877,
2003-12-01,,2.9898,
2003-12-02,,2.972,
2003-12-03,,2.98,
2003-12-04,,2.9707,
2003-12-05,,2.9693,
2003-12-09,,2.9547,
2003-12-10,,2.9377,
2003-12-11,,2.9473,
2003-12-12,,2.9563,
2003-12-15,,2.961,
2003-12-16,,2.9713,
2003-12-17,,2.9717,
2003-12-18,,2.9658,
2003-12-19,,2.971,
2003-12-22,,2.966,
2003-12-23,,2.9567,
2003-12-24,,2.9605,
2003-12-26,,2.9535,
2003-12-29,,2.9503,
2003-12-30,,2.9345,
2003-12-31,,2.933,
2004-01-02,,2.9243,
2004-01-05,,2.8922,
2004-01-06,,2.8573,
2004-01-07,,2.873,
2004-01-08,,2.8902,
2004-01-09,,2.8892,
2004-01-12,,2.8663,
2004-01-13,,2.8567,
2004-01-14,,2.8767,
2004-01-15,,2.871,
2004-01-16,,2.8722,
2004-01-19,,2.8882,
2004-01-20,,2.8858,
2004-01-21,,2.8932,
2004-01-22,,2.9112,
2004-01-23,,2.8952,
2004-01-26,,2.909,
2004-01-27,,2.905,
2004-01-28,,2.9175,
2004-01-29,,2.9428,
2004-01-30,,2.9327,
2004-02-02,,2.939,
2004-02-03,,2.9252,
2004-02-04,,2.9337,
2004-02-05,,2.96,
2004-02-06,,2.9613,
2004-02-09,,2.9445,
2004-02-10,,2.928,
2004-02-11,,2.9428,
2004-02-12,,2.9275,
2004-02-13,,2.9173,
2004-02-16,,2.9168,
2004-02-17,,2.9165,
2004-02-18,,2.9342,
2004-02-19,,2.9398,
2004-02-20,,2.9412,
2004-02-23,,2.9218,
2004-02-24,,2.9218,
2004-02-25,,2.9192,
2004-02-26,,2.9243,
2004-02-27,,2.9235,
2004-03-01,,2.9163,
2004-03-02,,2.9233,
2004-03-03,,2.9122,
2004-03-04,,2.9165,
2004-03-05,,2.9325,
2004-03-08,,2.9387,
2004-03-09,,2.925,
2004-03-10,,2.9042,
2004-03-11,,2.9182,
2004-03-12,,2.912,
2004-03-15,,2.9118,
2004-03-16,,2.9027,
2004-03-17,,2.8932,
2004-03-18,,2.8832,
2004-03-19,,2.8825,
2004-03-22,,2.8667,
2004-03-23,,2.8658,
2004-03-24,,2.8752,
2004-03-25,,2.8818,
2004-03-26,,2.8782,
2004-03-29,,2.884,
2004-03-30,,2.865,
2004-03-31,,2.855,
2004-04-01,,2.8522,
2004-04-02,,2.8457,
2004-04-06,,2.8445,
2004-04-07,,2.8108,
2004-04-12,,2.8037,
2004-04-13,,2.8162,
2004-04-14,,2.8167,
2004-04-15,,2.8142,
2004-04-16,,2.8195,
2004-04-19,,2.823,
2004-04-20,,2.8355,
2004-04-21,,2.8518,
2004-04-22,,2.8633,
2004-04-23,,2.8583,
2004-04-26,,2.8407,
2004-04-27,,2.8298,
2004-04-28,,2.8483,
2004-04-29,,2.863,
2004-04-30,,2.8452,
2004-05-03,,2.8438,
2004-05-04,,2.8592,
2004-05-05,,2.864,
2004-05-06,,2.8837,
2004-05-07,,2.9183,
2004-05-10,,2.9597,
2004-05-11,,2.9143,
2004-05-12,,2.9098,
2004-05-13,,2.9278,
2004-05-14,,2.9097,
2004-05-17,,2.9097,
2004-05-18,,2.9057,
2004-05-19,,2.9102,
2004-05-20,,2.9313,
2004-05-21,,2.9525,
2004-05-24,,2.9512,
2004-05-26,,2.9535,
2004-05-27,,2.9622,
2004-05-28,,2.9627,
2004-05-31,,2.9642,
2004-06-01,,2.9658,
2004-06-02,,2.9537,
2004-06-03,,2.9533,
2004-06-04,,2.969,
2004-06-07,,2.965,
2004-06-08,,2.9743,
2004-06-09,,2.962,
2004-06-10,,2.9638,
2004-06-11,,2.9695,
2004-06-14,,2.9708,
2004-06-15,,2.9552,
2004-06-16,,2.9543,
2004-06-17,,2.9555,
2004-06-18,,2.9632,
2004-06-22,,2.9632,
2004-06-23,,2.9505,
2004-06-24,,2.9378,
2004-06-25,,2.9543,
2004-06-28,,2.9593,
2004-06-29,,2.9642,
2004-06-30,,2.9607,
2004-07-01,,2.9505,
2004-07-02,,2.9472,
2004-07-05,,2.9485,
2004-07-06,,2.9417,
2004-07-07,,2.9428,
2004-07-08,,2.9532,
2004-07-12,,2.957,
2004-07-13,,2.9513,
2004-07-14,,2.9473,
2004-07-15,,2.9463,
2004-07-16,,2.9382,
2004-07-19,,2.9443,
2004-07-20,,2.9497,
2004-07-21,,2.9522,
2004-07-22,,2.955,
2004-07-23,,2.962,
2004-07-26,,2.973,
2004-07-27,,2.9745,
2004-07-28,,2.9713,
2004-07-29,,2.9775,
2004-07-30,,2.976,
2004-08-02,,2.9852,
2004-08-03,,2.9932,
2004-08-04,,3.0118,
2004-08-05,,3.04,
2004-08-06,,3.0718,
2004-08-09,,3.045,
2004-08-10,,3.023,
2004-08-11,,3.028,
2004-08-12,,3.0207,
2004-08-13,,3.0112,
2004-08-17,,3.0107,
2004-08-18,,3.018,
2004-08-19,,3.007,
2004-08-20,,3.0087,
2004-08-23,,3.0077,
2004-08-24,,3.002,
2004-08-25,,2.9892,
2004-08-26,,2.9938,
2004-08-27,,3.0097,
2004-08-30,,3.0082,
2004-08-31,,3.0003,
2004-09-01,,2.9977,
2004-09-02,,3.0017,
2004-09-03,,3.002,
2004-09-06,,2.9928,
2004-09-07,,2.9932,
2004-09-08,,2.9948,
2004-09-09,,3.0045,
2004-09-10,,3.0095,
2004-09-13,,3.0087,
2004-09-14,,2.9957,
2004-09-15,,2.9832,
2004-09-16,,2.9803,
2004-09-17,,3.0048,
2004-09-20,,2.9938,
2004-09-21,,3.0028,
2004-09-22,,3.001,
2004-09-23,,2.9925,
2004-09-24,,2.9983,
2004-09-27,,2.9948,
2004-09-28,,2.991,
2004-09-29,,2.9867,
2004-09-30,,2.9825,
2004-10-01,,2.979,
2004-10-04,,2.973,
2004-10-05,,2.9698,
2004-10-06,,2.972,
2004-10-07,,2.9743,
2004-10-08,,2.9657,
2004-10-12,,2.9663,
2004-10-13,,2.9735,
2004-10-14,,2.9752,
2004-10-15,,2.9718,
2004-10-18,,2.961,
2004-10-19,,2.9558,
2004-10-20,,2.9633,
2004-10-21,,2.9563,
2004-10-22,,2.9588,
2004-10-25,,2.9688,
2004-10-26,,2.9713,
2004-10-27,,2.9737,
2004-10-28,,2.9758,
2004-10-29,,2.9782,
2004-11-01,,2.968,
2004-11-02,,2.959,
2004-11-03,,2.9558,
2004-11-04,,2.9587,
2004-11-05,,2.9622,
2004-11-08,,2.9673,
2004-11-09,,2.9757,
2004-11-10,,2.969,
2004-11-11,,2.9678,
2004-11-12,,2.9638,
2004-11-15,,2.9553,
2004-11-16,,2.9517,
2004-11-17,,2.9427,
2004-11-18,,2.9343,
2004-11-19,,2.9443,
2004-11-22,,2.9543,
2004-11-23,,2.949,
2004-11-24,,2.9427,
2004-11-25,,2.9437,
2004-11-26,,2.9402,
2004-11-29,,2.9455,
2004-11-30,,2.951,
2004-12-01,,2.9418,
2004-12-02,,2.9537,
2004-12-03,,2.9715,
2004-12-06,,2.983,
2004-12-07,,2.9913,
2004-12-09,,2.9797,
2004-12-10,,2.9758,
2004-12-13,,2.9762,
2004-12-14,,2.9725,
2004-12-15,,2.9795,
2004-12-16,,2.9863,
2004-12-17,,2.9868,
2004-12-20,,2.9707,
2004-12-21,,2.9537,
2004-12-22,,2.9617,
2004-12-23,,2.9607,
2004-12-24,,2.955,
2004-12-27,,2.9583,
2004-12-28,,2.9682,
2004-12-29,,2.983,
2004-12-30,,2.977,
2004-12-31,,2.9738,
2005-01-03,,2.9653,
2005-01-04,,2.9705,
2005-01-05,,2.9712,
2005-01-06,,2.9718,
2005-01-07,,2.9653,
2005-01-10,,2.967,
2005-01-11,,2.9653,
2005-01-12,,2.9538,
2005-01-13,,2.9375,
2005-01-14,,2.9388,
2005-01-17,,2.9332,
2005-01-18,,2.9375,
2005-01-19,,2.9365,
2005-01-20,,2.9443,
2005-01-21,,2.9432,
2005-01-24,,2.9392,
2005-01-25,,2.9258,
2005-01-26,,2.9233,
2005-01-27,,2.9258,
2005-01-28,,2.926,
2005-01-31,,2.9253,
2005-02-01,,2.9202,
2005-02-02,,2.9243,
2005-02-03,,2.9213,
2005-02-04,,2.9177,
2005-02-07,,2.919,
2005-02-08,,2.915,
2005-02-09,,2.9087,
2005-02-10,,2.9087,
2005-02-11,,2.9122,
2005-02-14,,2.906,
2005-02-15,,2.9057,
2005-02-16,,2.8973,
2005-02-17,,2.8893,
2005-02-18,,2.905,
2005-02-21,,2.9105,
2005-02-22,,2.9155,
2005-02-23,,2.928,
2005-02-24,,2.9353,
2005-02-25,,2.9345,
2005-02-28,,2.9327,
2005-03-01,,2.9422,
2005-03-02,,2.9518,
2005-03-03,,2.9522,
2005-03-04,,2.9397,
2005-03-07,,2.9253,
2005-03-08,,2.9312,
2005-03-09,,2.9355,
2005-03-10,,2.9353,
2005-03-11,,2.9232,
2005-03-14,,2.9183,
2005-03-15,,2.9178,
2005-03-16,,2.923,
2005-03-17,,2.92,
2005-03-18,,2.9145,
2005-03-21,,2.9163,
2005-03-22,,2.9142,
2005-03-23,,2.9165,
2005-03-28,,2.9188,
2005-03-29,,2.9222,
2005-03-30,,2.9163,
2005-03-31,,2.9233,
2005-04-01,,2.9188,
2005-04-04,,2.9187,
2005-04-05,,2.9158,
2005-04-06,,2.9067,
2005-04-07,,2.8925,
2005-04-08,,2.8938,
2005-04-11,,2.8927,
2005-04-12,,2.8897,
2005-04-13,,2.8823,
2005-04-14,,2.8838,
2005-04-15,,2.8938,
2005-04-18,,2.9012,
2005-04-19,,2.8983,
2005-04-20,,2.9025,
2005-04-21,,2.9002,
2005-04-22,,2.9012,
2005-04-25,,2.9013,
2005-04-26,,2.9002,
2005-04-27,,2.8982,
2005-04-28,,2.9037,
2005-04-29,,2.9133,
2005-05-02,,2.904,
2005-05-03,,2.8968,
2005-05-04,,2.8963,
2005-05-05,,2.8957,
2005-05-06,,2.897,
2005-05-09,,2.897,
2005-05-10,,2.8917,
2005-05-11,,2.894,
2005-05-12,,2.8965,
2005-05-13,,2.8968,
2005-05-16,,2.8857,
2005-05-17,,2.885,
2005-05-18,,2.8873,
2005-05-19,,2.8843,
2005-05-20,,2.8875,
2005-05-23,,2.8862,
2005-05-24,,2.884,
2005-05-26,,2.8862,
2005-05-27,,2.885,
2005-05-30,,2.8852,
2005-05-31,,2.8877,
2005-06-01,,2.882,
2005-06-02,,2.8845,
2005-06-03,,2.8857,
2005-06-06,,2.8948,
2005-06-07,,2.8948,
2005-06-08,,2.8927,
2005-06-09,,2.8963,
2005-06-10,,2.893,
2005-06-13,,2.8902,
2005-06-14,,2.878,
2005-06-15,,2.8678,
2005-06-16,,2.875,
2005-06-17,,2.8725,
2005-06-21,,2.8703,
2005-06-22,,2.865,
2005-06-23,,2.8692,
2005-06-24,,2.879,
2005-06-27,,2.8845,
2005-06-28,,2.894,
2005-06-29,,2.8953,
2005-06-30,,2.8908,
2005-07-01,,2.8845,
2005-07-04,,2.8835,
2005-07-05,,2.8865,
2005-07-06,,2.884,
2005-07-07,,2.8802,
2005-07-08,,2.8723,
2005-07-11,,2.8633,
2005-07-12,,2.876,
2005-07-13,,2.8695,
2005-07-14,,2.8687,
2005-07-15,,2.862,
2005-07-18,,2.8682,
2005-07-19,,2.8622,
2005-07-20,,2.861,
2005-07-21,,2.8598,
2005-07-22,,2.8637,
2005-07-25,,2.8648,
2005-07-26,,2.8612,
2005-07-27,,2.8615,
2005-07-28,,2.8652,
2005-07-29,,2.8628,
2005-08-01,,2.8592,
2005-08-02,,2.8593,
2005-08-03,,2.86,
2005-08-04,,2.8613,
2005-08-05,,2.8645,
2005-08-08,,2.8677,
2005-08-09,,2.873,
2005-08-10,,2.8738,
2005-08-11,,2.8783,
2005-08-12,,2.882,
2005-08-16,,2.8865,
2005-08-17,,2.8928,
2005-08-18,,2.8957,
2005-08-19,,2.9072,
2005-08-22,,2.9065,
2005-08-23,,2.909,
2005-08-24,,2.9098,
2005-08-25,,2.9078,
2005-08-26,,2.9083,
2005-08-29,,2.9108,
2005-08-30,,2.9112,
2005-08-31,,2.9117,
2005-09-01,,2.9098,
2005-09-02,,2.9105,
2005-09-05,,2.9075,
2005-09-06,,2.9072,
2005-09-07,,2.9055,
2005-09-08,,2.9043,
2005-09-09,,2.9087,
2005-09-12,,2.9153,
2005-09-13,,2.9195,
2005-09-14,,2.9193,
2005-09-15,,2.9165,
2005-09-16,,2.9135,
2005-09-19,,2.9097,
2005-09-20,,2.914,
2005-09-21,,2.914,
2005-09-22,,2.9132,
2005-09-23,,2.9108,
2005-09-26,,2.9098,
2005-09-27,,2.9085,
2005-09-28,,2.9128,
2005-09-29,,2.9148,
2005-09-30,,2.9125,
2005-10-03,,2.9082,
2005-10-04,,2.9112,
2005-10-05,,2.9187,
2005-10-06,,2.9297,
2005-10-07,,2.9365,
2005-10-11,,2.9415,
2005-10-12,,2.9622,
2005-10-13,,2.9773,
2005-10-14,,2.9805,
2005-10-17,,2.968,
2005-10-18,,2.9667,
2005-10-19,,2.974,
2005-10-20,,2.9762,
2005-10-21,,2.9855,
2005-10-24,,2.9778,
2005-10-25,,2.979,
2005-10-26,,2.9952,
2005-10-27,,3.0125,
2005-10-28,,3.0105,
2005-10-31,,3.0097,
2005-11-01,,2.9952,
2005-11-02,,2.9927,
2005-11-03,,2.9837,
2005-11-04,,2.9842,
2005-11-07,,2.9763,
2005-11-08,,2.9668,
2005-11-09,,2.9638,
2005-11-10,,2.9732,
2005-11-11,,2.9693,
2005-11-14,,2.9653,
2005-11-15,,2.9598,
2005-11-16,,2.9483,
2005-11-17,,2.9477,
2005-11-18,,2.943,
2005-11-21,,2.9405,
2005-11-22,,2.9435,
2005-11-23,,2.9458,
2005-11-24,,2.9538,
2005-11-25,,2.9673,
2005-11-28,,2.9923,
2005-11-29,,2.9928,
2005-11-30,,2.9735,
2005-12-01,,2.97,
2005-12-02,,2.9765,
2005-12-05,,2.9885,
2005-12-06,,2.9983,
2005-12-07,,2.9878,
2005-12-09,,3.001,
2005-12-12,,3.0093,
2005-12-13,,3.0082,
2005-12-14,,2.999,
2005-12-15,,3.0065,
2005-12-16,,3.0523,
2005-12-19,,3.0427,
2005-12-20,,3.028,
2005-12-21,,3.0338,
2005-12-22,,3.031,
2005-12-23,,3.02,
2005-12-26,,3.0223,
2005-12-27,,3.0243,
2005-12-28,,3.041,
2005-12-29,,3.0315,
2005-12-30,,3.0315,
2005-12-31,,3.0315,
2006-01-02,,3.0305,0.0
2006-01-03,,3.0373,0.0
2006-01-04,,3.0417,0.0
2006-01-05,,3.0445,0.0
2006-01-06,,3.051,0.0
2006-01-09,,3.0632,0.0
2006-01-10,,3.0613,0.0
2006-01-11,,3.0522,0.0
2006-01-12,,3.0438,0.0
2006-01-13,,3.0407,0.0
2006-01-16,,3.0363,0.0
2006-01-17,,3.039,0.0
2006-01-18,,3.0477,0.0
2006-01-19,,3.0465,0.0
2006-01-20,,3.037,0.0
2006-01-23,,3.0357,0.0
2006-01-24,,3.0357,0.0
2006-01-25,,3.0415,0.0
2006-01-26,,3.0532,0.0
2006-01-27,,3.0535,0.0
2006-01-30,,3.0568,0.0
2006-01-31,,3.0637,0.0
2006-02-01,,3.0625,0.0
2006-02-02,,3.0678,0.0
2006-02-03,,3.0663,0.0
2006-02-06,,3.0643,0.0
2006-02-07,,3.0697,0.0
2006-02-08,,3.0757,0.0
2006-02-09,,3.0673,0.0
2006-02-10,,3.0635,0.0
2006-02-13,,3.0678,0.0
2006-02-14,,3.0702,0.0
2006-02-15,,3.0698,0.0
2006-02-16,,3.0675,0.0
2006-02-17,,3.0657,0.0
2006-02-20,,3.067,0.0
2006-02-21,,3.0672,0.0
2006-02-22,,3.0713,0.0
2006-02-23,,3.0723,0.0
2006-02-24,,3.0752,0.0
2006-02-27,,3.0742,0.0
2006-02-28,,3.0728,0.0
2006-03-01,,3.0698,0.0
2006-03-02,,3.065,0.0
2006-03-03,,3.068,0.0
2006-03-06,,3.0758,0.0
2006-03-07,,3.0792,0.0
2006-03-08,,3.0823,0.0
2006-03-09,,3.0797,0.0
2006-03-10,,3.0815,0.0
2006-03-13,,3.0817,0.0
2006-03-14,,3.0773,0.0
2006-03-15,,3.073,0.0
2006-03-16,,3.0715,0.0
2006-03-17,,3.073,0.0
2006-03-20,,3.0732,0.0
2006-03-21,,3.0748,0.0
2006-03-22,,3.0752,0.0
2006-03-23,,3.0753,0.0
2006-03-27,,3.0795,0.0
2006-03-28,,3.0845,0.0
2006-03-29,,3.0783,0.0
2006-03-30,,3.0798,0.0
2006-03-31,,3.0808,0.0
2006-04-03,,3.0818,0.0
2006-04-04,,3.0828,0.0
2006-04-05,,3.0807,0.0
2006-04-06,,3.0787,0.0
2006-04-07,,3.079,0.0
2006-04-10,,3.08,0.0
2006-04-11,,3.0788,0.0
2006-04-12,,3.077,0.0
2006-04-17,,3.077,0.0
2006-04-18,,3.0717,0.0
2006-04-19,,3.0687,0.0
2006-04-20,,3.0625,0.0
2006-04-21,,3.0573,0.0
2006-04-24,,3.0538,0.0
2006-04-25,,3.0418,0.0
2006-04-26,,3.0407,0.0
2006-04-27,,3.0367,0.0
2006-04-28,,3.0438,0.0
2006-05-02,,3.0442,0.0
2006-05-03,,3.0433,0.0
2006-05-04,,3.0383,0.0
2006-05-05,,3.0403,0.0
2006-05-08,,3.0387,0.0
2006-05-09,,3.0398,0.0
2006-05-10,,3.0407,0.0
2006-05-11,,3.0373,0.0
2006-05-12,,3.0367,0.0
2006-05-15,,3.0408,0.0
2006-05-16,,3.0402,0.0
2006-05-17,,3.0453,0.0
2006-05-18,,3.0517,0.0
2006-05-19,,3.055,0.0
2006-05-22,,3.0675,0.0
2006-05-23,,3.0687,0.0
2006-05-24,,3.0798,0.0
2006-05-26,,3.0697,0.0
2006-05-29,,3.0775,0.0
2006-05-30,,3.0808,0.0
2006-05-31,,3.0868,0.0
2006-06-01,,3.0803,0.0
2006-06-02,,3.076,0.0
2006-06-05,,3.078,0.0
2006-06-06,,3.0823,0.0
2006-06-07,,3.0805,0.0
2006-06-08,,3.0827,0.0
2006-06-09,,3.0813,0.0
2006-06-12,,3.0817,0.0
2006-06-13,,3.0822,0.0
2006-06-14,,3.081,0.0
2006-06-15,,3.0778,0.0
2006-06-16,,3.0785,0.0
2006-06-20,,3.0797,0.0
2006-06-21,,3.0767,0.0
2006-06-22,,3.0753,0.0
2006-06-23,,3.0805,0.0
2006-06-26,,3.0823,0.0
2006-06-27,,3.0885,0.0
2006-06-28,,3.0898,0.0
2006-06-29,,3.0867,0.0
2006-06-30,,3.0848,0.0
2006-07-03,,3.0845,0.0
2006-07-04,,3.0848,0.0
2006-07-05,,3.0858,0.0
2006-07-06,,3.0858,0.0
2006-07-07,,3.085,0.0
2006-07-10,,3.0865,0.0
2006-07-11,,3.0857,0.0
2006-07-12,,3.0823,0.0
2006-07-13,,3.0847,0.0
2006-07-14,,3.0843,0.0
2006-07-17,,3.0832,0.0
2006-07-18,,3.0818,0.0
2006-07-19,,3.0807,0.0
2006-07-20,,3.0803,0.0
2006-07-21,,3.0813,0.0
2006-07-24,,3.0818,0.0
2006-07-25,,3.0787,0.0
2006-07-26,,3.076,0.0
2006-07-27,,3.0752,0.0
2006-07-28,,3.078,0.0
2006-07-31,,3.0748,0.0
2006-08-01,,3.0708,0.0
2006-08-02,,3.0717,0.0
2006-08-03,,3.0705,0.0
2006-08-04,,3.0658,0.0
2006-08-07,,3.0705,0.0
2006-08-08,,3.0725,0.0
2006-08-09,,3.0698,0.0
2006-08-10,,3.0695,0.0
2006-08-11,,3.0692,0.0
2006-08-14,,3.0725,0.0
2006-08-15,,3.076,0.0
2006-08-16,,3.0768,0.0
2006-08-17,,3.0755,0.0
2006-08-18,,3.0812,0.0
2006-08-22,,3.0838,0.0
2006-08-23,,3.0858,0.0
2006-08-24,,3.086,0.0
2006-08-25,,3.0895,0.0
2006-08-28,,3.0953,0.0
2006-08-29,,3.093,0.0
2006-08-30,,3.0945,0.0
2006-08-31,,3.0972,0.0
2006-09-01,,3.0943,0.0
2006-09-04,,3.0948,0.0
2006-09-05,,3.0953,0.0
2006-09-06,,3.1003,0.0
2006-09-07,,3.1023,0.0
2006-09-08,,3.099,0.0
2006-09-11,,3.1015,0.0
2006-09-12,,3.105,0.0
2006-09-13,,3.1068,0.0
2006-09-14,,3.101,0.0
2006-09-15,,3.0983,0.0
2006-09-18,,3.0978,0.0
2006-09-19,,3.0972,0.0
2006-09-20,,3.0988,0.0
2006-09-21,,3.0995,0.0
2006-09-22,,3.0998,0.0
2006-09-25,,3.0982,0.0
2006-09-26,,3.1008,0.0
2006-09-27,,3.1032,0.0
2006-09-28,,3.1033,0.0
2006-09-29,,3.1043,0.0
2006-10-02,,3.1023,0.0
2006-10-03,,3.1033,0.0
2006-10-04,,3.1055,0.0
2006-10-05,,3.1042,0.0
2006-10-06,,3.1058,0.0
2006-10-09,,3.1062,0.0
2006-10-10,,3.106,0.0
2006-10-11,,3.1072,0.0
2006-10-12,,3.1052,0.0
2006-10-13,,3.1028,0.0
2006-10-17,,3.102,0.0
2006-10-18,,3.0957,0.0
2006-10-19,,3.09,0.0
2006-10-20,,3.091,0.0
2006-10-23,,3.0908,0.0
2006-10-24,,3.0897,0.0
2006-10-25,,3.092,0.0
2006-10-26,,3.0907,0.0
2006-10-27,,3.089,0.0
2006-10-30,,3.0953,0.0
2006-10-31,,3.0933,0.0
2006-11-01,,3.0887,0.0
2006-11-02,,3.0858,0.0
2006-11-03,,3.083,0.0
2006-11-07,,3.0803,0.0
2006-11-08,,3.0722,0.0
2006-11-09,,3.0687,0.0
2006-11-10,,3.071,0.0
2006-11-13,,3.076,0.0
2006-11-14,,3.0753,0.0
2006-11-15,,3.0692,0.0
2006-11-16,,3.068,0.0
2006-11-17,,3.0732,0.0
2006-11-20,,3.0738,0.0
2006-11-21,,3.079,0.0
2006-11-22,,3.0785,0.0
2006-11-23,,3.0727,0.0
2006-11-24,,3.0735,0.0
2006-11-27,,3.077,0.0
2006-11-28,,3.079,0.0
2006-11-29,,3.0763,0.0
2006-11-30,,3.0693,0.0
2006-12-01,,3.066,0.0
2006-12-04,,3.063,0.0
2006-12-05,,3.0563,0.0
2006-12-06,,3.0562,0.0
2006-12-07,,3.0593,0.0
2006-12-11,,3.0607,0.0
2006-12-12,,3.0562,0.0
2006-12-13,,3.0557,0.0
2006-12-14,,3.0578,0.0
2006-12-15,,3.0573,0.0
2006-12-18,,3.0568,0.0
2006-12-19,,3.0578,0.0
2006-12-20,,3.053,0.0
2006-12-21,,3.0492,0.0
2006-12-22,,3.0517,0.0
2006-12-26,,3.0662,0.0
2006-12-27,,3.0792,0.0
2006-12-28,,3.0732,0.0
2006-12-29,,3.0695,0.0
2007-01-02,,3.0577,0.0
2007-01-03,,3.0553,0.0
2007-01-04,,3.07,0.0
2007-01-05,,3.0772,0.0
2007-01-08,,3.0802,0.0
2007-01-09,,3.0832,0.0
2007-01-10,,3.084,0.0
2007-01-11,,3.0805,0.0
2007-01-12,,3.0812,0.0
2007-01-15,,3.0788,0.0
2007-01-16,,3.0805,0.0
2007-01-17,,3.0782,0.0
2007-01-18,,3.0793,0.0
2007-01-19,,3.0845,0.0
2007-01-22,,3.0883,0.0
2007-01-23,,3.0972,0.0
2007-01-24,,3.0975,0.0
2007-01-25,,3.0948,0.0
2007-01-26,,3.1032,0.0
2007-01-29,,3.1068,0.0
2007-01-30,,3.1062,0.0
2007-01-31,,3.1063,0.0
2007-02-01,,3.104,0.0
2007-02-02,,3.0988,0.0
2007-02-05,,3.1002,0.0
2007-02-06,,3.1033,0.0
2007-02-07,,3.1008,0.0
2007-02-08,,3.1045,0.0
2007-02-09,,3.1045,0.0
2007-02-12,,3.1058,0.0
2007-02-13,,3.1008,0.0
2007-02-14,,3.0995,0.0
2007-02-15,,3.0975,0.0
2007-02-16,,3.1035,0.0
2007-02-19,,3.1035,0.0
2007-02-20,,3.1045,0.0
2007-02-21,,3.1038,0.0
2007-02-22,,3.1047,0.0
2007-02-23,,3.1038,0.0
2007-02-26,,3.104,0.0
2007-02-27,,3.104,0.0
2007-02-28,,3.101,0.0
2007-03-01,,3.1002,0.0
2007-03-02,,3.0963,0.0
2007-03-05,,3.1015,0.0
2007-03-06,,3.101,0.0
2007-03-07,,3.1033,0.0
2007-03-08,,3.1038,0.0
2007-03-09,,3.104,0.0
2007-03-12,,3.1047,0.0
2007-03-13,,3.1023,0.0
2007-03-14,,3.0987,0.0
2007-03-15,,3.0975,0.0
2007-03-16,,3.097,0.0
2007-03-19,,3.0995,0.0
2007-03-20,,3.1,0.0
2007-03-21,,3.0997,0.0
2007-03-22,,3.0988,0.0
2007-03-23,,3.0988,0.0
2007-03-26,,3.102,0.0
2007-03-27,,3.1058,0.0
2007-03-28,,3.106,0.0
2007-03-29,,3.1013,0.0
2007-03-30,,3.1007,0.0
2007-04-03,,3.1007,0.0
2007-04-04,,3.1008,0.0
2007-04-09,,3.0968,0.0
2007-04-10,,3.0945,0.0
2007-04-11,,3.0918,0.0
2007-04-12,,3.0855,0.0
2007-04-13,,3.089,0.0
2007-04-16,,3.0885,0.0
2007-04-17,,3.0835,0.0
2007-04-18,,3.0808,0.0
2007-04-19,,3.0865,0.0
2007-04-20,,3.087,0.0
2007-04-23,,3.0862,0.0
2007-04-24,,3.0808,0.0
2007-04-25,,3.0838,0.0
2007-04-26,,3.0868,0.0
2007-04-27,,3.0902,0.0
2007-04-30,,3.0898,0.0
2007-05-02,,3.0848,0.0
2007-05-03,,3.0852,0.0
2007-05-04,,3.0825,0.0
2007-05-07,,3.0805,0.0
2007-05-08,,3.0805,0.0
2007-05-09,,3.0782,0.0
2007-05-10,,3.0795,0.0
2007-05-11,,3.0807,0.0
2007-05-14,,3.0805,0.0
2007-05-15,,3.0748,0.0
2007-05-16,,3.0755,0.0
2007-05-17,,3.0763,0.0
2007-05-18,,3.078,0.0
2007-05-21,,3.0765,0.0
2007-05-22,,3.0727,0.0
2007-05-23,,3.0825,0.0
2007-05-24,,3.0848,0.0
2007-05-28,,3.084,0.0
2007-05-29,,3.0828,0.0
2007-05-30,,3.0815,0.0
2007-05-31,,3.0785,0.0
2007-06-01,,3.0748,0.0
2007-06-04,,3.0727,0.0
2007-06-05,,3.073,0.0
2007-06-06,,3.0765,0.0
2007-06-07,,3.0773,0.0
2007-06-08,,3.078,0.0
2007-06-11,,3.0747,0.0
2007-06-12,,3.0762,0.0
2007-06-13,,3.0752,0.0
2007-06-14,,3.0738,0.0
2007-06-15,,3.0722,0.0
2007-06-19,,3.0748,0.0
2007-06-20,,3.0777,0.0
2007-06-21,,3.0808,0.0
2007-06-22,,3.0825,0.0
2007-06-25,,3.0832,0.0
2007-06-26,,3.0882,0.0
2007-06-27,,3.0932,0.0
2007-06-28,,3.0897,0.0
2007-06-29,,3.0908,0.0
2007-07-02,,3.0918,0.0
2007-07-03,,3.0917,0.0
2007-07-04,,3.0915,0.0
2007-07-05,,3.0995,0.0
2007-07-06,,3.1048,0.0
2007-07-10,,3.1058,0.0
2007-07-11,,3.1022,0.0
2007-07-12,,3.1002,0.0
2007-07-13,,3.0998,0.0
2007-07-16,,3.1003,0.0
2007-07-17,,3.1028,0.0
2007-07-18,,3.1023,0.0
2007-07-19,,3.103,0.0
2007-07-20,,3.1082,0.0
2007-07-23,,3.1233,0.0
2007-07-24,,3.1382,0.0
2007-07-25,,3.1713,0.0
2007-07-26,,3.1457,0.0
2007-07-27,,3.1223,0.0
2007-07-30,,3.12,0.0
2007-07-31,,3.1195,0.0
2007-08-01,,3.1317,0.0
2007-08-02,,3.1325,0.0
2007-08-03,,3.1403,0.0
2007-08-06,,3.1413,0.0
2007-08-07,,3.1415,0.0
2007-08-08,,3.1352,0.0
2007-08-09,,3.1413,0.0
2007-08-10,,3.148,0.0
2007-08-13,,3.1427,0.0
2007-08-14,,3.145,0.0
2007-08-15,,3.1508,0.0
2007-08-16,,3.1658,0.0
2007-08-17,,3.153,0.0
2007-08-21,,3.1585,0.0
2007-08-22,,3.1645,0.0
2007-08-23,,3.1712,0.0
2007-08-24,,3.173,0.0
2007-08-27,,3.1695,0.0
2007-08-28,,3.1677,0.0
2007-08-29,,3.1628,0.0
2007-08-30,,3.1598,0.0
2007-08-31,,3.1558,0.0
2007-09-03,,3.1585,0.0
2007-09-04,,3.1625,0.0
2007-09-05,,3.1652,0.0
2007-09-06,,3.1627,0.0
2007-09-07,,3.1628,0.0
2007-09-10,,3.1615,0.0
2007-09-11,,3.1518,0.0
2007-09-12,,3.1405,0.0
2007-09-13,,3.1327,0.0
2007-09-14,,3.1325,0.0
2007-09-17,,3.1352,0.0
2007-09-18,,3.1355,0.0
2007-09-19,,3.1318,0.0
2007-09-20,,3.1345,0.0
2007-09-21,,3.1428,0.0
2007-09-24,,3.1473,0.0
2007-09-25,,3.1458,0.0
2007-09-26,,3.1462,0.0
2007-09-27,,3.1498,0.0
2007-09-28,,3.1495,0.0
2007-10-01,,3.1497,0.0
2007-10-02,,3.147,0.0
2007-10-03,,3.1497,0.0
2007-10-04,,3.1545,0.0
2007-10-05,,3.155,0.0
2007-10-08,,3.1592,0.0
2007-10-09,,3.161,0.0
2007-10-10,,3.1613,0.0
2007-10-11,,3.1575,0.0
2007-10-12,,3.157,0.0
2007-10-16,,3.1625,0.0
2007-10-17,,3.1593,0.0
2007-10-18,,3.1628,0.0
2007-10-19,,3.164,0.0
2007-10-22,,3.1682,0.0
2007-10-23,,3.1708,0.0
2007-10-24,,3.1778,0.0
2007-10-25,,3.1797,0.0
2007-10-26,,3.1743,0.0
2007-10-29,,3.1613,0.0
2007-10-30,,3.1495,0.0
2007-10-31,,3.1477,0.0
2007-11-01,,3.1395,0.0
2007-11-02,,3.131,0.0
2007-11-05,,3.1307,0.0
2007-11-07,,3.1313,0.0
2007-11-08,,3.1242,0.0
2007-11-09,,3.1315,0.0
2007-11-12,,3.1303,0.0
2007-11-13,,3.1347,0.0
2007-11-14,,3.131,0.0
2007-11-15,,3.1268,0.0
2007-11-16,,3.1288,0.0
2007-11-19,,3.132,0.0
2007-11-20,,3.129,0.0
2007-11-21,,3.1373,0.0
2007-11-22,,3.1407,0.0
2007-11-23,,3.1438,0.0
2007-11-26,,3.1438,0.0
2007-11-27,,3.1462,0.0
2007-11-28,,3.1482,0.0
2007-11-29,,3.1492,0.0
2007-11-30,,3.1442,0.0
2007-12-03,,3.1407,0.0
2007-12-04,,3.1372,0.0
2007-12-05,,3.1318,0.0
2007-12-06,,3.1335,0.0
2007-12-07,,3.1343,0.0
2007-12-10,,3.1398,0.0
2007-12-11,,3.1393,0.0
2007-12-12,,3.1388,0.0
2007-12-13,,3.1408,0.0
2007-12-14,,3.1445,0.0
2007-12-17,,3.1447,0.0
2007-12-18,,3.1385,0.0
2007-12-19,,3.1353,0.0
2007-12-20,,3.1345,0.0
2007-12-21,,3.1373,0.0
2007-12-26,,3.1442,0.0
2007-12-27,,3.1475,0.0
2007-12-28,,3.151,0.0
2008-01-02,,3.1473,0.0
2008-01-03,,3.1422,0.0
2008-01-04,,3.1415,0.0
2008-01-07,,3.137,0.0
2008-01-08,,3.1318,0.0
2008-01-09,,3.1287,0.0
2008-01-10,,3.1285,0.0
2008-01-11,,3.1282,0.0
2008-01-14,,3.1312,0.0
2008-01-15,,3.1407,0.0
2008-01-16,,3.1413,0.0
2008-01-17,,3.148,0.0
2008-01-18,,3.1525,0.0
2008-01-21,,3.1575,0.0
2008-01-22,,3.1568,0.0
2008-01-23,,3.157,0.0
2008-01-24,,3.1538,0.0
2008-01-25,,3.1465,0.0
2008-01-28,,3.1507,0.0
2008-01-29,,3.1473,0.0
2008-01-30,,3.153,0.0
2008-01-31,,3.1557,0.0
2008-02-01,,3.1527,0.0
2008-02-04,,3.1527,0.0
2008-02-05,,3.1588,0.0
2008-02-06,,3.1682,0.0
2008-02-07,,3.167,0.0
2008-02-08,,3.1695,0.0
2008-02-11,,3.1677,0.0
2008-02-12,,3.1637,0.0
2008-02-13,,3.1608,0.0
2008-02-14,,3.1542,0.0
2008-02-15,,3.1537,0.0
2008-02-18,,3.1535,0.0
2008-02-19,,3.1538,0.0
2008-02-20,,3.1548,0.0
2008-02-21,,3.1505,0.0
2008-02-22,,3.1528,0.0
2008-02-25,,3.1572,0.0
2008-02-26,,3.1595,0.0
2008-02-27,,3.1573,0.0
2008-02-28,,3.1575,0.0
2008-02-29,,3.1587,0.0
2008-03-03,,3.1608,0.0
2008-03-04,,3.155,0.0
2008-03-05,,3.1518,0.0
2008-03-06,,3.1525,0.0
2008-03-07,,3.1535,0.0
2008-03-10,,3.1572,0.0
2008-03-11,,3.153,0.0
2008-03-12,,3.1527,0.0
2008-03-13,,3.1502,0.0
2008-03-14,,3.1448,0.0
2008-03-17,,3.1503,0.0
2008-03-18,,3.147,0.0
2008-03-19,,3.1497,0.0
2008-03-25,,3.1615,0.0
2008-03-26,,3.1688,0.0
2008-03-27,,3.1672,0.0
2008-03-28,,3.1638,0.0
2008-03-31,,3.1653,0.0
2008-04-01,,3.1668,0.0
2008-04-03,,3.1625,0.0
2008-04-04,,3.1625,0.0
2008-04-07,,3.16,0.0
2008-04-08,,3.1578,0.0
2008-04-09,,3.1585,0.0
2008-04-10,,3.1573,0.0
2008-04-11,,3.152,0.0
2008-04-14,,3.1527,0.0
2008-04-15,,3.1553,0.0
2008-04-16,,3.1633,0.0
2008-04-17,,3.1692,0.0
2008-04-18,,3.1698,0.0
2008-04-21,,3.1732,0.0
2008-04-22,,3.1845,0.0
2008-04-23,,3.1825,0.0
2008-04-24,,3.1833,0.0
2008-04-25,,3.1815,0.0
2008-04-28,,3.1707,0.0
2008-04-29,,3.1705,0.0
2008-04-30,,3.1635,0.0
2008-05-02,,3.1683,0.0
2008-05-05,,3.1725,0.0
2008-05-06,,3.1758,0.0
2008-05-07,,3.1805,0.0
2008-05-08,,3.1812,0.0
2008-05-09,,3.1752,0.0
2008-05-12,,3.1773,0.0
2008-05-13,,3.174,0.0
2008-05-14,,3.1615,0.0
2008-05-15,,3.1608,0.0
2008-05-16,,3.1577,0.0
2008-05-19,,3.1443,0.0
2008-05-20,,3.1438,0.0
2008-05-21,,3.1342,0.0
2008-05-22,,3.1327,0.0
2008-05-23,,3.135,0.0
2008-05-26,,3.139,0.0
2008-05-27,,3.1335,0.0
2008-05-28,,3.1175,0.0
2008-05-29,,3.1105,0.0
2008-05-30,,3.0978,0.0
2008-06-02,,3.0932,0.0
2008-06-03,,3.0725,0.0
2008-06-04,,3.06,0.0
2008-06-05,,3.0612,0.0
2008-06-06,,3.0565,0.0
2008-06-09,,3.0588,0.0
2008-06-10,,3.0635,0.0
2008-06-11,,3.0612,0.0
2008-06-12,,3.0527,0.0
2008-06-13,,3.0523,0.0
2008-06-17,,3.0343,0.0
2008-06-18,,3.0305,0.0
2008-06-19,,3.0272,0.0
2008-06-20,,3.024,0.0
2008-06-23,,3.0202,0.0
2008-06-24,,3.0128,0.0
2008-06-25,,3.015,0.0
2008-06-26,,3.0222,0.0
2008-06-27,,3.0247,0.0
2008-06-30,,3.0242,0.0
2008-07-01,,3.0242,0.0
2008-07-02,,3.0198,0.0
2008-07-03,,3.0267,0.0
2008-07-04,,3.0288,0.0
2008-07-07,,3.0195,0.0
2008-07-08,,3.0143,0.0
2008-07-10,,3.0158,0.0
2008-07-11,,3.0212,0.0
2008-07-14,,3.0255,0.0
2008-07-15,,3.0227,0.0
2008-07-16,,3.0255,0.0
2008-07-17,,3.022,0.0
2008-07-18,,3.0238,0.0
2008-07-21,,3.0238,0.0
2008-07-22,,3.0252,0.0
2008-07-23,,3.0222,0.0
2008-07-24,,3.0153,0.0
2008-07-25,,3.0173,0.0
2008-07-28,,3.0185,0.0
2008-07-29,,3.0232,0.0
2008-07-30,,3.0258,0.0
2008-07-31,,3.0305,0.0
2008-08-01,,3.04,0.0
2008-08-04,,3.0378,0.0
2008-08-05,,3.0395,0.0
2008-08-06,,3.0432,0.0
2008-08-07,,3.0462,0.0
2008-08-08,,3.0522,0.0
2008-08-11,,3.0435,0.0
2008-08-12,,3.0338,0.0
2008-08-13,,3.0353,0.0
2008-08-14,,3.0285,0.0
2008-08-15,,3.0285,0.0
2008-08-19,,3.029,0.0
2008-08-20,,3.027,0.0
2008-08-21,,3.0253,0.0
2008-08-22,,3.0228,0.0
2008-08-25,,3.0238,0.0
2008-08-26,,3.026,0.0
2008-08-27,,3.0278,0.0
2008-08-28,,3.0265,0.0
2008-08-29,,3.0288,0.0
2008-09-01,,3.0305,0.0
2008-09-02,,3.0317,0.0
2008-09-03,,3.0462,0.0
2008-09-04,,3.0392,0.0
2008-09-05,,3.0388,0.0
2008-09-08,,3.0415,0.0
2008-09-09,,3.0548,0.0
2008-09-10,,3.068,0.0
2008-09-11,,3.0867,0.0
2008-09-12,,3.0802,0.0
2008-09-15,,3.0877,0.0
2008-09-16,,3.0945,0.0
2008-09-17,,3.0997,0.0
2008-09-18,,3.113,0.0
2008-09-19,,3.1058,0.0
2008-09-22,,3.1135,0.0
2008-09-23,,3.1027,0.0
2008-09-24,,3.1022,0.0
2008-09-25,,3.1095,0.0
2008-09-26,,3.1158,0.0
2008-09-29,,3.1198,0.0
2008-09-30,,3.1302,0.0
2008-10-01,,3.135,0.0
2008-10-02,,3.1395,0.0
2008-10-03,,3.1615,0.0
2008-10-06,,3.195,0.0
2008-10-07,,3.2115,0.0
2008-10-08,,3.2222,0.0
2008-10-09,,3.2268,0.0
2008-10-10,,3.2552,0.0
2008-10-14,,3.2062,0.0
2008-10-15,,3.2013,0.0
2008-10-16,,3.2037,0.0
2008-10-17,,3.207,0.0
2008-10-20,,3.2178,0.0
2008-10-21,,3.2235,0.0
2008-10-22,,3.2163,0.0
2008-10-23,,3.2425,0.0
2008-10-24,,3.2645,0.0
2008-10-27,,3.2878,0.0
2008-10-28,,3.3088,0.0
2008-10-29,,3.3797,0.0
2008-10-30,,3.3627,0.0
2008-10-31,,3.379,0.0
2008-11-03,,3.38,0.0
2008-11-04,,3.3687,0.0
2008-11-05,,3.3042,0.0
2008-11-07,,3.3093,0.0
2008-11-10,,3.3033,0.0
2008-11-11,,3.2993,0.0
2008-11-12,,3.302,0.0
2008-11-13,,3.3083,0.0
2008-11-14,,3.3107,0.0
2008-11-17,,3.3177,0.0
2008-11-18,,3.3175,0.0
2008-11-19,,3.3268,0.0
2008-11-20,,3.3282,0.0
2008-11-21,,3.3328,0.0
2008-11-24,,3.3368,0.0
2008-11-25,,3.339,0.0
2008-11-26,,3.3455,0.0
2008-11-27,,3.3552,0.0
2008-11-28,,3.369,0.0
2008-12-01,,3.3763,0.0
2008-12-02,,3.392,0.0
2008-12-03,,3.4042,0.0
2008-12-04,,3.4277,0.0
2008-12-05,,3.4488,0.0
2008-12-09,,3.4417,0.0
2008-12-10,,3.4202,0.0
2008-12-11,,3.4132,0.0
2008-12-12,,3.4165,0.0
2008-12-15,,3.4307,0.0
2008-12-16,,3.4183,0.0
2008-12-17,,3.3998,0.0
2008-12-18,,3.409,0.0
2008-12-19,,3.4062,0.0
2008-12-22,,3.4182,0.0
2008-12-23,,3.4292,0.0
2008-12-24,,3.4363,0.0
2008-12-26,,3.442,0.0
2008-12-29,,3.4415,0.0
2008-12-30,,3.4498,0.0
2008-12-31,,3.4537,0.0
2009-01-02,,3.4543,0.0
2009-01-05,,3.4603,0.0
2009-01-06,,3.4502,0.0
2009-01-07,,3.4568,0.0
2009-01-08,,3.4547,0.0
2009-01-09,,3.4497,0.0
2009-01-12,,3.45,0.0
2009-01-13,,3.4505,0.0
2009-01-14,,3.451,0.0
2009-01-15,,3.4525,0.0
2009-01-16,,3.4548,0.0
2009-01-19,,3.4572,0.0
2009-01-20,,3.4585,0.0
2009-01-21,,3.4653,0.0
2009-01-22,,3.4735,0.0
2009-01-23,,3.478,0.0
2009-01-26,,3.4842,0.0
2009-01-27,,3.4823,0.0
2009-01-28,,3.4855,0.0
2009-01-29,,3.4875,0.0
2009-01-30,,3.4875,0.0
2009-02-02,,3.4888,0.0
2009-02-03,,3.496,0.0
2009-02-04,,3.4957,0.0
2009-02-05,,3.487,0.0
2009-02-06,,3.486,0.0
2009-02-09,,3.4877,0.0
2009-02-10,,3.488,0.0
2009-02-11,,3.4868,0.0
2009-02-12,,3.493,0.0
2009-02-13,,3.493,0.0
2009-02-16,,3.4972,0.0
2009-02-17,,3.5002,0.0
2009-02-18,,3.5077,0.0
2009-02-19,,3.5218,0.0
2009-02-20,,3.5378,0.0
2009-02-23,,3.5443,0.0
2009-02-24,,3.5518,0.0
2009-02-25,,3.553,0.0
2009-02-26,,3.555,0.0
2009-02-27,,3.5595,0.0
2009-03-02,,3.5905,0.0
2009-03-03,,3.6138,0.0
2009-03-04,,3.6143,0.0
2009-03-05,,3.6245,0.0
2009-03-06,,3.6283,0.0
2009-03-09,,3.6377,0.0
2009-03-10,,3.6388,0.0
2009-03-11,,3.64,0.0
2009-03-12,,3.647,0.0
2009-03-13,,3.6495,0.0
2009-03-16,,3.6497,0.0
2009-03-17,,3.6467,0.0
2009-03-18,,3.6527,0.0
2009-03-19,,3.6555,0.0
2009-03-20,,3.6547,0.0
2009-03-23,,3.6717,0.0
2009-03-25,,3.6858,0.0
2009-03-26,,3.6917,0.0
2009-03-27,,3.7103,0.0
2009-03-30,,3.7167,0.0
2009-03-31,,3.7135,0.0
2009-04-01,,3.7185,0.0
2009-04-03,,3.7017,0.0
2009-04-06,,3.6848,0.0
2009-04-07,,3.6738,0.0
2009-04-08,,3.678,0.0
2009-04-13,,3.6777,0.0
2009-04-14,,3.6823,0.0
2009-04-15,,3.6772,0.0
2009-04-16,,3.676,0.0
2009-04-17,,3.6798,0.0
2009-04-20,,3.6868,0.0
2009-04-21,,3.6925,0.0
2009-04-22,,3.6967,0.0
2009-04-23,,3.698,0.0
2009-04-24,,3.6967,0.0
2009-04-27,,3.7012,0.0
2009-04-28,,3.7118,0.0
2009-04-29,,3.7208,0.0
2009-04-30,,3.7198,0.0
2009-05-04,,3.6928,0.0
2009-05-05,,3.6945,0.0
2009-05-06,,3.7022,0.0
2009-05-07,,3.7152,0.0
2009-05-08,,3.7198,0.0
2009-05-11,,3.7187,0.0
2009-05-12,,3.72,0.0
2009-05-13,,3.7225,0.0
2009-05-14,,3.7263,0.0
2009-05-15,,3.729,0.0
2009-05-18,,3.7288,0.0
2009-05-19,,3.7268,0.0
2009-05-20,,3.73,0.0
2009-05-21,,3.7348,0.0
2009-05-22,,3.7378,0.0
2009-05-26,,3.7398,0.0
2009-05-27,,3.7392,0.0
2009-05-28,,3.7403,0.0
2009-05-29,,3.7465,0.0
2009-06-01,,3.7468,0.0
2009-06-02,,3.7432,0.0
2009-06-03,,3.7427,0.0
2009-06-04,,3.7432,0.0
2009-06-05,,3.7473,0.0
2009-06-08,,3.757,0.0
2009-06-09,,3.7595,0.0
2009-06-10,,3.7587,0.0
2009-06-11,,3.7615,0.0
2009-06-12,,3.763,0.0
2009-06-16,,3.7672,0.0
2009-06-17,,3.7667,0.0
2009-06-18,,3.7678,0.0
2009-06-19,,3.7708,0.0
2009-06-22,,3.7792,0.0
2009-06-23,,3.7857,0.0
2009-06-24,,3.7893,0.0
2009-06-25,,3.7955,0.0
2009-06-26,,3.8008,0.0
2009-06-29,,3.7897,0.0
2009-06-30,,3.7952,0.0
2009-07-01,,3.7983,0.0
2009-07-02,,3.7998,0.0
2009-07-03,,3.8015,0.0
2009-07-06,,3.8055,0.0
2009-07-07,,3.804,0.0
2009-07-08,,3.809,0.0
2009-07-13,,3.811,0.0
2009-07-14,,3.807,0.0
2009-07-15,,3.8062,0.0
2009-07-16,,3.8077,0.0
2009-07-17,,3.8075,0.0
2009-07-20,,3.8078,0.0
2009-07-21,,3.8083,0.0
2009-07-22,,3.8078,0.0
2009-07-23,,3.8088,0.0
2009-07-24,,3.809,0.0
2009-07-27,,3.8103,0.0
2009-07-28,,3.8132,0.0
2009-07-29,,3.8207,0.0
2009-07-30,,3.8305,0.0
2009-07-31,,3.8305,0.0
2009-08-03,,3.8272,0.0
2009-08-04,,3.8223,0.0
2009-08-05,,3.8245,0.0
2009-08-06,,3.8247,0.0
2009-08-07,,3.826,0.0
2009-08-10,,3.8277,0.0
2009-08-11,,3.8303,0.0
2009-08-12,,3.8325,0.0
2009-08-13,,3.8358,0.0
2009-08-14,,3.8398,0.0
2009-08-18,,3.8445,0.0
2009-08-19,,3.8478,0.0
2009-08-20,,3.8492,0.0
2009-08-21,,3.8503,0.0
2009-08-24,,3.8508,0.0
2009-08-25,,3.8512,0.0
2009-08-26,,3.8498,0.0
2009-08-27,,3.8488,0.0
2009-08-28,,3.8478,0.0
2009-08-31,,3.8525,0.0
2009-09-01,,3.847,0.0
2009-09-02,,3.8455,0.0
2009-09-03,,3.8462,0.0
2009-09-04,,3.8468,0.0
2009-09-07,,3.849,0.0
2009-09-08,,3.8497,0.0
2009-09-09,,3.8533,0.0
2009-09-10,,3.8542,0.0
2009-09-11,,3.8545,0.0
2009-09-14,,3.8523,0.0
2009-09-15,,3.8322,0.0
2009-09-16,,3.8275,0.0
2009-09-17,,3.8292,0.0
2009-09-18,,3.836,0.0
2009-09-21,,3.8378,0.0
2009-09-22,,3.8338,0.0
2009-09-23,,3.8377,0.0
2009-09-24,,3.8352,0.0
2009-09-25,,3.8385,0.0
2009-09-28,,3.8398,0.0
2009-09-29,,3.8432,0.0
2009-09-30,,3.8427,0.0
2009-10-01,,3.8417,0.0
2009-10-02,,3.8452,0.0
2009-10-05,,3.8405,0.0
2009-10-06,,3.8345,0.0
2009-10-07,,3.8343,0.0
2009-10-08,,3.8333,0.0
2009-10-09,,3.8298,0.0
2009-10-13,,3.824,0.0
2009-10-14,,3.8222,0.0
2009-10-15,,3.82,0.0
2009-10-16,,3.8193,0.0
2009-10-19,,3.8212,0.0
2009-10-20,,3.821,0.0
2009-10-21,,3.8203,0.0
2009-10-22,,3.822,0.0
2009-10-23,,3.8202,0.0
2009-10-26,,3.8198,0.0
2009-10-27,,3.8208,0.0
2009-10-28,,3.8205,0.0
2009-10-29,,3.8208,0.0
2009-10-30,,3.819,0.0
2009-11-02,,3.8192,0.0
2009-11-03,,3.8192,0.0
2009-11-04,,3.8172,0.0
2009-11-05,,3.8175,0.0
2009-11-09,,3.8165,0.0
2009-11-10,,3.8155,0.0
2009-11-11,,3.8135,0.0
2009-11-12,,3.8123,0.0
2009-11-13,,3.8142,0.0
2009-11-16,,3.8145,0.0
2009-11-17,,3.8155,0.0
2009-11-18,,3.8122,0.0
2009-11-19,,3.8052,0.0
2009-11-20,,3.8013,0.0
2009-11-23,,3.7988,0.0
2009-11-24,,3.7995,0.0
2009-11-25,,3.8033,0.0
2009-11-26,,3.8052,0.0
2009-11-27,,3.8082,0.0
2009-11-30,,3.8102,0.0
2009-12-01,,3.8108,0.0
2009-12-02,,3.8123,0.0
2009-12-03,,3.8107,0.0
2009-12-04,,3.8072,0.0
2009-12-07,,3.8065,0.0
2009-12-09,,3.8008,0.0
2009-12-10,,3.8015,0.0
2009-12-11,,3.8002,0.0
2009-12-14,,3.8068,0.0
2009-12-15,,3.8153,0.0
2009-12-16,,3.8108,0.0
2009-12-17,,3.813,0.0
2009-12-18,,3.8205,0.0
2009-12-21,,3.8127,0.0
2009-12-22,,3.8063,0.0
2009-12-23,,3.7957,0.0
2009-12-24,,3.7937,0.0
2009-12-28,,3.792,0.0
2009-12-29,,3.8157,0.0
2009-12-30,,3.8182,0.0
2009-12-31,,3.7967,0.0
2010-01-04,,3.7975,0.0
2010-01-05,,3.7978,0.0
2010-01-06,,3.8105,0.0
2010-01-07,,3.803,0.0
2010-01-08,,3.8013,0.0
2010-01-11,,3.7968,0.0
2010-01-12,,3.7942,0.0
2010-01-13,,3.797,0.0
2010-01-14,,3.7965,0.0
2010-01-15,,3.7988,0.0
2010-01-18,,3.7975,0.0
2010-01-19,,3.8008,0.0
2010-01-20,,3.8013,0.0
2010-01-21,,3.8062,0.0
2010-01-22,,3.811,0.0
2010-01-25,,3.8058,0.0
2010-01-26,,3.8098,0.0
2010-01-27,,3.817,0.0
2010-01-28,,3.8173,0.0
2010-01-29,,3.823,0.0
2010-02-01,,3.8407,0.0
2010-02-02,,3.831,0.0
2010-02-03,,3.8332,0.0
2010-02-04,,3.841,0.0
2010-02-05,,3.8447,0.0
2010-02-08,,3.8407,0.0
2010-02-09,,3.8427,0.0
2010-02-10,,3.8458,0.0
2010-02-11,,3.8502,0.0
2010-02-12,,3.8537,0.0
2010-02-15,,3.8577,0.0
2010-02-16,,3.8612,0.0
2010-02-17,,3.8557,0.0
2010-02-18,,3.8582,0.0
2010-02-19,,3.8587,0.0
2010-02-22,3.91,3.8608,0.0127434728553668
2010-02-23,,3.8677,0.0127434728553668
2010-02-24,,3.8595,0.0127434728553668
2010-02-25,,3.8617,0.0127434728553668
2010-02-26,3.93,3.8598,0.0181874708534122
2010-03-01,,3.8597,0.0181874708534122
2010-03-02,,3.8578,0.0181874708534122
2010-03-03,,3.8543,0.0181874708534122
2010-03-04,,3.8563,0.0181874708534122
2010-03-05,,3.8573,0.0181874708534122
2010-03-08,,3.8595,0.0181874708534122
2010-03-09,3.89,3.8618,0.007302294266922
2010-03-10,,3.8615,0.007302294266922
2010-03-11,,3.8588,0.007302294266922
2010-03-12,3.9,3.8597,0.0104412260020207
2010-03-15,,3.8618,0.0104412260020207
2010-03-16,3.91,3.8628,0.0122191156673916
2010-03-17,3.92,3.8613,0.0152021339963224
2010-03-18,,3.8622,0.0152021339963224
2010-03-19,,3.8628,0.0152021339963224
2010-03-22,,3.8638,0.0152021339963224
2010-03-23,,3.8635,0.0152021339963224
2010-03-25,3.85,3.8658,-0.0040871229758394
2010-03-26,,3.8672,-0.0040871229758394
2010-03-29,,3.8713,-0.0040871229758394
2010-03-30,,3.8748,-0.0040871229758394
2010-03-31,,3.8763,-0.0040871229758394
2010-04-05,,3.8768,-0.0040871229758394
2010-04-06,,3.8788,-0.0040871229758394
2010-04-07,,3.8798,-0.0040871229758394
2010-04-08,,3.8758,-0.0040871229758394
2010-04-09,3.87,3.8745,-0.0011614401858303
2010-04-12,3.9,3.8775,0.0058027079303675
2010-04-13,3.87,3.8808,-0.0027829313543598
2010-04-14,,3.879,-0.0027829313543598
2010-04-15,,3.8748,-0.0027829313543598
2010-04-16,,3.8717,-0.0027829313543598
2010-04-19,3.87,3.8682,0.0004653327128898
2010-04-20,,3.8715,0.0004653327128898
2010-04-21,,3.8717,0.0004653327128898
2010-04-22,,3.8713,0.0004653327128898
2010-04-23,,3.8722,0.0004653327128898
2010-04-26,,3.8722,0.0004653327128898
2010-04-27,3.86,3.8765,-0.0042564168708887
2010-04-28,,3.8803,-0.0042564168708887
2010-04-29,,3.8818,-0.0042564168708887
2010-04-30,,3.8862,-0.0042564168708887
2010-05-03,3.92,3.886,0.008749356664951
2010-05-04,3.88,3.8898,-0.0025194097382899
2010-05-05,3.94,3.901,0.0099974365547295
2010-05-06,,3.8975,0.0099974365547295
2010-05-07,,3.8952,0.0099974365547295
2010-05-10,3.95,3.8947,0.0141987829614604
2010-05-11,3.89,3.8958,-0.0014887827917243
2010-05-12,,3.8955,-0.0014887827917243
2010-05-13,,3.8958,-0.0014887827917243
2010-05-14,,3.8958,-0.0014887827917243
2010-05-17,,3.8998,-0.0014887827917243
2010-05-18,,3.9062,-0.0014887827917243
2010-05-19,,3.9098,-0.0014887827917243
2010-05-20,,3.9068,-0.0014887827917243
2010-05-21,,3.9062,-0.0014887827917243
2010-05-26,,3.9088,-0.0014887827917243
2010-05-27,,3.9115,-0.0014887827917243
2010-05-28,,3.9145,-0.0014887827917243
2010-05-31,,3.9268,-0.0014887827917243
2010-06-01,,3.9308,-0.0014887827917243
2010-06-02,,3.9288,-0.0014887827917243
2010-06-03,,3.923,-0.0014887827917243
2010-06-04,,3.923,-0.0014887827917243
2010-06-07,,3.9252,-0.0014887827917243
2010-06-08,,3.9215,-0.0014887827917243
2010-06-09,3.99,3.916,0.018896833503575
2010-06-10,,3.9175,0.018896833503575
2010-06-11,,3.9222,0.018896833503575
2010-06-14,,3.9268,0.018896833503575
2010-06-15,,3.9257,0.018896833503575
2010-06-16,,3.9258,0.018896833503575
2010-06-17,,3.9262,0.018896833503575
2010-06-18,,3.9265,0.018896833503575
2010-06-22,,3.9288,0.018896833503575
2010-06-23,,3.9295,0.018896833503575
2010-06-24,,3.9283,0.018896833503575
2010-06-25,,3.9323,0.018896833503575
2010-06-28,,3.9332,0.018896833503575
2010-06-29,,3.9333,0.018896833503575
2010-06-30,,3.9318,0.018896833503575
2010-07-01,3.99,3.9325,0.0146217418944691
2010-07-02,,3.9342,0.0146217418944691
2010-07-05,,3.9355,0.0146217418944691
2010-07-06,3.94,3.9345,0.0013978904562206
2010-07-07,,3.9358,0.0013978904562206
2010-07-08,,3.9367,0.0013978904562206
2010-07-12,,3.9375,0.0013978904562206
2010-07-13,,3.9358,0.0013978904562206
2010-07-14,3.94,3.9347,0.0013469896053066
2010-07-15,,3.9348,0.0013469896053066
2010-07-16,,3.9357,0.0013469896053066
2010-07-19,,3.9345,0.0013469896053066
2010-07-20,,3.9353,0.0013469896053066
2010-07-21,,3.9348,0.0013469896053066
2010-07-22,,3.9335,0.0013469896053066
2010-07-23,3.93,3.9318,-0.0004578055852281
2010-07-26,3.91,3.9322,-0.0056456945221503
2010-07-27,3.92,3.9315,-0.0029250922039935
2010-07-28,,3.9338,-0.0029250922039935
2010-07-29,3.91,3.9367,-0.0067823303782356
2010-07-30,3.97,3.9395,0.007742099251174
2010-08-02,,3.9388,0.007742099251174
2010-08-03,,3.9352,0.007742099251174
2010-08-04,,3.9325,0.007742099251174
2010-08-05,,3.9347,0.007742099251174
2010-08-06,,3.9325,0.007742099251174
2010-08-09,,3.9308,0.007742099251174
2010-08-10,,3.9328,0.007742099251174
2010-08-11,,3.9345,0.007742099251174
2010-08-12,3.96,3.9338,0.006660226752758
2010-08-13,,3.9328,0.006660226752758
2010-08-17,3.9,3.9333,-0.0084661734421478
2010-08-18,3.91,3.9338,-0.0060501296456352
2010-08-19,,3.9368,-0.0060501296456352
2010-08-20,,3.9382,-0.0060501296456352
2010-08-23,,3.9395,-0.0060501296456352
2010-08-24,,3.9415,-0.0060501296456352
2010-08-25,3.86,3.9455,-0.0216702572551007
2010-08-26,,3.9448,-0.0216702572551007
2010-08-27,,3.9438,-0.0216702572551007
2010-08-30,,3.9445,-0.0216702572551007
2010-08-31,3.93,3.9497,-0.0049877205863736
2010-09-01,,3.9488,-0.0049877205863736
2010-09-02,,3.9488,-0.0049877205863736
2010-09-03,,3.9442,-0.0049877205863736
2010-09-06,,3.9455,-0.0049877205863736
2010-09-07,,3.9462,-0.0049877205863736
2010-09-08,,3.9468,-0.0049877205863736
2010-09-09,3.96,3.9452,0.0037513940991584
2010-09-10,3.95,3.946,0.0010136847440445
2010-09-13,3.95,3.9468,0.000810783419479
2010-09-14,,3.9492,0.000810783419479
2010-09-15,,3.9503,0.000810783419479
2010-09-16,,3.9495,0.000810783419479
2010-09-17,,3.9495,0.000810783419479
2010-09-20,3.94,3.9512,-0.0028345818991698
2010-09-21,3.91,3.9512,-0.0104272119862319
2010-09-22,3.92,3.9523,-0.0081724565442907
2010-09-23,,3.9522,-0.0081724565442907
2010-09-24,,3.9552,-0.0081724565442907
2010-09-27,,3.9607,-0.0081724565442907
2010-09-28,,3.9715,-0.0081724565442907
2010-09-29,,3.9698,-0.0081724565442907
2010-09-30,3.93,3.9607,-0.0077511550988461
2010-10-01,,3.9612,-0.0077511550988461
2010-10-04,,3.9612,-0.0077511550988461
2010-10-05,,3.959,-0.0077511550988461
2010-10-06,3.95,3.9587,-0.0021976911612396
2010-10-07,,3.9595,-0.0021976911612396
2010-10-08,,3.9573,-0.0021976911612396
2010-10-12,,3.9558,-0.0021976911612396
2010-10-13,,3.9532,-0.0021976911612396
2010-10-14,,3.9513,-0.0021976911612396
2010-10-15,,3.9503,-0.0021976911612396
2010-10-18,,3.955,-0.0021976911612396
2010-10-19,3.9,3.9557,-0.0140809464822914
2010-10-20,,3.9585,-0.0140809464822914
2010-10-21,3.9,3.9602,-0.0152012524619968
2010-10-22,,3.9577,-0.0152012524619968
2010-10-25,,3.9565,-0.0152012524619968
2010-10-26,3.95,3.9558,-0.0014662015268719
2010-10-28,,3.9588,-0.0014662015268719
2010-10-29,,3.957,-0.0014662015268719
2010-11-01,,3.958,-0.0014662015268719
2010-11-02,3.92,3.9585,-0.0097259062776303
2010-11-03,,3.9567,-0.0097259062776303
2010-11-04,3.97,3.9572,0.0032346103305367
2010-11-05,,3.9578,0.0032346103305367
2010-11-08,,3.9595,0.0032346103305367
2010-11-09,3.9,3.9612,-0.0154498636776734
2010-11-10,3.86,3.9623,-0.0258183378340862
2010-11-11,3.98,3.9633,0.0042136603335605
2010-11-12,3.98,3.9632,0.0042389987888573
2010-11-15,3.97,3.9662,0.0009580959104431
2010-11-16,3.97,3.9695,0.0001259604484191
2010-11-17,,3.976,0.0001259604484191
2010-11-18,,3.9725,0.0001259604484191
2010-11-19,,3.9735,0.0001259604484191
2010-11-23,,3.9742,0.0001259604484191
2010-11-24,,3.9732,0.0001259604484191
2010-11-25,,3.9735,0.0001259604484191
2010-11-26,,3.9768,0.0001259604484191
2010-11-29,,3.9825,0.0001259604484191
2010-11-30,,3.984,0.0001259604484191
2010-12-01,,3.9855,0.0001259604484191
2010-12-02,,3.9802,0.0001259604484191
2010-12-03,,3.9795,0.0001259604484191
2010-12-06,,3.9772,0.0001259604484191
2010-12-07,,3.9782,0.0001259604484191
2010-12-09,,3.9775,0.0001259604484191
2010-12-10,4.02,3.9762,0.0110155424777425
2010-12-13,,3.974,0.0110155424777425
2010-12-14,,3.9732,0.0110155424777425
2010-12-15,,3.9738,0.0110155424777425
2010-12-16,,3.9755,0.0110155424777425
2010-12-17,,3.9755,0.0110155424777425
2010-12-20,,3.9748,0.0110155424777425
2010-12-21,4.01,3.9745,0.0089319411246697
2010-12-22,,3.9738,0.0089319411246697
2010-12-23,3.98,3.9753,0.0011823007068649
2010-12-27,,3.9845,0.0011823007068649
2010-12-28,,3.9857,0.0011823007068649
2010-12-29,,3.9818,0.0011823007068649
2010-12-30,,3.9758,0.0011823007068649
2011-01-03,,3.9738,0.0011823007068649
2011-01-04,3.97,3.973,-0.0007550969041025
2011-01-05,,3.9725,-0.0007550969041025
2011-01-06,,3.9715,-0.0007550969041025
2011-01-07,,3.9738,-0.0007550969041025
2011-01-10,,3.9788,-0.0007550969041025
2011-01-11,,3.977,-0.0007550969041025
2011-01-12,,3.9765,-0.0007550969041025
2011-01-13,,3.975,-0.0007550969041025
2011-01-14,,3.9777,-0.0007550969041025
2011-01-17,4.02,3.9787,0.0103802749641841
2011-01-18,4.01,3.9803,0.0074617491143882
2011-01-19,,3.9828,0.0074617491143882
2011-01-20,4.02,3.9823,0.0094668909926423
2011-01-21,4.04,3.9832,0.0142598915444869
2011-01-24,,3.9845,0.0142598915444869
2011-01-25,,3.9872,0.0142598915444869
2011-01-26,4.05,3.9888,0.0153429602888086
2011-01-27,4.04,3.9913,0.0122015383459024
2011-01-28,4.12,3.998,0.0305152576288143
2011-01-31,4.09,4.0008,0.0222955408918217
2011-02-01,,4.0088,0.0222955408918217
2011-02-02,4.13,4.0107,0.0297454309721494
2011-02-03,,4.0143,0.0297454309721494
2011-02-04,,4.0172,0.0297454309721494
2011-02-07,4.11,4.0187,0.0227187896583473
2011-02-08,4.12,4.0192,0.025079617834395
2011-02-09,,4.0167,0.025079617834395
2011-02-10,,4.0183,0.025079617834395
2011-02-11,,4.022,0.025079617834395
2011-02-14,4.13,4.0235,0.0264694917360506
2011-02-15,,4.0248,0.0264694917360506
2011-02-16,4.13,4.0245,0.0262144365759722
2011-02-17,,4.024,0.0262144365759722
2011-02-18,,4.0248,0.0262144365759722
2011-02-21,,4.0273,0.0262144365759722
2011-02-22,4.16,4.0282,0.0327193287324363
2011-02-23,4.19,4.0288,0.0400119142176329
2011-02-24,4.2,4.0282,0.0426493222779404
2011-02-25,4.24,4.0287,0.0524486807158637
2011-02-28,4.21,4.0305,0.0445354174420047
2011-03-01,,4.0308,0.0445354174420047
2011-03-02,,4.0315,0.0445354174420047
2011-03-03,4.19,4.0298,0.0397538339371681
2011-03-04,,4.0298,0.0397538339371681
2011-03-09,4.2,4.0325,0.0415375077495352
2011-03-10,4.22,4.032,0.0466269841269839
2011-03-11,4.22,4.0307,0.0469645471009996
2011-03-14,4.22,4.0288,0.0474583002382842
2011-03-15,4.22,4.0325,0.0464972101673899
2011-03-16,4.24,4.0365,0.0504149634584416
2011-03-17,4.21,4.0398,0.0421307985543839
2011-03-18,4.21,4.0393,0.0422597974896641
2011-03-21,,4.0408,0.0422597974896641
2011-03-22,4.21,4.0408,0.0418728964561472
2011-03-23,4.21,4.0415,0.0416924409253989
2011-03-28,4.19,4.0438,0.0361541124684703
2011-03-29,,4.0453,0.0361541124684703
2011-03-30,,4.0492,0.0361541124684703
2011-03-31,,4.052,0.0361541124684703
2011-04-01,,4.0542,0.0361541124684703
2011-04-04,4.13,4.0522,0.019199447213859
2011-04-05,,4.0525,0.019199447213859
2011-04-06,,4.0535,0.019199447213859
2011-04-07,4.15,4.0535,0.0238065869002097
2011-04-08,4.21,4.0502,0.0394548417362103
2011-04-11,,4.0495,0.0394548417362103
2011-04-12,4.21,4.0498,0.0395575090127906
2011-04-13,4.19,4.0553,0.0332157916800237
2011-04-14,4.22,4.0652,0.038079307291154
2011-04-15,4.23,4.0688,0.0396185607550136
2011-04-18,,4.0733,0.0396185607550136
2011-04-19,,4.0752,0.0396185607550136
2011-04-20,4.24,4.0782,0.0396743661419254
2011-04-25,4.23,4.0828,0.0360536886450477
2011-04-26,,4.0822,0.0360536886450477
2011-04-27,,4.0835,0.0360536886450477
2011-04-28,,4.0837,0.0360536886450477
2011-04-29,4.24,4.0805,0.039088347016297
2011-05-02,,4.0805,0.039088347016297
2011-05-03,4.26,4.0788,0.0444248308325976
2011-05-04,,4.0795,0.0444248308325976
2011-05-05,,4.0812,0.0444248308325976
2011-05-06,,4.0805,0.0444248308325976
2011-05-09,4.27,4.0822,0.0460046053598548
2011-05-10,4.35,4.0818,0.0657063060414522
2011-05-11,,4.0822,0.0657063060414522
2011-05-12,,4.0833,0.0657063060414522
2011-05-13,,4.0828,0.0657063060414522
2011-05-16,,4.0845,0.0657063060414522
2011-05-17,,4.0852,0.0657063060414522
2011-05-18,,4.0858,0.0657063060414522
2011-05-19,4.36,4.0855,0.06718883857545
2011-05-20,,4.0865,0.06718883857545
2011-05-23,,4.0862,0.06718883857545
2011-05-24,4.42,4.0865,0.0816101798605162
2011-05-26,4.46,4.0865,0.0913985072800684
2011-05-27,,4.0857,0.0913985072800684
2011-05-30,,4.0877,0.0913985072800684
2011-05-31,,4.0887,0.0913985072800684
2011-06-01,,4.089,0.0913985072800684
2011-06-02,,4.0898,0.0913985072800684
2011-06-03,4.34,4.0905,0.0609949883877276
2011-06-06,4.33,4.0908,0.0584726703823212
2011-06-07,4.32,4.0925,0.055589492974954
2011-06-08,4.35,4.0925,0.0629199755650578
2011-06-09,,4.0925,0.0629199755650578
2011-06-10,4.31,4.0928,0.0530688037529316
2011-06-13,,4.0935,0.0530688037529316
2011-06-14,,4.0925,0.0530688037529316
2011-06-15,,4.0932,0.0530688037529316
2011-06-16,,4.0945,0.0530688037529316
2011-06-17,,4.0945,0.0530688037529316
2011-06-21,,4.097,0.0530688037529316
2011-06-22,4.32,4.0982,0.0541213215558049
2011-06-23,,4.0992,0.0541213215558049
2011-06-24,,4.0998,0.0541213215558049
2011-06-27,,4.102,0.0541213215558049
2011-06-28,4.24,4.1032,0.0333398323259894
2011-06-29,,4.107,0.0333398323259894
2011-06-30,4.23,4.111,0.028946728289954
2011-07-01,4.21,4.1105,0.0242063009366257
2011-07-04,4.2,4.114,0.0209042294603791
2011-07-05,4.23,4.1162,0.027646858753219
2011-07-06,,4.1175,0.027646858753219
2011-07-07,,4.1198,0.027646858753219
2011-07-08,,4.123,0.027646858753219
2011-07-11,,4.1227,0.027646858753219
2011-07-12,4.24,4.1225,0.028502122498484
2011-07-13,4.24,4.1218,0.0286767916929495
2011-07-14,4.23,4.1225,0.0260764099454215
2011-07-15,4.23,4.123,0.0259519767159834
2011-07-18,4.24,4.1263,0.0275549523786444
2011-07-19,4.23,4.1297,0.0242874785093349
2011-07-20,4.24,4.1363,0.0250707153736431
2011-07-21,4.25,4.1378,0.0271158586688577
2011-07-22,4.22,4.1395,0.0194467930909529
2011-07-25,,4.139,0.0194467930909529
2011-07-26,4.19,4.1372,0.0127622546649908
2011-07-27,,4.138,0.0127622546649908
2011-07-28,,4.1398,0.0127622546649908
2011-07-29,,4.143,0.0127622546649908
2011-08-01,4.27,4.146,0.0299083453931499
2011-08-02,4.26,4.1478,0.0270504845942427
2011-08-03,4.27,4.1502,0.0288660787431929
2011-08-04,4.3,4.153,0.0353960992053936
2011-08-05,4.38,4.1545,0.0542784932001445
2011-08-08,4.27,4.1568,0.0272324865280986
2011-08-09,4.32,4.1562,0.0394110004330878
2011-08-10,4.33,4.1572,0.0415664389492929
2011-08-11,4.34,4.1585,0.0436455452687265
2011-08-12,4.33,4.1592,0.0410655895364493
2011-08-15,4.32,4.1595,0.0385863685539127
2011-08-16,4.35,4.1623,0.0450952598323042
2011-08-17,4.36,4.1655,0.0466930740607371
2011-08-18,4.34,4.1713,0.0404430273535829
2011-08-19,,4.1772,0.0404430273535829
2011-08-23,4.4,4.1828,0.0519269388926078
2011-08-24,4.41,4.1863,0.0534362085851467
2011-08-25,,4.1868,0.0534362085851467
2011-08-26,4.37,4.1855,0.0440807549874566
2011-08-29,4.42,4.1875,0.0555223880597015
2011-08-30,4.43,4.1917,0.0568504425412124
2011-08-31,4.43,4.1995,0.0548874866055484
2011-09-01,4.39,4.2063,0.0436725863585574
2011-09-02,,4.2173,0.0436725863585574
2011-09-05,,4.2092,0.0436725863585574
2011-09-06,,4.2077,0.0436725863585574
2011-09-07,4.48,4.2065,0.0650184238678237
2011-09-08,,4.2052,0.0650184238678237
2011-09-09,4.49,4.204,0.0680304471931494
2011-09-12,,4.2042,0.0680304471931494
2011-09-13,,4.2037,0.0680304471931494
2011-09-14,4.54,4.2035,0.0800523373379327
2011-09-15,,4.2043,0.0800523373379327
2011-09-16,4.57,4.2045,0.0869306695207514
2011-09-19,,4.2047,0.0869306695207514
2011-09-20,4.61,4.1972,0.0983512818069189
2011-09-21,4.62,4.191,0.1023622047244094
2011-09-22,4.62,4.1978,0.1005764924484253
2011-09-23,4.68,4.203,0.1134903640256956
2011-09-26,4.6,4.2045,0.0940658817933164
2011-09-27,4.65,4.2045,0.1059579022475918
2011-09-28,4.68,4.2045,0.1130931145201568
2011-09-29,4.69,4.2045,0.115471518611012
2011-09-30,,4.2045,0.115471518611012
2011-10-03,4.67,4.2045,0.1107147104293018
2011-10-04,4.65,4.2045,0.1059579022475918
2011-10-05,,4.2057,0.1059579022475918
2011-10-06,4.63,4.2085,0.1001544493287394
2011-10-07,4.53,4.2095,0.0761373084689394
2011-10-11,4.53,4.2108,0.0758050726702765
2011-10-12,,4.2105,0.0758050726702765
2011-10-13,4.57,4.2133,0.0846604799088599
2011-10-14,,4.2148,0.0846604799088599
2011-10-17,,4.222,0.0846604799088599
2011-10-18,4.74,4.2245,0.1220262752988519
2011-10-19,4.76,4.2318,0.1248168628006993
2011-10-20,4.75,4.2345,0.1217381036722164
2011-10-21,4.72,4.2345,0.1146534419648128
2011-10-24,4.72,4.2355,0.1143902726950771
2011-10-25,,4.2355,0.1143902726950771
2011-10-26,,4.2358,0.1143902726950771
2011-10-27,,4.2353,0.1143902726950771
2011-10-28,4.86,4.2355,0.1474442214614568
2011-10-31,5.06,4.2355,0.19466414827057
2011-11-01,4.84,4.2377,0.1421289850626517
2011-11-02,4.66,4.2478,0.0970384669711381
2011-11-03,4.73,4.2503,0.1128626214620145
2011-11-04,,4.251,0.1128626214620145
2011-11-07,4.75,4.2575,0.115678214914856
2011-11-08,4.71,4.26,0.1056338028169014
2011-11-09,,4.2605,0.1056338028169014
2011-11-10,,4.2613,0.1056338028169014
2011-11-11,4.8,4.2648,0.1254924029262802
2011-11-14,4.78,4.2715,0.1190448320262205
2011-11-15,,4.2727,0.1190448320262205
2011-11-16,4.58,4.2595,0.0752435731893415
2011-11-17,4.61,4.2572,0.0828713708540824
2011-11-18,,4.2567,0.0828713708540824
2011-11-21,,4.2575,0.0828713708540824
2011-11-22,,4.2593,0.0828713708540824
2011-11-23,4.39,4.2608,0.0303229440480661
2011-11-24,,4.2628,0.0303229440480661
2011-11-25,,4.2633,0.0303229440480661
2011-11-29,4.61,4.2695,0.0797517273685444
2011-11-30,4.59,4.2807,0.0722545378092367
2011-12-01,4.67,4.2832,0.0903063130369816
2011-12-02,4.65,4.2842,0.0853835021707669
2011-12-05,,4.286,0.0853835021707669
2011-12-06,4.72,4.2812,0.1024946276744838
2011-12-07,,4.278,0.1024946276744838
2011-12-12,,4.2792,0.1024946276744838
2011-12-13,4.61,4.2795,0.0772286482065662
2011-12-14,,4.2802,0.0772286482065662
2011-12-15,4.66,4.2823,0.0882002662120822
2011-12-16,,4.2875,0.0882002662120822
2011-12-19,,4.2921,0.0882002662120822
2011-12-20,4.67,4.2925,0.0879440885264994
2011-12-21,4.68,4.2928,0.0901975400670891
2011-12-22,,4.2922,0.0901975400670891
2011-12-23,4.61,4.2927,0.0739161832879073
2011-12-27,,4.2955,0.0739161832879073
2011-12-28,,4.3012,0.0739161832879073
2011-12-29,,4.3035,0.0739161832879073
2011-12-30,,4.3032,0.0739161832879073
2012-01-03,,4.3052,0.0739161832879073
2012-01-04,,4.3048,0.0739161832879073
2012-01-05,,4.3067,0.0739161832879073
2012-01-06,4.64,4.3152,0.075268817204301
2012-01-09,,4.3182,0.075268817204301
2012-01-10,4.67,4.3133,0.0826977024551967
2012-01-11,4.69,4.3133,0.0873345234507223
2012-01-12,4.65,4.312,0.0783858998144713
2012-01-13,,4.3118,0.0783858998144713
2012-01-16,,4.3148,0.0783858998144713
2012-01-17,,4.317,0.0783858998144713
2012-01-18,4.72,4.3188,0.0928961748633878
2012-01-19,,4.3207,0.0928961748633878
2012-01-20,,4.3222,0.0928961748633878
2012-01-23,,4.3257,0.0928961748633878
2012-01-24,4.73,4.3312,0.0920760990025859
2012-01-25,,4.3365,0.0920760990025859
2012-01-26,4.61,4.3383,0.0626282184265727
2012-01-27,,4.3367,0.0626282184265727
2012-01-30,,4.3345,0.0626282184265727
2012-01-31,,4.3362,0.0626282184265727
2012-02-01,4.65,4.3357,0.0724911778951495
2012-02-02,,4.3347,0.0724911778951495
2012-02-03,,4.3337,0.0724911778951495
2012-02-06,,4.3342,0.0724911778951495
2012-02-07,,4.3368,0.0724911778951495
2012-02-08,,4.3398,0.0724911778951495
2012-02-09,,4.3448,0.0724911778951495
2012-02-10,4.73,4.3463,0.0882819869774291
2012-02-13,,4.3463,0.0882819869774291
2012-02-14,4.82,4.3473,0.1087341568329769
2012-02-15,4.77,4.3492,0.0967534259174101
2012-02-16,4.78,4.3522,0.0982951151141953
2012-02-17,4.78,4.355,0.0975889781859931
2012-02-22,,4.3552,0.0975889781859931
2012-02-23,4.74,4.355,0.0884041331802525
2012-02-24,,4.3548,0.0884041331802525
2012-02-28,4.78,4.3558,0.0973873915239451
2012-02-29,4.8,4.3565,0.1018019051991279
2012-03-01,,4.3548,0.1018019051991279
2012-03-02,,4.3433,0.1018019051991279
2012-03-05,,4.3345,0.1018019051991279
2012-03-06,4.85,4.3353,0.1187230410813553
2012-03-07,,4.3362,0.1187230410813553
2012-03-08,4.87,4.3368,0.122947795609666
2012-03-09,4.86,4.341,0.1195577055977885
2012-03-12,4.89,4.3458,0.1252243545492199
2012-03-13,,4.3497,0.1252243545492199
2012-03-14,4.92,4.356,0.1294765840220386
2012-03-15,,4.3557,0.1294765840220386
2012-03-16,,4.354,0.1294765840220386
2012-03-19,4.98,4.3633,0.1413379781358148
2012-03-20,4.99,4.364,0.1434463794683778
2012-03-21,,4.3668,0.1434463794683778
2012-03-22,,4.3655,0.1434463794683778
2012-03-23,5.06,4.3667,0.1587697803833558
2012-03-26,,4.3697,0.1587697803833558
2012-03-27,,4.3725,0.1587697803833558
2012-03-28,,4.3735,0.1587697803833558
2012-03-29,,4.3753,0.1587697803833558
2012-03-30,,4.3785,0.1587697803833558
2012-04-03,,4.3798,0.1587697803833558
2012-04-04,5.3,4.3843,0.2088588828319231
2012-04-09,5.36,4.3868,0.2218473602626061
2012-04-10,5.42,4.3835,0.2364548876468575
2012-04-11,,4.385,0.2364548876468575
2012-04-12,5.33,4.3907,0.2139294417746602
2012-04-13,5.37,4.3948,0.2218986074451625
2012-04-16,5.4,4.3953,0.2285850795167567
2012-04-17,,4.3948,0.2285850795167567
2012-04-18,5.65,4.3992,0.2843244226222949
2012-04-19,,4.4037,0.2843244226222949
2012-04-20,,4.4052,0.2843244226222949
2012-04-23,,4.407,0.2843244226222949
2012-04-24,5.41,4.4098,0.2268130073926255
2012-04-25,5.35,4.413,0.2123272150464534
2012-04-26,,4.4145,0.2123272150464534
2012-04-27,,4.4148,0.2123272150464534
2012-05-02,,4.4205,0.2123272150464534
2012-05-03,,4.4273,0.2123272150464534
2012-05-04,5.45,4.4275,0.2309429700734049
2012-05-07,,4.4317,0.2309429700734049
2012-05-08,5.55,4.4367,0.2509297450808032
2012-05-09,,4.4405,0.2509297450808032
2012-05-10,,4.4397,0.2509297450808032
2012-05-11,,4.438,0.2509297450808032
2012-05-14,,4.442,0.2509297450808032
2012-05-15,,4.4428,0.2509297450808032
2012-05-16,,4.4437,0.2509297450808032
2012-05-17,,4.4505,0.2509297450808032
2012-05-18,,4.4543,0.2509297450808032
2012-05-21,5.93,4.4622,0.328940881179687
2012-05-22,,4.4675,0.328940881179687
2012-05-23,6.09,4.4692,0.3626599838897342
2012-05-24,,4.4697,0.3626599838897342
2012-05-28,5.96,4.477,0.3312486039758766
2012-05-29,6.12,4.4735,0.3680563317313068
2012-05-30,,4.4723,0.3680563317313068
2012-05-31,6.17,4.4713,0.379911882450294
2012-06-01,6.31,4.4708,0.4113805135546211
2012-06-04,6.23,4.4733,0.3927078443207477
2012-06-05,6.18,4.4787,0.3798646928796303
2012-06-06,,4.4903,0.3798646928796303
2012-06-07,6.07,4.4863,0.3530080467200143
2012-06-08,,4.4853,0.3530080467200143
2012-06-11,6.11,4.489,0.3611049231454668
2012-06-12,,4.4892,0.3611049231454668
2012-06-13,,4.4905,0.3611049231454668
2012-06-14,6.5,4.495,0.4460511679644048
2012-06-15,6.5,4.4965,0.4455687757144444
2012-06-18,6.65,4.4995,0.4779419935548394
2012-06-19,6.66,4.5028,0.4790796837523321
2012-06-21,6.66,4.5052,0.4782917517535292
2012-06-22,6.66,4.5103,0.4766201804757999
2012-06-25,6.72,4.5133,0.4889327099904725
2012-06-26,6.6,4.5168,0.461211477151966
2012-06-27,6.54,4.5157,0.4482804437850167
2012-06-28,6.56,4.5213,0.4509101364651757
2012-06-29,,4.5253,0.4509101364651757
2012-07-02,,4.53,0.4509101364651757
2012-07-03,,4.5258,0.4509101364651757
2012-07-04,,4.5255,0.4509101364651757
2012-07-05,6.56,4.5275,0.4489232468249586
2012-07-06,,4.5322,0.4489232468249586
2012-07-10,6.63,4.5385,0.4608350776688332
2012-07-11,6.76,4.5403,0.4888883994449704
2012-07-12,6.69,4.543,0.4725952014087609
2012-07-13,,4.5478,0.4725952014087609
2012-07-16,,4.5483,0.4725952014087609
2012-07-17,7.01,4.5512,0.540253120056249
2012-07-18,6.86,4.5533,0.5065996090747371
2012-07-19,6.96,4.5583,0.5268850229252133
2012-07-20,,4.562,0.5268850229252133
2012-07-23,6.83,4.5688,0.4949220801961127
2012-07-24,6.77,4.5707,0.4811735620364492
2012-07-25,6.74,4.5712,0.4744487224361218
2012-07-26,6.8,4.5717,0.4874116849312071
2012-07-27,6.85,4.5783,0.4961885415984099
2012-07-30,6.78,4.5813,0.4799292777159323
2012-07-31,6.71,4.5833,0.4640106473501624
2012-08-01,6.71,4.5862,0.4630849068945968
2012-08-02,6.72,4.587,0.4650098103335514
2012-08-03,6.66,4.5877,0.4517078274516644
2012-08-06,6.59,4.5907,0.4355109242599166
2012-08-07,6.66,4.594,0.4497170222028732
2012-08-08,6.47,4.5973,0.4073477910947731
2012-08-09,6.15,4.5992,0.3371890763611065
2012-08-10,6.17,4.6012,0.3409545335999302
2012-08-13,6.29,4.6047,0.3659956131778399
2012-08-14,6.39,4.6062,0.3872606486908947
2012-08-15,,4.6075,0.3872606486908947
2012-08-16,6.48,4.6092,0.4058838844051027
2012-08-17,6.49,4.6138,0.4066496163682864
2012-08-21,,4.6187,0.4066496163682864
2012-08-22,6.45,4.6178,0.3967690242106632
2012-08-23,6.47,4.6173,0.4012518138305936
2012-08-24,6.51,4.6202,0.4090299121250162
2012-08-27,6.48,4.6287,0.399961112191328
2012-08-28,6.46,4.6322,0.3945857260049219
2012-08-29,6.43,4.6312,0.3884090516496805
2012-08-30,6.49,4.6307,0.4015159695078498
2012-08-31,6.48,4.6347,0.3981487474917473
2012-09-03,6.49,4.6423,0.3980139155160158
2012-09-04,6.57,4.6448,0.4144850155012056
2012-09-05,6.52,4.6505,0.4019997849693579
2012-09-06,6.47,4.6535,0.390351348447405
2012-09-07,6.47,4.6585,0.388859074809488
2012-09-10,6.45,4.662,0.3835263835263836
2012-09-11,6.44,4.6623,0.3812924951204341
2012-09-12,6.47,4.6622,0.3877568529878596
2012-09-13,6.44,4.6627,0.3811739978982136
2012-09-14,6.37,4.6685,0.3644639605869124
2012-09-17,6.35,4.6737,0.35866658108137
2012-09-18,6.32,4.675,0.3518716577540108
2012-09-19,,4.6802,0.3518716577540108
2012-09-20,6.35,4.6822,0.3562000768869333
2012-09-21,6.33,4.6842,0.3513513513513515
2012-09-25,6.31,4.6897,0.3455018444676629
2012-09-26,,4.69,0.3455018444676629
2012-09-27,6.29,4.6915,0.3407225833955025
2012-09-28,6.31,4.6942,0.3442120063056535
2012-10-01,6.25,4.6992,0.330013619339462
2012-10-02,6.27,4.6998,0.3340993233754628
2012-10-03,6.3,4.7012,0.3400833829660512
2012-10-04,6.29,4.7038,0.3372167183978909
2012-10-05,6.28,4.7077,0.3339847483909339
2012-10-09,,4.7128,0.3339847483909339
2012-10-10,6.34,4.7135,0.3450726636257557
2012-10-11,6.36,4.7195,0.3476003813963344
2012-10-12,6.32,4.7227,0.3382175450483835
2012-10-15,6.34,4.7255,0.3416569675166647
2012-10-16,6.3,4.7293,0.3321210327109718
2012-10-17,6.4,4.7325,0.3523507659799261
2012-10-18,6.4,4.7332,0.3521507648102764
2012-10-19,6.39,4.7368,0.3490119912176996
2012-10-22,6.41,4.7432,0.3514083319278125
2012-10-23,6.42,4.744,0.3532883642495785
2012-10-24,6.39,4.7467,0.346198411528009
2012-10-25,6.39,4.7508,0.3450366254104571
2012-10-26,6.57,4.7532,0.3822267104266601
2012-10-29,6.55,4.7558,0.3772656545691577
2012-10-30,6.51,4.76,0.3676470588235294
2012-10-31,6.62,4.7655,0.3891511908509075
2012-11-01,6.67,4.77,0.3983228511530399
2012-11-02,6.81,4.7708,0.427433554120902
2012-11-05,6.84,4.7722,0.4333012027995473
2012-11-07,6.89,4.7715,0.443990359425757
2012-11-08,6.86,4.7725,0.4374017810371924
2012-11-09,6.8,4.777,0.4234875444839856
2012-11-12,6.85,4.7822,0.4323951319476391
2012-11-13,7.01,4.7832,0.4655460779394547
2012-11-14,,4.7855,0.4655460779394547
2012-11-15,7.01,4.7908,0.4632211739166736
2012-11-16,6.96,4.798,0.4506044185077116
2012-11-19,6.75,4.8028,0.4054301657366534
2012-11-20,6.81,4.8058,0.4170377460568479
2012-11-21,6.81,4.809,0.4160948222083591
2012-11-22,,4.8235,0.4160948222083591
2012-11-23,6.93,4.821,0.4374611076540138
2012-11-27,6.93,4.8227,0.4369544031351731
2012-11-28,6.86,4.8253,0.4216732638385176
2012-11-29,6.74,4.8302,0.3953873545608879
2012-11-30,6.75,4.8338,0.3964168976788447
2012-12-03,6.83,4.8398,0.4112153394768378
2012-12-04,6.81,4.8445,0.4057178243368768
2012-12-05,6.76,4.8505,0.3936707555922067
2012-12-06,6.67,4.8542,0.3740678175600511
2012-12-07,6.7,4.8617,0.3781187650410351
2012-12-10,6.62,4.8632,0.3612436255963152
2012-12-11,6.54,4.8655,0.3441578460589867
2012-12-12,6.52,4.8718,0.3383143807217044
2012-12-13,6.57,4.8735,0.3481071098799631
2012-12-14,,4.877,0.3481071098799631
2012-12-17,6.64,4.8832,0.3597640891218872
2012-12-18,6.55,4.886,0.3405648792468276
2012-12-19,6.41,4.8948,0.3095529950151181
2012-12-20,6.48,4.8987,0.3227999265111152
2012-12-21,6.63,4.9032,0.352178169358786
2012-12-26,6.62,4.91,0.3482688391038697
2012-12-27,6.67,4.9125,0.357760814249364
2012-12-28,6.55,4.913,0.3331976389171585
2012-12-31,,4.9173,0.3331976389171585
2013-01-02,6.66,4.9228,0.3528885999837492
2013-01-03,6.8,4.9263,0.3803463045287536
2013-01-04,6.78,4.9262,0.3763144005521499
2013-01-07,6.89,4.9288,0.3979061840610289
2013-01-08,6.99,4.9312,0.4175048669695005
2013-01-09,7.02,4.9353,0.4224059327700444
2013-01-10,7.09,4.9385,0.4356586007897134
2013-01-11,7.18,4.9408,0.4532059585492227
2013-01-14,7.15,4.948,0.4450282942603072
2013-01-15,7.2,4.9507,0.4543397903326802
2013-01-16,7.29,4.9493,0.4729355666457884
2013-01-17,7.29,4.9495,0.4728760480856653
2013-01-18,7.33,4.95,0.4808080808080808
2013-01-21,7.35,4.9563,0.4829610798377821
2013-01-22,7.48,4.9588,0.5084294587400178
2013-01-23,7.46,4.9608,0.5037897113368812
2013-01-24,7.52,4.9625,0.5153652392947101
2013-01-25,7.59,4.964,0.5290088638195003
2013-01-28,7.68,4.9702,0.545209448311939
2013-01-29,7.61,4.974,0.5299557700040209
2013-01-30,7.71,4.9768,0.5491882334029898
2013-02-01,7.8,4.9828,0.5653849241390383
2013-02-04,7.83,4.9825,0.5715002508780733
2013-02-05,7.73,4.9833,0.5511809443541429
2013-02-06,7.71,4.9855,0.5464848059372178
2013-02-07,7.77,4.9913,0.5567086730911786
2013-02-08,7.71,4.9963,0.5431419250245182
2013-02-13,7.78,5.002,0.5553778488604559
2013-02-14,7.67,5.0047,0.5325593941694808
2013-02-15,7.73,5.0088,0.5432838204759625
2013-02-18,,5.0187,0.5432838204759625
2013-02-19,7.68,5.0215,0.5294234790401275
2013-02-21,7.74,5.0275,0.5395325708602685
2013-02-22,7.78,5.03,0.5467196819085487
2013-02-25,7.82,5.0337,0.5535292131036813
2013-02-26,7.8,5.0358,0.5489098057905397
2013-02-27,7.82,5.0392,0.551833624384823
2013-02-28,8.02,5.0448,0.5897557881382809
2013-03-01,8.02,5.0475,0.5889053987122337
2013-03-04,7.98,5.0523,0.5794786532866221
2013-03-05,8.01,5.0555,0.584413015527643
2013-03-06,8.02,5.0592,0.5852308665401644
2013-03-07,8.18,5.0628,0.6157067235521845
2013-03-08,8.24,5.0648,0.6269151792765757
2013-03-11,8.28,5.0692,0.6333938294010888
2013-03-12,8.32,5.0765,0.6389244558258642
2013-03-13,8.38,5.0788,0.6499960620619045
2013-03-14,8.47,5.0843,0.6659127116810575
2013-03-15,8.42,5.0902,0.6541589721425483
2013-03-18,8.3,5.0967,0.6285047187395767
2013-03-19,8.33,5.0967,0.6343908803735749
2013-03-20,8.47,5.0958,0.6621531457278544
2013-03-21,8.45,5.0997,0.656960213345883
2013-03-22,8.14,5.1077,0.5936722986862972
2013-03-25,8.29,5.116,0.6204065676309616
2013-03-26,8.38,5.1193,0.6369425507393591
2013-03-27,8.42,5.1223,0.643792827440798
2013-04-03,8.39,5.1303,0.6353819464748651
2013-04-04,8.3,5.1328,0.6170511221945141
2013-04-05,8.47,5.137,0.6488222698072807
2013-04-08,8.38,5.1345,0.6320966014217548
2013-04-09,8.39,5.1373,0.6331536020866995
2013-04-10,8.42,5.14,0.6381322957198445
2013-04-11,8.58,5.1432,0.6682221185254316
2013-04-12,8.62,5.1468,0.6748270770187299
2013-04-15,8.79,5.1522,0.7060673110515896
2013-04-16,8.98,5.1552,0.7419304779639977
2013-04-17,9.02,5.1558,0.7494860157492531
2013-04-18,9.03,5.158,0.7506785575804573
2013-04-19,8.99,5.1613,0.7418092341076861
2013-04-22,8.95,5.1667,0.7322468887297502
2013-04-23,8.91,5.1693,0.7236376298531717
2013-04-24,8.84,5.1747,0.708311592942586
2013-04-25,8.95,5.1753,0.7293683457963789
2013-04-26,9.13,5.1752,0.7641830267429279
2013-04-29,9.16,5.1805,0.7681690956471383
2013-04-30,9.18,5.184,0.7708333333333333
2013-05-02,9.24,5.1898,0.7804154302670623
2013-05-03,9.38,5.1968,0.8049568965517244
2013-05-06,9.46,5.2065,0.8169595697685585
2013-05-07,9.46,5.2095,0.8159132354352625
2013-05-08,9.51,5.213,0.82428544024554
2013-05-09,9.22,5.2197,0.7663850412858979
2013-05-10,9.0,5.2268,0.7218948496211832
2013-05-13,8.74,5.2313,0.6707128247280791
2013-05-14,8.55,5.236,0.6329258976317802
2013-05-15,8.95,5.2355,0.7094833349250309
2013-05-16,8.99,5.234,0.7176155903706534
2013-05-17,8.89,5.2343,0.6984123951626771
2013-05-20,8.82,5.2423,0.6824676191747896
2013-05-21,8.62,5.2472,0.6427809117243479
2013-05-22,8.47,5.2512,0.6129646556977455
2013-05-23,8.58,5.2602,0.6311166875784191
2013-05-24,8.44,5.2662,0.602673654627625
2013-05-27,8.49,5.2685,0.6114643636708741
2013-05-28,8.33,5.2702,0.5805851770331296
2013-05-29,8.38,5.2743,0.5888364332707658
2013-05-30,8.45,5.2798,0.6004394105837341
2013-05-31,8.46,5.2837,0.6011507087836179
2013-06-03,8.46,5.2875,0.6000000000000003
2013-06-04,8.3,5.2895,0.5691464221571036
2013-06-05,8.35,5.2917,0.5779428161082449
2013-06-06,8.34,5.2955,0.57492210367293
2013-06-07,8.35,5.2995,0.5756203415416548
2013-06-10,8.24,5.3052,0.5531930935685743
2013-06-11,8.25,5.3093,0.5538771589475071
2013-06-12,8.15,5.3167,0.5329057498072114
2013-06-13,8.05,5.325,0.511737089201878
2013-06-14,7.96,5.3302,0.4933773591985293
2013-06-17,7.92,5.3368,0.4840353770049468
2013-06-18,7.79,5.3395,0.4589381028186159
2013-06-19,7.89,5.3467,0.4756765855574465
2013-06-24,8.25,5.3592,0.5394088669950738
2013-06-25,7.86,5.3635,0.4654609862962617
2013-06-26,7.82,5.3688,0.4565638503948741
2013-06-27,7.63,5.3758,0.4193236355519179
2013-06-28,7.77,5.3852,0.4428433484364553
2013-07-01,7.66,5.39,0.4211502782931355
2013-07-02,7.56,5.3932,0.4017651857895126
2013-07-03,7.93,5.399,0.4687905167623634
2013-07-04,7.89,5.405,0.459759481961147
2013-07-05,7.97,5.4048,0.4746151568975725
2013-07-08,8.04,5.4073,0.4868788489634381
2013-07-10,8.1,5.4125,0.4965357967667436
2013-07-11,8.24,5.4183,0.5207721979218574
2013-07-12,8.52,5.4242,0.570738542089156
2013-07-15,8.33,5.4303,0.5339852310185442
2013-07-16,8.48,5.4345,0.5604011408593248
2013-07-17,8.54,5.4383,0.5703436735744625
2013-07-18,8.55,5.4465,0.569815477829799
2013-07-19,8.27,5.4593,0.5148462257065924
2013-07-22,8.32,5.4623,0.5231678963074164
2013-07-23,8.31,5.4617,0.5215042935349798
2013-07-24,8.31,5.4638,0.5209195065705188
2013-07-25,8.35,5.471,0.5262292085541949
2013-07-26,8.32,5.4807,0.5180542631415697
2013-07-29,8.3,5.4908,0.5116194361477382
2013-07-30,8.32,5.4993,0.5129198261596932
2013-07-31,8.53,5.5065,0.5490783619358939
2013-08-01,8.23,5.5082,0.494136015395229
2013-08-02,8.23,5.5173,0.4916716509887084
2013-08-05,8.3,5.5202,0.5035687112785769
2013-08-06,8.3,5.5275,0.5015829941203078
2013-08-07,8.32,5.5285,0.5049290042507009
2013-08-08,8.56,5.5377,0.5457680986691227
2013-08-09,8.55,5.5428,0.5425416756873784
2013-08-12,8.5,5.5493,0.5317247220370138
2013-08-13,8.57,5.5603,0.541283743682895
2013-08-14,8.57,5.5682,0.5390970151934198
2013-08-15,8.5,5.5748,0.524718375547105
2013-08-16,8.5,5.5892,0.5207900951835682
2013-08-20,8.5,5.5962,0.5188878167327831
2013-08-21,8.54,5.6008,0.5247821739751464
2013-08-22,8.55,5.6115,0.5236567762630313
2013-08-23,8.51,5.6217,0.5137769713787645
2013-08-26,8.55,5.6302,0.5185961422329579
2013-08-27,8.57,5.6428,0.5187495569575389
2013-08-28,8.74,5.6492,0.5471217163492175
2013-08-29,8.75,5.661,0.5456633103691928
2013-08-30,8.55,5.6713,0.5075908521855661
2013-09-02,8.7,5.6845,0.5304776145659247
2013-09-03,8.82,5.691,0.5498154981549817
2013-09-04,8.89,5.7,0.5596491228070175
2013-09-05,8.88,5.7097,0.5552480865894882
2013-09-06,8.88,5.7027,0.5571571360934295
2013-09-09,8.88,5.7038,0.5568568322872471
2013-09-10,8.87,5.7102,0.5533606528667996
2013-09-11,8.87,5.7207,0.5505095530267274
2013-09-12,9.0,5.7195,0.5735641227380015
2013-09-13,9.0,5.7238,0.5723819839966457
2013-09-16,9.05,5.7313,0.5790483834383124
2013-09-17,9.3,5.7408,0.6199832775919734
2013-09-18,9.3,5.7498,0.6174475633935095
2013-09-19,9.27,5.7578,0.6099899267081177
2013-09-20,9.27,5.7597,0.6094588259805198
2013-09-23,9.22,5.7703,0.597837200838778
2013-09-24,9.25,5.7713,0.602758477292811
2013-09-25,9.22,5.771,0.5976433893605961
2013-09-26,9.1,5.7797,0.5744761838849766
2013-09-27,9.0,5.7905,0.5542699248769536
2013-09-30,9.0,5.7915,0.5540015540015539
2013-10-01,8.98,5.7995,0.5484093456332444
2013-10-02,9.0,5.8028,0.5509753911904596
2013-10-03,9.05,5.8118,0.5571767782786745
2013-10-04,9.05,5.8128,0.5569088907239197
2013-10-07,9.1,5.8188,0.5638963360142983
2013-10-08,9.05,5.822,0.5544486430779803
2013-10-09,9.05,5.8228,0.5542350759084977
2013-10-10,9.05,5.8278,0.5529016095267512
2013-10-11,9.1,5.8325,0.5602228889841407
2013-10-15,9.1,5.8388,0.5585394259094334
2013-10-16,9.0,5.841,0.5408320493066254
2013-10-17,9.0,5.8488,0.538777185063603
2013-10-18,9.1,5.8528,0.5548113723346089
2013-10-21,9.2,5.861,0.5696980037536257
2013-10-22,9.27,5.8617,0.5814524796560725
2013-10-23,9.27,5.8628,0.5811557617520637
2013-10-24,9.35,5.8682,0.5933335605466752
2013-10-25,9.35,5.878,0.5906771010547804
2013-10-28,9.4,5.8897,0.596006587771873
2013-10-29,9.3,5.8927,0.5782239041525958
2013-10-30,9.11,5.9032,0.5432307900799564
2013-10-31,9.16,5.9108,0.5497056236042499
2013-11-01,9.17,5.9215,0.5485941062230855
2013-11-04,9.22,5.9403,0.5521101627863914
2013-11-05,9.18,5.953,0.542079623719133
2013-11-07,9.32,5.9432,0.5681787589177547
2013-11-08,9.2,5.9595,0.5437536706099504
2013-11-11,9.17,5.9713,0.5356789978731598
2013-11-12,9.23,5.9742,0.5449767332864652
2013-11-13,9.3,5.9765,0.5560947042583453
2013-11-14,9.25,5.9858,0.5453239333088309
2013-11-15,9.25,5.9932,0.5434158713208304
2013-11-18,9.2,6.002,0.5328223925358213
2013-11-19,9.15,6.0248,0.5187226131987785
2013-11-20,9.05,6.0442,0.4973031997617552
2013-11-21,8.95,6.0577,0.4774584413226141
2013-11-22,8.93,6.0765,0.4695959845305684
2013-11-26,8.97,6.0933,0.472108709566245
2013-11-27,8.87,6.1065,0.4525505608777531
2013-11-28,,6.1243,0.4525505608777531
2013-11-29,8.72,6.136,0.4211212516297262
2013-12-02,8.52,6.1547,0.3843079272750904
2013-12-03,8.32,6.1713,0.3481762351530473
2013-12-04,8.4,6.1973,0.3554289771352039
2013-12-05,8.48,6.2203,0.3632782984743501
2013-12-06,8.55,6.2407,0.3700386174627847
2013-12-09,8.53,6.2458,0.3657177623362899
2013-12-10,8.58,6.2623,0.3701036360442649
2013-12-11,8.44,6.2738,0.3452771844814946
2013-12-12,8.44,6.2808,0.3437778626926504
2013-12-13,8.46,6.2908,0.3448210084567942
2013-12-16,8.56,6.305,0.3576526566217288
2013-12-17,8.46,6.3282,0.3368730444676213
2013-12-18,8.55,6.356,0.3451856513530524
2013-12-19,8.58,6.3977,0.3411069603138628
2013-12-20,8.5,6.4205,0.3238844326765828
2013-12-23,8.53,6.4408,0.3243696435225436
2013-12-26,8.55,6.4712,0.3212387192483621
2013-12-27,8.71,6.4892,0.3422301670467855
2013-12-30,8.85,6.518,0.3577784596501994
2014-01-02,8.88,6.543,0.3571756075194865
2014-01-03,8.89,6.558,0.355596218359256
2014-01-06,8.91,6.5857,0.3529313512610657
2014-01-07,9.13,6.5988,0.3835848942231923
2014-01-08,9.15,6.6042,0.3854819660216226
2014-01-09,9.22,6.6283,0.3910052351281625
2014-01-10,9.39,6.6498,0.412072543535144
2014-01-13,9.49,6.6905,0.4184291159106195
2014-01-14,9.55,6.708,0.4236732259988074
2014-01-15,9.79,6.7408,0.452349869451697
2014-01-16,10.13,6.7733,0.4955782262707986
2014-01-17,10.16,6.8055,0.4929101462052752
2014-01-20,9.91,6.8295,0.4510579105351782
2014-01-21,10.04,6.8763,0.4600875470820063
2014-01-22,10.48,6.912,0.5162037037037037
2014-01-23,11.12,7.5272,0.4773089595068551
2014-01-24,10.99,8.0183,0.3706147188306747
2014-01-27,10.87,8.0058,0.3577656199255536
2014-01-28,10.99,8.0173,0.3707856759757024
2014-01-29,11.32,8.015,0.4123518402994384
2014-01-30,11.47,8.0225,0.4297288875038951
2014-01-31,12.3,8.0182,0.5340101269611635
2014-02-03,12.0,8.0178,0.4966699094514706
2014-02-04,12.65,8.0118,0.5789210913901996
2014-02-05,12.43,7.9667,0.5602445178053648
2014-02-06,12.0,7.905,0.5180265654648957
2014-02-07,11.62,7.8648,0.4774692299867764
2014-02-10,10.8,7.8383,0.3778497888572778
2014-02-11,10.74,7.8173,0.3738758906527828
2014-02-12,10.87,7.8165,0.3906479882300262
2014-02-13,10.95,7.803,0.4033064206074586
2014-02-14,10.87,7.7803,0.3971183630451267
2014-02-17,,7.7645,0.3971183630451267
2014-02-18,10.77,7.7635,0.3872609003671026
2014-02-19,10.5,7.7745,0.3505691684352692
2014-02-20,10.55,7.8023,0.3521653871294363
2014-02-21,10.58,7.8408,0.3493521069278644
2014-02-24,10.55,7.861,0.3420684391298818
2014-02-25,10.4,7.864,0.3224821973550356
2014-02-26,10.51,7.873,0.3349422075447732
2014-02-27,10.5,7.8873,0.3312540413069111
2014-02-28,10.34,7.8782,0.3124825467746439
2014-03-05,10.35,7.8822,0.3130851792646723
2014-03-06,10.32,7.8782,0.3099438958137646
2014-03-07,10.2,7.8657,0.2967695182882641
2014-03-10,10.07,7.8665,0.2801118667768385
2014-03-11,10.19,7.8675,0.2952017794725134
2014-03-12,10.4,7.8747,0.3206852324532998
2014-03-13,10.28,7.8832,0.3040389689466205
2014-03-14,10.39,7.8953,0.3159727939406991
2014-03-17,10.28,7.909,0.2997850550006322
2014-03-18,10.14,7.9348,0.2779150073095731
2014-03-19,10.14,7.9545,0.2747501414293796
2014-03-20,10.29,7.9592,0.2928435018594832
2014-03-21,10.27,7.9707,0.2884690177776103
2014-03-25,10.3,7.9955,0.2882246263523234
2014-03-26,10.29,8.0053,0.2853984235444018
2014-03-27,10.21,8.0065,0.2752138887154187
2014-03-28,10.02,8.0048,0.2517489506296222
2014-03-31,10.0,8.0098,0.2484706234862292
2014-04-01,10.17,8.0012,0.2710593410988351
2014-04-03,10.01,8.0028,0.2508122157244963
2014-04-04,9.93,8.0008,0.2411258874112589
2014-04-07,9.65,8.0018,0.2059786548026696
2014-04-08,9.67,8.0013,0.2085536100383687
2014-04-09,9.6,8.0008,0.1998800119988
2014-04-10,9.52,8.0012,0.1898215267709841
2014-04-11,9.61,8.0013,0.2010548285903539
2014-04-14,9.66,8.0018,0.2072283736159366
2014-04-15,9.59,8.002,0.1984503874031491
2014-04-16,9.62,8.0007,0.2023947904558349
2014-04-21,9.75,8.002,0.2184453886528365
2014-04-22,9.67,8.0015,0.2085234018621509
2014-04-23,9.64,8.0008,0.2048795120487951
2014-04-24,9.59,8.0008,0.1986301369863012
2014-04-25,9.67,8.0005,0.2086744578463846
2014-04-28,9.73,8.0005,0.2161739891256795
2014-04-29,10.02,8.0005,0.2524217236422721
2014-04-30,10.12,8.0015,0.264762856964319
2014-05-05,9.96,8.0012,0.2448132780082987
2014-05-06,9.84,8.0005,0.2299231298043871
2014-05-07,9.85,8.0005,0.2311730516842696
2014-05-08,9.61,8.0008,0.2011298870112987
2014-05-09,9.66,8.0035,0.2069719497719746
2014-05-12,9.77,8.0063,0.2202890223948641
2014-05-13,9.68,8.0197,0.2070276943027793
2014-05-14,9.86,8.0287,0.2280942120143982
2014-05-15,10.13,8.0535,0.2578382069907494
2014-05-16,10.19,8.0605,0.2641895664040692
2014-05-19,10.3,8.0632,0.2774084730628039
2014-05-20,10.76,8.0602,0.334954467631076
2014-05-21,10.92,8.0613,0.354620222544751
2014-05-22,10.77,8.0632,0.3356979859113007
2014-05-23,10.87,8.0653,0.3477489987973168
2014-05-26,10.81,8.0692,0.339661924354335
2014-05-27,10.81,8.0677,0.339911003135962
2014-05-28,11.2,8.0745,0.3870827915041177
2014-05-29,11.27,8.0758,0.395527378092573
2014-05-30,11.13,8.0777,0.3778674622726767
2014-06-02,10.88,8.0825,0.3461181565109807
2014-06-03,10.77,8.0893,0.3313883772390689
2014-06-04,10.65,8.1032,0.314295586928621
2014-06-05,10.56,8.115,0.3012939001848429
2014-06-06,10.59,8.1412,0.3007910381761902
2014-06-09,10.5,8.1308,0.2913858414916119
2014-06-10,10.68,8.1322,0.3132977546051501
2014-06-11,10.6,8.132,0.3034923757993113
2014-06-12,10.51,8.1322,0.2923932023314726
2014-06-13,10.63,8.1325,0.3071011374116201
2014-06-16,10.44,8.1362,0.2831542980752684
2014-06-17,10.38,8.1313,0.276548645358061
2014-06-18,10.71,8.1297,0.3173917856747483
2014-06-19,10.51,8.1317,0.2924726686916634
2014-06-23,10.25,8.1323,0.2604060351929957
2014-06-24,10.07,8.1312,0.238439590712318
2014-06-25,10.12,8.1305,0.2446958981612446
2014-06-26,10.05,8.1318,0.235888733121818
2014-06-27,10.0,8.132,0.2297097884899164
2014-06-30,10.28,8.1327,0.2640328550173989
2014-07-01,10.11,8.1345,0.2428545085745896
2014-07-02,10.12,8.138,0.2435487834848857
2014-07-03,10.09,8.1393,0.2396643445996584
2014-07-04,10.1,8.1437,0.2402225032847476
2014-07-07,10.2,8.1415,0.2528403856783145
2014-07-08,10.1,8.1418,0.2405119261097055
2014-07-10,10.08,8.1463,0.2373715674600738
2014-07-11,9.93,8.1502,0.218375009202228
2014-07-14,9.88,8.1538,0.2117049719149353
2014-07-15,10.12,8.153,0.241260885563596
2014-07-16,10.13,8.1525,0.2425636307881018
2014-07-17,10.11,8.1555,0.2396542210778001
2014-07-18,10.08,8.1577,0.2356423992056584
2014-07-21,9.98,8.1628,0.2226196893222913
2014-07-22,9.96,8.164,0.2199902008819207
2014-07-23,9.91,8.1685,0.2131970373997673
2014-07-24,9.93,8.173,0.2149761409519148
2014-07-25,9.81,8.1768,0.1997358379806282
2014-07-28,9.8,8.1835,0.1975316185006415
2014-07-29,10.07,8.1883,0.2298035001160192
2014-07-30,10.26,8.198,0.2515247621371066
2014-07-31,10.12,8.2102,0.232613091033105
2014-08-01,10.0,8.2243,0.215908952737619
2014-08-04,10.34,8.2492,0.2534548804732579
2014-08-05,10.35,8.2663,0.2520716644689886
2014-08-06,10.42,8.2705,0.2598996433105616
2014-08-07,10.42,8.2727,0.2595645919711822
2014-08-08,10.56,8.2713,0.2767037829603569
2014-08-11,10.5,8.2738,0.2690662089970752
2014-08-12,10.76,8.2718,0.3008051451920983
2014-08-13,11.31,8.2732,0.3670647391577626
2014-08-14,11.47,8.2762,0.3859017423455211
2014-08-15,11.6,8.2803,0.4009154257695977
2014-08-19,11.75,8.2845,0.4183113042428632
2014-08-20,11.78,8.2952,0.4200983701417686
2014-08-21,12.19,8.353,0.4593559200287322
2014-08-22,12.38,8.4245,0.4695234138524542
2014-08-25,12.16,8.4125,0.4454680534918276
2014-08-26,12.4,8.411,0.4742598977529426
2014-08-27,12.71,8.4077,0.5117095043828872
2014-08-28,12.97,8.4052,0.54309237138914
2014-08-29,12.95,8.404,0.5409328891004284
2014-09-01,,8.4087,0.5409328891004284
2014-09-02,12.84,8.4103,0.526699404301868
2014-09-03,12.9,8.4135,0.5332501337136744
2014-09-04,12.75,8.4018,0.517531957437692
2014-09-05,12.54,8.412,0.4907275320970039
2014-09-08,12.96,8.42,0.5391923990498813
2014-09-09,13.3,8.4087,0.5816951490717948
2014-09-10,13.32,8.4045,0.5848652507585221
2014-09-11,13.25,8.4023,0.5769491686800041
2014-09-12,13.27,8.4022,0.5793482659303515
2014-09-15,13.22,8.4035,0.5731540429582913
2014-09-16,13.33,8.4032,0.5863004569687738
2014-09-17,13.42,8.4082,0.5960609880830616
2014-09-18,13.49,8.4237,0.6014340491707919
2014-09-19,13.61,8.4235,0.6157179319760193
2014-09-22,13.91,8.4288,0.6502942293090355
2014-09-23,14.53,8.432,0.7231973434535104
2014-09-24,14.49,8.4272,0.7194323144104806
2014-09-25,14.49,8.4255,0.7197792415880364
2014-09-26,14.73,8.4402,0.7452193075993458
2014-09-29,14.69,8.46,0.7364066193853425
2014-09-30,14.91,8.4643,0.7615160143189632
2014-10-01,15.2,8.4475,0.7993489197987569
2014-10-02,14.36,8.4478,0.6998508487416839
2014-10-03,13.9,8.459,0.6432202387989125
2014-10-06,15.0,8.4645,0.7721070352649302
2014-10-07,14.17,8.467,0.6735561592063304
2014-10-08,14.27,8.4643,0.6859043275876329
2014-10-09,13.77,8.474,0.6249704979938635
2014-10-10,13.46,8.4782,0.5876011417517872
2014-10-14,13.29,8.4752,0.5681045875023598
2014-10-15,13.24,8.478,0.5616890776126446
2014-10-16,13.25,8.4785,0.5627764345108215
2014-10-17,13.79,8.4765,0.6268507048899898
2014-10-20,13.7,8.4837,0.6148614401735091
2014-10-21,14.07,8.4953,0.6562099043000247
2014-10-22,13.82,8.4915,0.6275098628039804
2014-10-23,13.47,8.4895,0.5866658813828849
2014-10-24,13.07,8.4917,0.5391499935230872
2014-10-27,13.19,8.496,0.5524952919020714
2014-10-28,13.17,8.501,0.549229502411481
2014-10-29,12.93,8.5027,0.5206934267938417
2014-10-30,13.04,8.5027,0.533630493843132
2014-10-31,13.05,8.5023,0.5348787975018525
2014-11-03,13.05,8.507,0.5340307981662162
2014-11-04,13.38,8.5065,0.5729148298360076
2014-11-05,13.19,8.5087,0.5501780530515825
2014-11-07,12.98,8.509,0.5254436479022211
2014-11-10,12.73,8.5127,0.4954127362646399
2014-11-11,12.78,8.5122,0.5013744977796573
2014-11-12,12.55,8.5115,0.47447570933443
2014-11-13,12.45,8.5102,0.46295034194261
2014-11-14,12.13,8.5115,0.4251307055160667
2014-11-17,12.12,8.5115,0.4239558244727721
2014-11-18,12.08,8.513,0.4190062257723481
2014-11-19,11.92,8.5137,0.4000963153505525
2014-11-20,11.75,8.5147,0.3799664110303358
2014-11-21,11.78,8.5158,0.3833110218652387
2014-11-25,11.98,8.5197,0.4061527988074698
2014-11-26,11.97,8.5232,0.404402102496715
2014-11-27,,8.526,0.404402102496715
2014-11-28,11.97,8.5255,0.4040232244443142
2014-12-01,12.27,8.5263,0.439076739030998
2014-12-02,11.9,8.5362,0.3940629319837869
2014-12-03,11.91,8.5415,0.3943686706082072
2014-12-04,11.99,8.5445,0.4032418514834104
2014-12-05,12.01,8.5522,0.4043170178433621
2014-12-09,11.88,8.5555,0.3885804453275672
2014-12-10,11.66,8.5538,0.3631368514578315
2014-12-11,11.3,8.5535,0.3210966271117088
2014-12-12,11.53,8.5527,0.3481122920247406
2014-12-15,11.65,8.5533,0.3620473969111337
2014-12-16,11.39,8.5517,0.3318989206824374
2014-12-17,11.65,8.5517,0.362302232304688
2014-12-18,11.65,8.5518,0.3622863022989313
2014-12-19,11.33,8.5518,0.3248672794031666
2014-12-22,11.24,8.5523,0.3142663377103234
2014-12-23,11.29,8.5518,0.320189901541196
2014-12-24,,8.554,0.320189901541196
2014-12-29,11.27,8.554,0.3175122749590833
2014-12-30,11.26,8.552,0.3166510757717493
2015-01-02,11.93,8.5537,0.3947180752189112
2015-01-05,12.24,8.5573,0.4303577062858612
2015-01-06,11.98,8.5668,0.3984218144464677
2015-01-07,12.09,8.5788,0.409288012309414
2015-01-08,12.13,8.59,0.4121071012805588
2015-01-09,12.17,8.5927,0.4163185029152652
2015-01-12,12.02,8.5933,0.3987641534683999
2015-01-13,12.07,8.5937,0.4045172626458917
2015-01-14,12.22,8.5955,0.4216741318131582
2015-01-15,12.16,8.5972,0.4144139952542687
2015-01-16,12.45,8.599,0.447842772415397
2015-01-19,12.41,8.604,0.4423523942352396
2015-01-20,12.41,8.6082,0.4416486605794474
2015-01-21,12.46,8.612,0.4468183929400837
2015-01-22,12.16,8.6205,0.410591033002726
2015-01-23,12.1,8.626,0.4027359146765592
2015-01-26,12.18,8.6287,0.4115683706699733
2015-01-27,12.2,8.6288,0.413869831262748
2015-01-28,12.19,8.6313,0.4123017390196146
2015-01-29,12.31,8.633,0.4259237808409593
2015-01-30,12.19,8.6395,0.4109612824816251
2015-02-02,12.22,8.6488,0.4129127740264546
2015-02-03,12.02,8.6603,0.3879426809694815
2015-02-04,12.33,8.6623,0.4234094870877249
2015-02-05,12.27,8.6625,0.4164502164502164
2015-02-06,12.11,8.6615,0.3981411995612769
2015-02-09,12.31,8.6647,0.4207070065899569
2015-02-10,12.3,8.6702,0.4186523955618095
2015-02-11,12.25,8.6753,0.4120549145274514
2015-02-12,12.21,8.6788,0.4068765267087615
2015-02-13,12.2,8.6825,0.4051252519435646
2015-02-18,12.29,8.6898,0.4143018251283112
2015-02-19,12.23,8.6933,0.4068305476631428
2015-02-20,12.22,8.7008,0.4044685546156676
2015-02-23,11.96,8.7072,0.3735758912164646
2015-02-24,11.89,8.7153,0.3642674377244617
2015-02-25,11.74,8.7218,0.3460524203719415
2015-02-26,11.77,8.726,0.3488425395370156
2015-02-27,11.68,8.7243,0.3387893584585584
2015-03-02,11.92,8.731,0.3652502577024397
2015-03-03,11.82,8.736,0.3530219780219779
2015-03-04,11.84,8.743,0.3542262381333638
2015-03-05,11.82,8.7473,0.351274107438867
2015-03-06,11.74,8.7557,0.3408408236919951
2015-03-09,11.87,8.7612,0.354837236908186
2015-03-10,11.91,8.7682,0.3583175566250769
2015-03-11,11.87,8.7748,0.3527373843278476
2015-03-12,11.86,8.7787,0.3509973002836408
2015-03-13,11.81,8.783,0.3446430604577024
2015-03-16,11.97,8.7833,0.362813521113932
2015-03-17,12.0,8.7855,0.3658869728529963
2015-03-18,11.91,8.7913,0.3547484444848885
2015-03-19,12.04,8.7933,0.3692242957706433
2015-03-20,12.07,8.7963,0.3721678432977502
2015-03-25,11.97,8.8023,0.3598718516751302
2015-03-26,12.01,8.804,0.3641526578827805
2015-03-27,11.75,8.809,0.3338630945623795
2015-03-30,11.9,8.8158,0.3498491345084962
2015-03-31,11.97,8.8197,0.3571890200346952
2015-04-01,12.13,8.826,0.3743485157489237
2015-04-06,11.99,8.8295,0.3579477886630049
2015-04-07,12.13,8.8343,0.373057288070362
2015-04-08,12.13,8.8388,0.3723582386749331
2015-04-09,11.85,8.8435,0.3399672075535702
2015-04-10,11.95,8.8482,0.3505571754707171
2015-04-13,11.93,8.8543,0.3473679455179967
2015-04-14,11.86,8.8578,0.3389329178802864
2015-04-15,12.15,8.8638,0.3707439247275437
2015-04-16,12.14,8.8673,0.3690751412493094
2015-04-17,12.14,8.8668,0.3691523435737809
2015-04-20,12.11,8.8692,0.365399359581473
2015-04-21,11.98,8.8728,0.3501938508700748
2015-04-22,11.69,8.8772,0.3168566665164691
2015-04-23,11.88,8.8823,0.3374914155117481
2015-04-24,11.95,8.8878,0.3445397061139987
2015-04-27,11.97,8.8935,0.3459268004722551
2015-04-28,11.8,8.8975,0.3262152289969091
2015-04-29,11.78,8.8995,0.3236698690937694
2015-04-30,11.94,8.9047,0.3408649364942109
2015-05-04,11.93,8.9103,0.3388999248061233
2015-05-05,11.88,8.9142,0.3327051221646364
2015-05-06,11.77,8.919,0.3196546698060318
2015-05-07,11.9,8.9232,0.3336022951407567
2015-05-08,11.92,8.927,0.3352750084014786
2015-05-11,12.01,8.9318,0.3446337804249981
2015-05-12,11.96,8.9357,0.3384513804178743
2015-05-13,11.96,8.9388,0.3379872018615475
2015-05-14,11.97,8.944,0.3383273703041145
2015-05-15,11.94,8.9475,0.3344509639564124
2015-05-18,12.05,8.951,0.3462182996313261
2015-05-19,11.99,8.9568,0.3386477313326188
2015-05-20,11.83,8.9607,0.3202093586438561
2015-05-21,11.83,8.9657,0.319473103048284
2015-05-22,11.8,8.9698,0.315525429775469
2015-05-26,11.84,8.9745,0.3192935539584376
2015-05-27,11.7,8.981,0.3027502505288943
2015-05-28,11.69,8.9848,0.3010862790490605
2015-05-29,11.71,8.9893,0.3026598289077014
2015-06-01,11.68,8.9965,0.2982826654810204
2015-06-02,11.66,9.0008,0.295440405297307
2015-06-03,11.72,9.005,0.3014991671293725
2015-06-04,11.67,9.0095,0.2952994061823633
2015-06-05,11.61,9.0143,0.2879535848596117
2015-06-08,11.65,9.018,0.2918607229984475
2015-06-09,11.64,9.0223,0.290136661383461
2015-06-10,11.75,9.0282,0.3014775924326001
2015-06-11,11.7,9.0325,0.2953224467201769
2015-06-12,11.74,9.036,0.2992474546259407
2015-06-15,11.96,9.0403,0.3229649458535668
2015-06-16,11.86,9.045,0.3112216694306247
2015-06-17,12.07,9.0477,0.3340406954253567
2015-06-18,12.2,9.0522,0.3477386712622345
2015-06-19,12.43,9.0565,0.3724948931706509
2015-06-22,12.37,9.0605,0.3652668175045528
2015-06-23,12.47,9.0645,0.3756963980362955
2015-06-24,12.36,9.069,0.362884551769765
2015-06-25,12.48,9.0723,0.3756158857180649
2015-06-26,12.68,9.0767,0.3969834851873477
2015-06-29,12.86,9.0818,0.4160188508885905
2015-06-30,12.87,9.0865,0.4163869476696198
2015-07-01,13.14,9.092,0.4452265728112625
2015-07-02,13.38,9.0973,0.4707660514658196
2015-07-03,,9.1022,0.4707660514658196
2015-07-06,13.19,9.1072,0.4483046380885451
2015-07-07,13.26,9.1127,0.4551120963051565
2015-07-08,13.28,9.117,0.4566195020291761
2015-07-10,13.35,9.122,0.4634948476211358
2015-07-13,13.34,9.1273,0.4615494176810228
2015-07-14,13.27,9.132,0.4531318440648271
2015-07-15,13.35,9.1362,0.4612202009588231
2015-07-16,13.29,9.1415,0.4538095498550565
2015-07-17,13.26,9.1462,0.4497824233014802
2015-07-20,13.34,9.1503,0.4578756980645444
2015-07-21,13.72,9.1548,0.4986673657534846
2015-07-22,13.58,9.16,0.482532751091703
2015-07-23,13.33,9.1643,0.4545573584452711
2015-07-24,13.34,9.1683,0.4550134703271054
2015-07-27,13.14,9.1727,0.4325116923043377
2015-07-28,13.14,9.1778,0.4317156617054196
2015-07-29,13.25,9.1815,0.4431193160159015
2015-07-30,13.24,9.1843,0.4415905403786897
2015-07-31,13.28,9.1873,0.4454736429636561
2015-08-03,13.31,9.1937,0.4477305111108696
2015-08-04,13.45,9.1987,0.462163131746877
2015-08-05,13.4,9.2035,0.4559678383223773
2015-08-06,13.34,9.2088,0.4486143688645643
2015-08-07,13.33,9.2135,0.4467900363596897
2015-08-10,13.37,9.2183,0.4503758827549549
2015-08-11,13.35,9.2243,0.4472642910573161
2015-08-12,13.41,9.2312,0.452682208163619
2015-08-13,13.43,9.2362,0.4540611939975314
2015-08-14,13.43,9.2408,0.4533373733875854
2015-08-18,13.44,9.2455,0.4536801687307339
2015-08-19,13.43,9.2505,0.4518134154910544
2015-08-20,13.42,9.255,0.4500270124257157
2015-08-21,13.46,9.2598,0.4535951100455733
2015-08-24,13.52,9.2662,0.4590662839135784
2015-08-25,13.51,9.272,0.4570750647109576
2015-08-26,13.8,9.278,0.4873895236042249
2015-08-27,13.74,9.284,0.4799655320982334
2015-08-28,13.98,9.2898,0.5048763159594396
2015-08-31,13.89,9.2955,0.4942714216556398
2015-09-01,13.91,9.302,0.4953773382068374
2015-09-02,13.97,9.3088,0.5007304915778619
2015-09-03,14.08,9.315,0.5115405260332797
2015-09-04,13.95,9.3237,0.4961871360082368
2015-09-07,,9.3338,0.4961871360082368
2015-09-08,13.95,9.3347,0.4944240307669234
2015-09-09,14.07,9.343,0.5059402761425666
2015-09-10,14.04,9.349,0.5017648946411379
2015-09-11,14.09,9.3533,0.5064201939422448
2015-09-14,14.1,9.3572,0.5068610268028897
2015-09-15,14.13,9.3638,0.5090027552916552
2015-09-16,14.12,9.3693,0.5070496195019902
2015-09-17,14.13,9.375,0.5072000000000001
2015-09-18,14.13,9.3803,0.5063484110316301
2015-09-21,14.17,9.3858,0.5097274606320186
2015-09-22,14.15,9.3917,0.5066494883780359
2015-09-23,13.2,9.3978,0.4045840515865415
2015-09-24,13.3,9.4023,0.4145475043340458
2015-09-25,13.34,9.4053,0.4183492286264128
2015-09-28,13.83,9.4095,0.4697911684999203
2015-09-29,13.87,9.4147,0.4732280370059587
2015-09-30,13.94,9.4192,0.4799558348904365
2015-10-01,13.93,9.4273,0.4776234977140856
2015-10-02,13.7,9.4355,0.4519633299772136
2015-10-05,13.9,9.4408,0.4723328531480384
2015-10-06,14.02,9.4492,0.4837234898192439
2015-10-07,13.99,9.4537,0.4798438706538181
2015-10-08,13.94,9.4608,0.4734483341789275
2015-10-09,13.87,9.4655,0.4653214304579789
2015-10-13,13.95,9.4712,0.4728862234986062
2015-10-14,13.85,9.4802,0.4609396426235732
2015-10-15,13.67,9.483,0.441526942950543
2015-10-16,13.8,9.4888,0.4543461765449794
2015-10-19,13.97,9.4962,0.4711147616941513
2015-10-20,14.05,9.502,0.4786360766154494
2015-10-21,13.94,9.5087,0.4660258500110426
2015-10-22,14.04,9.5132,0.4758440903166128
2015-10-23,14.11,9.5198,0.482173995252001
2015-10-26,14.12,9.5268,0.4821346097325438
2015-10-27,14.04,9.5322,0.4729023730093786
2015-10-28,13.57,9.538,0.4227301321031662
2015-10-29,13.7,9.542,0.4357577027876755
2015-10-30,13.66,9.546,0.4309658495705009
2015-11-02,13.69,9.554,0.4329076826460121
2015-11-03,13.74,9.562,0.43693787910479
2015-11-04,13.77,9.5697,0.4389165804570676
2015-11-05,13.74,9.5785,0.4344625985279533
2015-11-09,13.86,9.586,0.4458585437095763
2015-11-10,14.29,9.594,0.4894725870335625
2015-11-11,14.37,9.6023,0.4965164595982212
2015-11-12,14.25,9.6138,0.4822442738563315
2015-11-13,14.37,9.6223,0.4934059424461927
2015-11-16,14.46,9.6298,0.5015888180439887
2015-11-17,14.77,9.64,0.5321576763485476
2015-11-18,14.92,9.6478,0.5464665519600322
2015-11-19,14.86,9.656,0.5389395194697595
2015-11-20,14.89,9.6662,0.5404191926506798
2015-11-23,14.86,9.671,0.5365525798779858
2015-11-24,14.6,9.6732,0.5093247322499277
2015-11-25,14.4,9.678,0.4879107253564785
2015-11-26,,9.6847,0.4879107253564785
2015-11-30,14.51,9.688,0.4977291494632534
2015-12-01,14.47,9.6975,0.4921371487496779
2015-12-02,14.68,9.707,0.5123107036159471
2015-12-03,14.73,9.7178,0.5157751754512339
2015-12-04,14.79,9.7273,0.5204630267391774
2015-12-09,15.13,9.7367,0.553914570645085
2015-12-10,15.17,9.7488,0.5560889545379946
2015-12-11,15.35,9.7728,0.5706859855926654
2015-12-14,15.13,9.7875,0.5458492975734357
2015-12-15,14.88,9.806,0.5174383030797474
2015-12-16,14.53,9.8268,0.4786095168315218
2015-12-17,14.26,13.7633,0.0360887287205831
2015-12-18,14.02,13.4217,0.0445770654984092
2015-12-21,13.93,12.8083,0.0875760249213402
2015-12-22,13.74,12.9375,0.0620289855072464
2015-12-23,13.9,13.0442,0.0656077030404318
2015-12-24,,13.05,0.0656077030404318
2015-12-28,14.33,13.0558,0.0975964705341687
2015-12-29,14.34,12.9658,0.1059865183791204
2015-12-30,14.14,12.9757,0.0897292631611397
2015-12-31,,13.005,0.0897292631611397
2016-01-04,13.69,13.0692,0.0475009947051081
2016-01-05,13.66,13.455,0.0152359717577108
2016-01-06,14.2,13.835,0.0263823635706539
2016-01-07,14.16,13.9413,0.015687202771621
2016-01-08,14.54,13.865,0.0486837360259646
2016-01-11,14.47,13.8725,0.0430708235718146
2016-01-12,14.19,13.5833,0.0446651402825528
2016-01-13,13.97,13.56,0.03023598820059
2016-01-14,13.83,13.46,0.0274888558692421
2016-01-15,13.71,13.4367,0.0203398155797183
2016-01-18,,13.5117,0.0203398155797183
2016-01-19,13.78,13.4867,0.0217473510940406
2016-01-20,13.9,13.4467,0.0337108732997688
2016-01-21,13.86,13.5533,0.0226291751824279
2016-01-22,13.74,13.715,0.0018228217280349
2016-01-25,14.14,13.7832,0.0258865865691566
2016-01-26,14.02,13.8378,0.0131668328780587
2016-01-27,14.0,13.8912,0.0078322967058281
2016-01-28,14.0,13.8892,0.0079774213057626
2016-01-29,13.98,13.904,0.0054660529344074
2016-02-01,14.24,14.0883,0.0107678002313977
2016-02-02,14.4,14.1367,0.0186252802987967
2016-02-03,14.33,14.1433,0.0132005967489907
2016-02-04,14.41,14.1862,0.0157758948837603
2016-02-05,14.51,14.3142,0.0136787246231016
2016-02-10,14.63,14.4717,0.0109385904904053
2016-02-11,14.85,14.5592,0.0199736249244464
2016-02-12,14.95,14.7298,0.0149492864804681
2016-02-15,,14.7733,0.0149492864804681
2016-02-16,15.18,14.8498,0.022235989710299
2016-02-17,15.35,14.9142,0.0292204744471711
2016-02-18,15.36,15.0333,0.0217317555027838
2016-02-19,15.28,15.0283,0.0167484013494541
2016-02-22,15.2,15.09,0.0072895957587806
2016-02-23,15.32,15.42,-0.0064850843060959
2016-02-24,15.52,15.3483,0.0111869066932492
2016-02-25,15.54,15.3708,0.0110078850808026
2016-02-26,15.45,15.435,0.0009718172983477
2016-02-29,15.57,15.5842,-0.0009111792713132
2016-03-01,15.9,15.9192,-0.0012060907583295
2016-03-02,16.03,15.6852,0.0219825058016474
2016-03-03,15.76,15.445,0.0203949498219488
2016-03-04,15.49,15.195,0.0194142810134911
2016-03-07,15.46,15.3442,0.0075468255106163
2016-03-08,15.48,15.4392,0.002642623970154
2016-03-09,15.41,15.3633,0.0030397115203113
2016-03-10,15.35,15.3403,0.0006323214017978
2016-03-11,15.34,15.1183,0.0146643471818921
2016-03-14,14.95,14.8017,0.0100191194254712
2016-03-15,14.81,14.6083,0.0138072191836149
2016-03-16,14.64,14.5093,0.0090080155486482
2016-03-17,14.72,14.6273,0.0063374648773184
2016-03-18,14.88,14.8217,0.0039334219421525
2016-03-21,14.76,14.5808,0.0122901349720179
2016-03-22,14.56,14.2458,0.0220556234118127
2016-03-23,14.46,14.426,0.0023568556772495
2016-03-28,14.5,14.6383,-0.0094478183942123
2016-03-29,14.74,14.884,-0.0096748185971513
2016-03-30,14.75,14.6167,0.0091197055422906
2016-03-31,14.79,14.5817,0.0142850284946198
2016-04-01,14.82,14.7033,0.0079369937361
2016-04-04,14.86,14.7792,0.0054671430118002
2016-04-05,14.86,14.6817,0.0121443702023607
2016-04-06,14.79,14.6913,0.0067182618284289
2016-04-07,14.75,14.525,0.0154905335628225
2016-04-08,14.61,14.43,0.0124740124740123
2016-04-11,14.56,14.51,0.0034458993797381
2016-04-12,14.61,14.54,0.0048143053645117
2016-04-13,14.52,14.4242,0.0066416161728206
2016-04-14,14.27,14.3683,-0.0068414495799781
2016-04-15,14.51,14.295,0.0150402238544946
2016-04-18,14.29,14.14,0.0106082036775105
2016-04-19,14.24,14.1418,0.0069439533864148
2016-04-20,14.41,14.2425,0.0117605757416183
2016-04-21,14.39,14.36,0.0020891364902506
2016-04-22,14.51,14.4558,0.0037493601184299
2016-04-25,14.47,14.3308,0.0097133446841768
2016-04-26,14.42,14.3122,0.0075320356059864
2016-04-27,14.37,14.2408,0.0090725240155047
2016-04-28,14.25,14.1702,0.0056315366049879
2016-04-29,14.26,14.2582,0.0001262431442958
2016-05-02,14.34,14.2617,0.0054902290750751
2016-05-03,14.24,14.2098,0.0021252938113134
2016-05-04,14.26,14.2133,0.0032856549851194
2016-05-05,13.96,14.2535,-0.020591433682955
2016-05-06,14.19,14.2355,-0.0031962347651997
2016-05-09,14.16,14.2242,-0.004513434850466
2016-05-10,14.23,14.2312,-8.432177188144596e-05
2016-05-11,14.23,14.222,0.0005625087891998
2016-05-12,14.15,14.1987,-0.0034298914689373
2016-05-13,14.15,14.1622,-0.0008614480801005
2016-05-16,14.17,14.1498,0.0014275820152933
2016-05-17,14.17,14.1318,0.0027031234520726
2016-05-18,14.1,14.1108,-0.0007653712050343
2016-05-19,14.03,14.1222,-0.0065287278186118
2016-05-20,14.01,14.0803,-0.0049927913467752
2016-05-23,14.05,14.0117,0.0027334299192818
2016-05-24,13.97,14.0233,-0.0038008172113553
2016-05-26,14.07,14.0875,-0.0012422360248447
2016-05-27,14.05,13.9867,0.0045257280130408
2016-05-30,,13.9633,0.0045257280130408
2016-05-31,14.05,14.0127,0.0026618710170061
2016-06-01,14.14,13.9537,0.0133512975053211
2016-06-02,14.1,13.9343,0.0118915194878823
2016-06-03,14.03,13.8783,0.01093073359129
2016-06-06,13.98,13.7773,0.0147126069694352
2016-06-07,13.93,13.8042,0.009113168455977
2016-06-08,13.98,13.835,0.0104806649801227
2016-06-09,13.91,13.8498,0.0043466331643777
2016-06-10,13.88,13.8197,0.0043633363965933
2016-06-13,13.88,13.7983,0.0059210192559953
2016-06-14,13.91,13.7725,0.0099836630967506
2016-06-15,13.92,13.7568,0.0118632240055827
2016-06-16,13.87,13.7935,0.0055460905498967
2016-06-21,14.03,13.8783,0.01093073359129
2016-06-22,14.11,14.0253,0.0060390865079533
2016-06-23,14.28,14.1908,0.0062857626067593
2016-06-24,14.6,14.8365,-0.0159404172143025
2016-06-27,14.97,15.0302,-0.0040052693909595
2016-06-28,15.4,15.0563,0.0228276535403784
2016-06-29,15.14,14.9042,0.0158210437326391
2016-06-30,15.2,14.92,0.0187667560321715
2016-07-01,15.32,15.119,0.0132945300615119
2016-07-04,,15.0675,0.0132945300615119
2016-07-05,15.22,15.0187,0.0134032905644296
2016-07-06,14.98,14.755,0.0152490681125041
2016-07-07,14.95,14.6925,0.0175259486132379
2016-07-11,14.89,14.71,0.0122365737593472
2016-07-12,14.79,14.5992,0.0130692092717408
2016-07-13,14.68,14.5718,0.0074253009237019
2016-07-14,14.72,14.6203,0.0068192855139772
2016-07-15,14.83,14.8583,-0.0019046593486469
2016-07-18,15.03,15.0557,-0.0017069946930399
2016-07-19,15.27,15.1933,0.0050482778593194
2016-07-20,15.17,14.9967,0.011555875625971
2016-07-21,15.18,15.0425,0.0091407678244972
2016-07-22,15.16,14.9517,0.0139315261809693
2016-07-25,15.06,14.9267,0.0089303060957881
2016-07-26,15.07,14.9583,0.0074674261112559
2016-07-27,15.03,14.9783,0.0034516600682319
2016-07-28,15.1,15.0275,0.0048244884378638
2016-07-29,15.11,15.0447,0.0043403989444787
2016-08-01,15.08,14.9858,0.0062859506999959
2016-08-02,15.03,14.8542,0.0118350365553177
2016-08-03,14.93,14.8675,0.0042038002354127
2016-08-04,14.96,14.8812,0.0052952718866758
2016-08-05,15.04,14.8483,0.0129105688866737
2016-08-08,14.97,14.7908,0.0121156394515509
2016-08-09,14.85,14.7675,0.0055865921787709
2016-08-10,14.85,14.7472,0.0069708147987415
2016-08-11,14.85,14.6583,0.013077914901455
2016-08-12,14.77,14.6525,0.0080191093670021
2016-08-16,14.77,14.6702,0.0068029065725074
2016-08-17,14.76,14.6975,0.0042524238816126
2016-08-18,14.83,14.8525,-0.0015148964820737
2016-08-19,14.95,14.9425,0.0005019240421615
2016-08-22,14.93,14.8995,0.0020470485586765
2016-08-23,14.88,14.8325,0.0032024271026462
2016-08-24,14.87,14.8747,-0.0003159727591145
2016-08-25,14.91,14.8837,0.0017670337348911
2016-08-26,14.99,14.929,0.0040860071002746
2016-08-29,15.05,15.0608,-0.0007170933814936
2016-08-30,15.2,15.0988,0.0067025194055154
2016-08-31,15.1,14.9008,0.0133684097498121
2016-09-01,14.99,14.8843,0.0071014424595043
2016-09-02,14.95,14.9,0.0033557046979864
2016-09-05,,14.995,0.0033557046979864
2016-09-06,15.06,15.0067,0.0035517468863908
2016-09-07,15.08,15.025,0.0036605657237935
2016-09-08,15.13,15.0665,0.0042146483921283
2016-09-09,15.04,15.0577,-0.0011754783267033
2016-09-12,15.01,14.9887,0.0014210705398065
2016-09-13,15.04,14.9125,0.0085498742665548
2016-09-14,15.06,15.0275,0.0021627017135252
2016-09-15,15.1,15.0402,0.003976010957301
2016-09-16,15.1,15.0892,0.0007157437107334
2016-09-19,15.17,15.1508,0.0012672598146632
2016-09-20,15.26,15.1617,0.0064834418304016
2016-09-21,15.24,15.1365,0.0068377762362501
2016-09-22,15.24,15.1682,0.004733587373584
2016-09-23,15.23,15.1607,0.0045710290421945
2016-09-26,15.2,15.2067,-0.0004405952639296
2016-09-27,15.22,15.2677,-0.0031242426822637
2016-09-28,15.35,15.305,0.0029402156158118
2016-09-29,15.41,15.4023,0.0004999253358264
2016-09-30,15.39,15.2633,0.0083009571979848
2016-10-03,15.28,15.225,0.0036124794745484
2016-10-04,15.22,15.18,0.0026350461133071
2016-10-05,15.24,15.1825,0.0037872550633955
2016-10-06,15.24,15.2232,0.0011035787482263
2016-10-07,15.26,15.2092,0.0033400836335901
2016-10-11,15.28,15.1862,0.0061766603890374
2016-10-12,15.26,15.1522,0.0071144784255752
2016-10-13,15.2,15.1152,0.0056102466391447
2016-10-14,15.21,15.1217,0.0058392905559561
2016-10-17,15.16,15.21,-0.0032873109796187
2016-10-18,15.25,15.2015,0.0031904746242148
2016-10-19,15.25,15.2065,0.0028606188143227
2016-10-20,15.28,15.1817,0.0064749007028197
2016-10-21,15.26,15.1503,0.0072407807106129
2016-10-24,15.22,15.1183,0.006726946812803
2016-10-25,15.2,15.1922,0.0005134213609614
2016-10-26,15.26,15.2242,0.0023515192916541
2016-10-27,15.26,15.1797,0.00528995961712
2016-10-28,15.24,15.1858,0.0035691237866954
2016-10-31,15.29,15.1745,0.0076114534251539
2016-11-01,15.23,15.1252,0.0069288339988893
2016-11-02,15.16,15.0842,0.0050251256281408
2016-11-03,15.19,15.125,0.004297520661157
2016-11-04,15.17,15.0745,0.0063352018309064
2016-11-07,15.13,15.0367,0.0062048188764822
2016-11-08,15.16,15.0393,0.0080256394911997
2016-11-09,15.05,15.02,0.0019973368841545
2016-11-10,15.02,15.0183,0.0001131952351465
2016-11-11,15.1,15.2217,-0.0079951647976245
2016-11-14,15.47,15.5308,-0.0039148015556184
2016-11-15,15.77,15.5417,0.0146895127302675
2016-11-16,15.61,15.55,0.0038585209003214
2016-11-17,15.65,15.4735,0.0114065983778719
2016-11-18,15.62,15.4817,0.0089331274989179
2016-11-21,15.6,15.399,0.0130527956360801
2016-11-22,15.53,15.406,0.0080488121511099
2016-11-23,15.58,15.531,0.0031549803618569
2016-11-24,,15.53,0.0031549803618569
2016-11-25,,15.535,0.0031549803618569
2016-11-29,15.65,15.5702,0.0051251750138083
2016-11-30,15.79,15.8442,-0.0034208101387259
2016-12-01,15.96,15.874,0.0054176641048255
2016-12-02,15.86,15.877,-0.0010707312464571
2016-12-05,16.02,15.9397,0.0050377359674271
2016-12-06,16.07,15.8683,0.0127108764013788
2016-12-07,15.98,15.958,0.0013786188745457
2016-12-12,16.07,16.0392,0.0019202952765724
2016-12-13,16.12,16.0183,0.0063489883445808
2016-12-14,16.09,15.9133,0.0111039193630484
2016-12-15,16.06,15.9992,0.0038001900095003
2016-12-16,16.05,15.9523,0.0061245086915366
2016-12-19,16.09,15.8567,0.014713023516873
2016-12-20,15.98,15.8273,0.0096478868790002
2016-12-21,15.96,15.8648,0.0060007059654076
2016-12-22,16.01,15.7733,0.0150063715265671
2016-12-23,15.87,15.5993,0.0173533427782015
2016-12-26,,15.5525,0.0173533427782015
2016-12-27,15.71,15.5225,0.0120792398131743
2016-12-28,15.73,15.5725,0.0101139829828222
2016-12-29,15.87,15.7333,0.0086885777300376
2016-12-30,,15.8502,0.0086885777300376
2017-01-02,,15.9192,0.0086885777300376
2017-01-03,16.09,15.8955,0.0122361674687805
2017-01-04,16.02,16.0533,-0.0020743398553568
2017-01-05,16.03,15.9942,0.0022383113878781
2017-01-06,16.06,15.8535,0.0130255148705331
2017-01-09,15.91,15.8083,0.0064333293269991
2017-01-10,16.0,15.8677,0.008337692293149
2017-01-11,15.89,15.8575,0.0020495033895633
2017-01-12,15.82,15.8208,-5.056634304201335e-05
2017-01-13,15.84,15.843,-0.0001893580761219
2017-01-16,,15.8695,-0.0001893580761219
2017-01-17,15.92,15.8827,0.0023484672001612
2017-01-18,16.02,15.9517,0.004281675307334
2017-01-19,16.0,15.9783,0.0013580919121558
2017-01-20,15.96,15.8567,0.0065145963535919
2017-01-23,15.97,15.9218,0.003027295908754
2017-01-24,15.93,15.9558,-0.0016169668709811
2017-01-25,15.96,15.9312,0.0018077734257306
2017-01-26,16.0,15.9448,0.003461943705785
2017-01-27,16.0,15.8908,0.0068719007224304
2017-01-30,16.01,15.935,0.0047066206463759
2017-01-31,16.01,15.9117,0.006177843976445
2017-02-01,15.96,15.835,0.0078939059046416
2017-02-02,15.85,15.7235,0.008045282538875
2017-02-03,15.84,15.6542,0.0118690191769621
2017-02-06,15.73,15.6175,0.0072034576596766
2017-02-07,15.79,15.7212,0.004376256265425
2017-02-08,15.74,15.685,0.003506534905961
2017-02-09,15.73,15.6325,0.0062370062370062
2017-02-10,15.63,15.5483,0.0052545937497991
2017-02-13,15.6,15.5262,0.0047532557869922
2017-02-14,15.57,15.4845,0.0055216506829409
2017-02-15,15.56,15.4587,0.0065529442967391
2017-02-16,15.48,15.3675,0.007320644216691
2017-02-17,15.49,15.575,-0.0054574638844301
2017-02-20,,15.715,-0.0054574638844301
2017-02-21,15.73,15.6642,0.0042006613807281
2017-02-22,15.68,15.5358,0.0092817878705955
2017-02-23,15.68,15.5698,0.0070778044676231
2017-02-24,15.62,15.455,0.0106761565836297
2017-03-01,15.59,15.477,0.0073011565548879
2017-03-02,15.53,15.3875,0.0092607636068238
2017-03-03,15.53,15.45,0.005177993527508
2017-03-06,15.58,15.4375,0.0092307692307691
2017-03-07,15.53,15.5008,0.00188377374071
2017-03-08,15.64,15.5933,0.0029948760044378
2017-03-09,15.69,15.625,0.0041599999999999
2017-03-10,15.62,15.4767,0.0092590797779887
2017-03-13,15.57,15.5163,0.0034608766265153
2017-03-14,15.53,15.5358,-0.0003733312735746
2017-03-15,15.56,15.5467,0.0008554870165373
2017-03-16,15.63,15.5283,0.006549332509032
2017-03-17,15.59,15.5342,0.003592074261951
2017-03-20,15.57,15.6687,-0.0062991824465334
2017-03-21,15.67,15.6353,0.002219337013041
2017-03-22,15.63,15.5815,0.0031126656612008
2017-03-23,15.62,15.626,-0.0003839754255727
2017-03-27,15.61,15.6075,0.0001601794009289
2017-03-28,15.63,15.5433,0.0055779660689814
2017-03-29,15.59,15.4678,0.0079002831689056
2017-03-30,15.5,15.3998,0.0065065780075066
2017-03-31,15.49,15.3818,0.0070342872745712
2017-04-03,15.51,15.4175,0.0059996756932056
2017-04-04,15.49,15.379,0.0072176344365693
2017-04-05,15.49,15.352,0.0089890568004169
2017-04-06,15.48,15.4075,0.0047055005679053
2017-04-07,15.51,15.3745,0.0088132947412924
2017-04-10,15.46,15.3293,0.0085261557931544
2017-04-11,15.43,15.2393,0.0125136981357412
2017-04-12,15.48,15.1742,0.0201526274861276
2017-04-17,15.48,15.2098,0.0177648621283645
2017-04-18,15.48,15.2255,0.0167153788052938
2017-04-19,15.65,15.4167,0.0151329402531021
2017-04-20,15.76,15.4042,0.0230975967593254
2017-04-21,15.47,15.393,0.0050022737608004
2017-04-24,15.53,15.4192,0.0071858462177025
2017-04-25,15.47,15.4142,0.0036200386656459
2017-04-26,15.43,15.4432,-0.0008547451305428
2017-04-27,15.51,15.4532,0.0036756141122873
2017-04-28,15.48,15.4268,0.0034485440920994
2017-05-02,15.45,15.3258,0.0081039815213561
2017-05-03,15.32,15.2687,0.0033598145225199
2017-05-04,15.35,15.3722,-0.0014441654415112
2017-05-05,15.39,15.335,0.0035865666775349
2017-05-08,15.34,15.3908,-0.0033006731294019
2017-05-09,15.46,15.5467,-0.0055767461905098
2017-05-10,15.56,15.5347,0.0016286120749031
2017-05-11,15.5,15.4575,0.002749474365195
2017-05-12,15.5,15.4127,0.0056641600757816
2017-05-15,15.53,15.4848,0.002918991527175
2017-05-16,15.59,15.5928,-0.0001795700579755
2017-05-17,15.63,15.6248,0.0003328042598944
2017-05-18,15.67,15.9108,-0.015134374135807
2017-05-19,15.9,15.8858,0.0008938800689923
2017-05-22,15.92,16.07,-0.0093341630367144
2017-05-23,16.21,16.0967,0.0070387097976605
2017-05-24,16.2,16.0975,0.0063674483615467
2017-05-26,16.22,16.0383,0.011329130892925
2017-05-29,,16.0075,0.011329130892925
2017-05-30,16.09,16.0658,0.001506305319374
2017-05-31,16.22,16.142,0.0048321149795564
2017-06-01,16.2,16.0577,0.0088617921620155
2017-06-02,16.1,16.0313,0.0042853667512927
2017-06-05,16.11,16.031,0.0049279520928202
2017-06-06,16.11,16.0075,0.0064032484772762
2017-06-07,16.15,16.0055,0.0090281465746147
2017-06-08,16.1,15.9892,0.0069296775323344
2017-06-09,15.97,15.9,0.0044025157232705
2017-06-12,15.9,15.9317,-0.0019897437184982
2017-06-13,15.9,15.892,0.0005033979360684
2017-06-14,15.87,15.851,0.0011986625449498
2017-06-15,15.94,15.9243,0.0009859146084914
2017-06-16,16.0,16.0097,-0.0006058826836229
2017-06-19,16.07,16.0662,0.0002365213927375
2017-06-21,16.13,16.3575,-0.0139079932752561
2017-06-22,16.16,16.1875,-0.0016988416988417
2017-06-23,16.15,16.13,0.0012399256044637
2017-06-26,16.25,16.2388,0.0006897061359212
2017-06-27,16.37,16.39,-0.0012202562538132
2017-06-28,16.32,16.369,-0.0029934632537113
2017-06-29,16.41,16.481,-0.0043079910199624
2017-06-30,16.45,16.5985,-0.0089465915594784
2017-07-03,16.64,16.6817,-0.0024997452298026
2017-07-04,,16.8733,-0.0024997452298026
2017-07-05,16.84,17.0018,-0.0095166394146501
2017-07-06,17.09,17.1483,-0.0033997539114664
2017-07-07,16.96,16.9743,-0.0008424500568505
2017-07-10,16.94,16.99,-0.0029429075927014
2017-07-11,17.02,16.993,0.0015888895427529
2017-07-12,17.14,16.9717,0.0099165080693155
2017-07-13,17.11,16.9517,0.0093382964540429
2017-07-14,17.09,16.8697,0.0130589162818544
2017-07-17,16.96,16.8758,0.0049893930954383
2017-07-18,17.0,17.0267,-0.0015681253560585
2017-07-19,17.21,17.3117,-0.0058746396945417
2017-07-20,17.22,17.1258,0.0055004729706056
2017-07-21,17.32,17.3383,-0.0010554667989364
2017-07-24,17.55,17.5367,0.0007584095069197
2017-07-25,17.56,17.4092,0.0086620867127724
2017-07-26,17.59,17.4743,0.006621152206383
2017-07-27,17.54,17.5617,-0.001235643474151
2017-07-28,17.81,17.7642,0.0025782191148489
2017-07-31,17.87,17.67,0.0113186191284662
2017-08-01,17.72,17.6135,0.0060464984245038
2017-08-02,17.72,17.5648,0.0088358535252321
2017-08-03,17.64,17.6408,-4.534941725986563e-05
2017-08-04,17.72,17.6517,0.0038693157033031
2017-08-07,17.71,17.7017,0.0004688815198541
2017-08-08,17.8,17.7128,0.0049229935413936
2017-08-09,17.83,17.7833,0.0026260592803359
2017-08-10,17.81,17.7298,0.0045234576814177
2017-08-11,17.78,17.712,0.0038392050587172
2017-08-14,17.91,17.1533,0.0441139605790139
2017-08-15,17.21,17.0583,0.0088930315447612
2017-08-16,17.12,17.1117,0.0004850482418463
2017-08-17,17.26,17.2665,-0.0003764515101496
2017-08-18,17.35,17.2822,0.0039231116408791
2017-08-22,17.3,17.2287,0.0041384434112847
2017-08-23,17.25,17.2248,0.0014630068273653
2017-08-24,17.37,17.1767,0.0112536168181316
2017-08-25,17.24,17.2223,0.0010277372940894
2017-08-28,17.24,17.2155,0.0014231361273271
2017-08-29,17.25,17.308,-0.0033510515368615
2017-08-30,17.39,17.4403,-0.0028841246996897
2017-08-31,17.5,17.365,0.0077742585660813
2017-09-01,17.4,17.2367,0.0094739712357934
2017-09-04,,17.2425,0.0094739712357934
2017-09-05,17.32,17.2583,0.0035750914052949
2017-09-06,17.34,17.2183,0.0070680613068654
2017-09-07,17.27,17.2165,0.0031074840995557
2017-09-08,17.25,17.2083,0.0024232492460032
2017-09-11,17.22,17.2012,0.0010929470036973
2017-09-12,17.2,17.1125,0.0051132213294373
2017-09-13,17.1,17.0583,0.0024445577812561
2017-09-14,17.12,17.0123,0.0063307136601165
2017-09-15,17.02,16.972,0.0028281876031108
2017-09-18,17.04,17.0558,-0.0009263710878412
2017-09-19,17.19,17.1983,-0.0004826058389491
2017-09-20,17.19,17.1483,0.0024317279263834
2017-09-21,17.26,17.2755,-0.0008972243929263
2017-09-22,17.33,17.3,0.0017341040462426
2017-09-25,17.39,17.4087,-0.0010741755559001
2017-09-26,17.55,17.6108,-0.0034524269198447
2017-09-27,17.58,17.567,0.0007400239084647
2017-09-28,17.57,17.5562,0.0007860470944738
2017-09-29,17.6,17.3183,0.0162660307304989
2017-10-02,17.41,17.3475,0.0036028246144976
2017-10-03,17.45,17.4283,0.0012451013581358
2017-10-04,17.53,17.3623,0.0096588585613657
2017-10-05,17.44,17.342,0.0056510206435245
2017-10-06,17.44,17.5117,-0.0040944054546389
2017-10-09,17.5,17.47,0.0017172295363481
2017-10-10,17.55,17.4425,0.0061631073527304
2017-10-11,17.51,17.4312,0.0045206296755244
2017-10-12,17.54,17.4342,0.0060685319659059
2017-10-13,17.51,17.361,0.0085824549277115
2017-10-17,17.55,17.3793,0.0098220296559701
2017-10-18,17.49,17.325,0.0095238095238094
2017-10-19,17.38,17.4025,-0.0012929176842407
2017-10-20,17.45,17.471,-0.0012019918722454
2017-10-23,17.49,17.3217,0.0097161364069344
2017-10-24,17.49,17.495,-0.0002857959416977
2017-10-25,17.48,17.4458,0.0019603572206492
2017-10-26,17.45,17.5308,-0.0046090309626486
2017-10-27,17.73,17.6775,0.0029698769622401
2017-10-30,17.63,17.6578,-0.0015743750637113
2017-10-31,17.73,17.6713,0.0033217703281593
2017-11-01,17.7,17.6492,0.0028783174308182
2017-11-02,17.6,17.5733,0.0015193503781305
2017-11-03,17.52,17.5642,-0.0025164823903166
2017-11-07,17.67,17.6703,-1.697764044750194e-05
2017-11-08,17.6,17.5575,0.0024206179695287
2017-11-09,17.53,17.537,-0.0003991560700232
2017-11-10,17.49,17.5158,-0.0014729558455793
2017-11-13,17.4,17.5367,-0.0077950811726266
2017-11-14,17.54,17.4898,0.0028702443710049
2017-11-15,17.51,17.5325,-0.0012833309567943
2017-11-16,17.57,17.4942,0.0043328646065554
2017-11-17,17.68,17.4867,0.0110541154134284
2017-11-21,17.64,17.5102,0.007412822240751
2017-11-22,17.57,17.4672,0.0058853164788863
2017-11-23,,17.4232,0.0058853164788863
2017-11-24,17.47,17.3715,0.005670206948162
2017-11-27,17.5,17.3338,0.009588203394524
2017-11-28,17.44,17.3307,0.0063067273681964
2017-11-29,17.43,17.4217,0.0004764173415912
2017-11-30,17.43,17.3845,0.0026172740084557
2017-12-01,17.42,17.26,0.0092699884125144
2017-12-04,17.29,17.2608,0.0016916944753428
2017-12-05,17.37,17.3513,0.0010777290462387
2017-12-06,17.34,17.2862,0.0031123092408973
2017-12-07,17.31,17.3058,0.0002426932011232
2017-12-11,17.32,17.2697,0.0029126157373897
2017-12-12,17.29,17.2635,0.0015350305557968
2017-12-13,17.29,17.315,-0.001443834825296
2017-12-14,17.38,17.3567,0.0013424210823484
2017-12-15,17.52,17.5517,-0.0018060928571022
2017-12-18,17.72,17.5642,0.0088703157559124
2017-12-19,17.76,17.5658,0.0110555738992816
2017-12-20,17.84,17.7808,0.0033294339962206
2017-12-21,17.78,17.87,-0.0050363738108561
2017-12-22,17.97,18.0108,-0.0022653074821774
2017-12-26,18.06,18.2495,-0.0103838461327708
2017-12-27,18.31,18.435,-0.0067805804176837
2017-12-28,18.38,18.83,-0.0238980350504514
2017-12-29,18.93,18.7742,0.0082986225777927
2018-01-02,18.72,18.55,0.009164420485175
2018-01-03,18.38,18.4158,-0.0019439828842625
2018-01-04,18.53,18.605,-0.0040311744154796
2018-01-05,18.82,18.8608,-0.0021632168306753
2018-01-08,18.89,19.0725,-0.0095687508192424
2018-01-09,19.12,19.0458,0.0038958720557813
2018-01-10,18.98,18.7217,0.013796824006367
2018-01-11,18.64,18.6517,-0.0006272886653764
2018-01-12,18.83,18.715,0.006144803633449
2018-01-15,,18.7208,0.006144803633449
2018-01-16,18.78,18.8258,-0.0024328315396955
2018-01-17,19.05,18.8917,0.0083793411921637
2018-01-18,18.94,18.8525,0.004641294258056
2018-01-19,18.95,18.9625,-0.0006591957811469
2018-01-22,19.02,19.07,-0.0026219192448873
2018-01-23,19.17,19.3167,-0.0075944648930718
2018-01-24,19.38,19.5258,-0.0074670436038473
2018-01-25,19.64,19.4933,0.0075256626635817
2018-01-26,19.64,19.5217,0.0060599230599793
2018-01-29,19.62,19.5717,0.0024678489860359
2018-01-30,19.62,19.5955,0.0012502870557016
2018-01-31,19.68,19.6525,0.0013993130644955
2018-02-01,19.7,19.47,0.0118130457113507
2018-02-02,19.49,19.5,-0.0005128205128206
2018-02-05,19.51,19.5335,-0.0012030614073258
2018-02-06,19.48,19.69,-0.01066531234129
2018-02-07,19.58,19.6242,-0.0022523211137269
2018-02-08,19.7,19.8408,-0.0070964880448369
2018-02-09,20.0,20.1258,-0.0062506832026554
2018-02-14,20.03,20.025,0.0002496878901374
2018-02-15,20.15,19.7367,0.0209406841062589
2018-02-16,20.03,19.6667,0.0184728500460169
2018-02-19,,19.8375,0.0184728500460169
2018-02-20,20.11,19.9375,0.0086520376175547
2018-02-21,19.98,19.9208,0.0029717682020802
2018-02-22,20.01,19.9407,0.003475304277182
2018-02-23,20.06,19.9683,0.0045922787618375
2018-02-26,20.03,20.0442,-0.0007084343600641
2018-02-27,20.32,20.16,0.0079365079365079
2018-02-28,20.31,20.115,0.0096942580164056
2018-03-01,20.16,20.162,-9.919650828282832e-05
2018-03-02,20.38,20.2308,0.0073748937263973
2018-03-05,20.43,20.2942,0.0066915670487133
2018-03-06,20.33,20.1982,0.0065253339406481
2018-03-07,20.41,20.3492,0.0029878324455014
2018-03-08,20.42,20.3875,0.001594114040466
2018-03-09,20.45,20.2725,0.0087557035392773
2018-03-12,20.32,20.2192,0.0049853604494738
2018-03-13,20.29,20.1887,0.0050176583930614
2018-03-14,20.25,20.1927,0.0028376591540508
2018-03-15,20.22,20.2665,-0.002294426763378
2018-03-16,20.29,20.2918,-8.870578263142637e-05
2018-03-19,20.23,20.2525,-0.0011109739538328
2018-03-20,20.13,20.239,-0.0053856415830823
2018-03-21,20.27,20.2805,-0.0005177387145287
2018-03-22,20.29,20.2465,0.0021485194971968
2018-03-23,20.3,20.2142,0.0042445409662514
2018-03-26,20.29,20.1642,0.0062387796193252
2018-03-27,20.19,20.1625,0.0013639181649101
2018-03-28,20.15,20.1433,0.0003326168006234
2018-04-03,20.2,20.1648,0.0017456161231452
2018-04-04,20.18,20.198,-0.0008911773442915
2018-04-05,20.21,20.1842,0.0012782275244993
2018-04-06,20.22,20.2125,0.0003710575139146
2018-04-09,20.25,20.1937,0.0027879982370739
2018-04-10,20.3,20.1908,0.0054084038274857
2018-04-11,20.2,20.1598,0.0019940674014622
2018-04-12,20.19,20.1693,0.0010263122666627
2018-04-13,20.19,20.2077,-0.0008759037396635
2018-04-16,20.21,20.2163,-0.0003116297245291
2018-04-17,20.18,20.181,-4.955155839658776e-05
2018-04-18,20.19,20.145,0.0022338049143708
2018-04-19,20.14,20.1557,-0.0007789359833694
2018-04-20,20.23,20.1862,0.0021697991697298
2018-04-23,20.24,20.2455,-0.0002716653083402
2018-04-24,20.26,20.2533,0.0003308102877062
2018-04-25,20.23,20.2595,-0.0014561070115254
2018-04-26,20.22,20.4475,-0.0111260545298937
2018-04-27,20.83,20.6917,0.006683839413871
2018-05-02,20.66,20.9658,-0.0145856585486841
2018-05-03,21.29,21.7492,-0.0211134202637337
2018-05-04,22.75,21.6958,0.0485900496870361
2018-05-07,22.03,21.825,0.009392898052692
2018-05-08,22.38,22.7633,-0.016838507597756
2018-05-09,22.38,22.5683,-0.00834356154429
2018-05-10,22.68,22.6305,0.0021873135812287
2018-05-11,22.6,23.2333,-0.0272582887493382
2018-05-14,24.13,24.7683,-0.0257708441838964
2018-05-15,25.73,24.7997,0.0375125505550471
2018-05-16,24.8,24.0367,0.0317556070508846
2018-05-17,24.91,24.3292,0.0238725482136692
2018-05-18,24.91,24.6033,0.0124658074323362
2018-05-21,24.91,24.2692,0.0264038369620753
2018-05-22,24.49,24.3617,0.0052664633420491
2018-05-23,24.32,24.4352,-0.004714510214772
2018-05-24,24.42,24.5567,-0.0055667088818935
2018-05-28,,24.7,-0.0055667088818935
2018-05-29,24.74,24.9,-0.0064257028112449
2018-05-30,24.93,24.905,0.0010038144950812
2018-05-31,24.96,24.9475,0.0005010522096402
2018-06-01,25.02,24.9625,0.0023034551827743
2018-06-04,25.17,24.9592,0.0084457835187026
2018-06-05,24.99,24.9653,0.0009893732500709
2018-06-06,25.12,24.9195,0.0080459078231907
2018-06-07,25.05,24.9703,0.0031917918487163
2018-06-08,25.03,25.4733,-0.0174025352035267
2018-06-11,25.49,25.4292,0.0023909521337672
2018-06-12,26.05,25.8617,0.0072810372094642
2018-06-13,26.7,25.7283,0.0377677499096325
2018-06-14,26.27,27.0617,-0.0292553682880232
2018-06-15,28.18,27.8767,0.0108800539518665
2018-06-18,28.51,27.8967,0.0219846791914457
2018-06-19,27.6,27.7133,-0.0040882897381401
2018-06-21,28.23,27.5533,0.0245596716182816
2018-06-22,28.07,27.2042,0.0318259680490513
2018-06-25,27.36,27.0167,0.0127069553276306
2018-06-26,27.19,27.1217,0.0025182787214665
2018-06-27,27.29,27.2967,-0.0002454509153121
2018-06-28,27.29,27.8117,-0.0187582923733535
2018-06-29,28.23,28.8617,-0.0218871376252957
2018-07-02,28.64,28.7217,-0.0028445391463596
2018-07-03,28.67,27.9417,0.0260649853086962
2018-07-04,,28.0317,0.0260649853086962
2018-07-05,27.98,28.1675,-0.0066566077926688
2018-07-06,28.27,28.08,0.0067663817663818
2018-07-10,28.05,27.5633,0.0176575373775997
2018-07-11,27.29,27.4592,-0.0061618692460085
2018-07-12,27.43,27.1467,0.0104358909186015
2018-07-13,27.28,27.2467,0.0012221663540905
2018-07-16,27.28,27.2958,-0.0005788436316209
2018-07-17,27.31,27.4883,-0.006486396030311
2018-07-18,27.62,27.6417,-0.0007850457822782
2018-07-19,27.72,27.735,-0.0005408328826392
2018-07-20,27.74,27.65,0.003254972875226
2018-07-23,27.69,27.6283,0.0022332173894159
2018-07-24,27.73,27.4892,0.0087598038502394
2018-07-25,27.48,27.3592,0.0044153337816894
2018-07-26,27.4,27.44,-0.0014577259475219
2018-07-27,27.47,27.3517,0.0043251424957131
2018-07-30,27.37,27.3392,0.0011265874641539
2018-07-31,27.33,27.3425,-0.0004571637560575
2018-08-01,27.45,27.5117,-0.0022426822042985
2018-08-02,27.64,27.6008,0.0014202486884438
2018-08-03,27.43,27.3817,0.0017639518364456
2018-08-06,27.3,27.3733,-0.0026777918628736
2018-08-07,27.31,27.2717,0.0014043862318813
2018-08-08,27.28,27.5233,-0.0088397830202046
2018-08-09,27.65,27.97,-0.0114408294601359
2018-08-10,28.1,29.2,-0.0376712328767122
2018-08-13,29.55,30.0083,-0.0152724412912427
2018-08-14,30.21,29.415,0.0270270270270271
2018-08-15,29.9,30.005,-0.0034994167638726
2018-08-16,30.33,29.81,0.0174438108017442
2018-08-17,30.03,29.7942,0.0079142920434178
2018-08-21,30.05,29.9667,0.0027797521915993
2018-08-22,30.06,30.195,-0.0044709388971684
2018-08-23,30.32,30.2017,0.0039169980497786
2018-08-24,30.56,30.5683,-0.000271523113814
2018-08-27,30.94,30.9158,0.0007827712690597
2018-08-28,31.17,31.3517,-0.0057955389978852
2018-08-29,31.81,31.9417,-0.0041231368399302
2018-08-30,33.76,39.6083,-0.1476533958791466
2018-08-31,39.5,37.125,0.063973063973064
2018-09-03,,38.0333,0.063973063973064
2018-09-04,37.87,39.225,-0.0345442957297642
2018-09-05,39.19,38.8117,0.0097470608089826
2018-09-06,37.72,37.6917,0.0007508284317236
2018-09-07,37.72,36.985,0.0198729214546438
2018-09-10,37.19,37.39,-0.005349023803156
2018-09-11,37.6,37.9158,-0.008328981585513
2018-09-12,38.19,37.8733,0.0083620914998163
2018-09-13,38.64,38.7117,-0.0018521532249939
2018-09-14,39.91,39.7083,0.0050795425641489
2018-09-17,40.07,39.5792,0.0124004527630674
2018-09-18,39.8,39.7317,0.0017190303963836
2018-09-19,40.14,39.46,0.0172326406487581
2018-09-20,39.5,38.3117,0.0310166346050944
2018-09-21,38.17,37.575,0.01583499667332
2018-09-24,37.31,37.3,0.0002680965147454
2018-09-25,37.48,38.4,-0.0239583333333334
2018-09-26,38.38,38.69,-0.0080124063065389
2018-09-27,38.48,39.51,-0.026069349531764
2018-09-28,39.77,40.8967,-0.0275499001141901
2018-10-01,41.41,40.3417,0.0264812836345516
2018-10-02,39.53,38.1633,0.035811892577424
2018-10-03,38.15,37.6083,0.0144037353456549
2018-10-04,37.73,38.5183,-0.0204655968721362
2018-10-05,,38.0167,-0.0204655968721362
2018-10-08,37.82,37.545,0.0073245438806763
2018-10-09,37.42,37.2467,0.0046527611842124
2018-10-10,37.08,37.2933,-0.0057195260274635
2018-10-11,37.51,36.9183,0.0160272818629243
2018-10-12,36.87,36.2383,0.0174318331709819
2018-10-16,37.14,36.3583,0.0214999051110751
2018-10-17,36.2,36.3033,-0.0028454713483346
2018-10-18,36.31,36.4133,-0.0028368755372349
2018-10-19,36.83,36.5533,0.0075697679826445
2018-10-22,36.62,36.4167,0.0055826035857176
2018-10-23,36.68,36.7733,-0.0025371669118626
2018-10-24,36.9,36.5417,0.0098052362095906
2018-10-25,37.35,36.7883,0.0152684413250951
2018-10-26,36.91,36.785,0.0033981242354219
2018-10-29,36.97,36.7933,0.0048025048038635
2018-10-30,36.63,36.8317,-0.0054762609382676
2018-10-31,35.93,36.1967,-0.0073680749902615
2018-11-01,35.89,35.7433,0.0041042656945498
2018-11-02,35.66,35.59,0.0019668446192748
2018-11-05,35.79,35.5475,0.0068218580772205
2018-11-07,35.76,35.7617,-4.753689002479078e-05
2018-11-08,35.78,35.6092,0.004796513260618
2018-11-09,35.55,35.4883,0.0017386011727806
2018-11-12,35.55,35.505,0.0012674271229402
2018-11-13,35.99,35.885,0.0029260136547304
2018-11-14,36.06,36.1233,-0.0017523315976114
2018-11-15,36.3,36.065,0.0065160127547483
2018-11-16,36.15,35.9767,0.0048170065625807
2018-11-20,36.25,36.2583,-0.000228913104034
2018-11-21,36.43,36.2733,0.0043199819150725
2018-11-22,36.49,36.425,0.0017844886753604
2018-11-23,37.81,36.8867,0.0250307021229876
2018-11-26,39.17,38.155,0.0266020180841304
2018-11-27,38.67,38.875,-0.0052733118971061
2018-11-28,38.62,38.5317,0.0022916196274753
2018-11-29,37.68,38.0217,-0.0089869732284459
2018-12-03,36.67,36.89,-0.0059636757928978
2018-12-04,37.48,37.0617,0.0112865842635387
2018-12-05,37.57,37.9383,-0.0097078677747816
2018-12-06,37.88,37.8567,0.0006154788980552
2018-12-07,37.62,37.3583,0.0070051367433743
2018-12-10,37.83,37.7017,0.0034030295716107
2018-12-11,37.71,37.6483,0.0016388522190908
2018-12-12,37.75,37.6367,0.0030103595692503
2018-12-13,38.1,37.8033,0.0078485211608509
2018-12-14,38.47,38.165,0.0079916153543821
2018-12-17,38.53,38.3217,0.0054355626185687
2018-12-18,38.52,38.2133,0.0080260014183544
2018-12-19,38.58,38.3017,0.0072659960262859
2018-12-20,38.41,38.07,0.008930916732335
2018-12-21,38.14,38.0783,0.0016203454460941
2018-12-26,38.55,38.51,0.0010386912490261
2018-12-27,38.68,38.57,0.0028519574799066
2018-12-28,38.11,37.8083,0.0079797293186945
2019-01-02,37.82,37.9333,-0.0029868216052914
2019-01-03,37.68,37.5517,0.0034166229491607
2019-01-04,37.56,37.39,0.0045466702326826
2019-01-07,37.37,37.3583,0.0003131834157334
2019-01-08,37.75,37.3742,0.0100550647237933
2019-01-09,37.45,37.4708,-0.0005550989036795
2019-01-10,37.34,37.3092,0.0008255336485372
2019-01-11,37.09,37.1033,-0.0003584586815725
2019-01-14,36.99,37.095,-0.0028305701577031
2019-01-15,37.28,37.135,0.003904672142184
2019-01-16,37.62,37.3567,0.0070482671113882
2019-01-17,37.85,37.7383,0.0029598577572387
2019-01-18,37.82,37.62,0.0053163211057949
2019-01-21,37.76,37.705,0.0014586924811033
2019-01-22,37.68,37.59,0.0023942537909016
2019-01-23,37.65,37.56,0.0023961661341851
2019-01-24,37.55,37.5592,-0.000244946644231
2019-01-25,37.2,37.1433,0.0015265202607199
2019-01-28,37.27,37.0933,0.0047636635187486
2019-01-29,37.69,37.225,0.0124916051040966
2019-01-30,37.57,37.605,-0.0009307272969019
2019-01-31,37.54,37.035,0.0136357499662482
2019-02-01,37.44,37.2367,0.0054596674785896
2019-02-04,37.26,37.24,0.0005370569280342
2019-02-05,37.27,37.1967,0.0019706049192536
2019-02-06,37.68,37.4283,0.0067248579283589
2019-02-07,37.95,37.895,0.0014513788098693
2019-02-08,37.92,37.8617,0.0015398146411809
2019-02-11,38.09,38.32,-0.0060020876826721
2019-02-12,38.07,37.8167,0.0066980989880132
2019-02-13,38.21,38.1467,0.0016593833804758
2019-02-14,38.4,38.3717,0.0007375227055357
2019-02-15,38.84,38.325,0.0134377038486628
2019-02-18,38.88,38.765,0.00296659357668
2019-02-19,39.29,38.9158,0.0096156316971514
2019-02-20,39.87,40.04,-0.0042457542457542
2019-02-21,39.87,39.6633,0.0052113666790205
2019-02-22,39.49,39.2517,0.0060710746286147
2019-02-25,39.15,38.96,0.004876796714579
2019-02-26,38.9,38.9917,-0.0023517825588523
2019-02-27,38.9,38.7467,0.0039564659700053
2019-02-28,39.33,38.9983,0.0085054989576467
2019-03-01,40.16,39.445,0.018126505260489
2019-03-06,40.83,40.4817,0.0086038876825824
2019-03-07,42.81,41.225,0.0384475439660401
2019-03-08,41.35,41.3,0.0012106537530267
2019-03-11,41.38,40.8717,0.0124364780520507
2019-03-12,41.59,41.3483,0.0058454640214955
2019-03-13,41.23,41.6467,-0.0100055946809712
2019-03-14,40.91,40.98,-0.0017081503172279
2019-03-15,40.14,39.9417,0.0049647361028699
2019-03-18,40.03,39.7133,0.0079746583638227
2019-03-19,40.6,40.325,0.0068195908245505
2019-03-20,40.78,41.0817,-0.0073439025162054
2019-03-21,41.2,40.7417,0.0112489169573188
2019-03-22,42.13,42.01,0.0028564627469651
2019-03-25,42.12,41.785,0.0080172310637789
2019-03-26,42.66,42.3467,0.0073984513551232
2019-03-27,44.12,43.6983,0.0096502609941346
2019-03-28,43.82,43.59,0.0052764395503555
2019-03-29,43.66,43.3533,0.0070744326268126
2019-04-01,42.8,42.8233,-0.0005440963213952
2019-04-03,42.96,42.6533,0.0071905339094513
2019-04-04,43.66,43.2467,0.0095567985534157
2019-04-05,43.94,43.6933,0.0056461745851192
2019-04-08,43.62,43.8,-0.0041095890410959
2019-04-09,43.36,43.74,-0.0086877000457248
2019-04-10,43.09,43.0417,0.0011221675723775
2019-04-11,42.88,42.9117,-0.0007387262681273
2019-04-12,42.43,42.33,0.0023623907394283
2019-04-15,41.8,41.5617,0.0057336441964594
2019-04-16,43.25,42.1133,0.0269914730025906
2019-04-17,42.38,41.7833,0.01428082511434
2019-04-22,42.64,42.6917,-0.0012110082287657
2019-04-23,42.49,42.38,0.0025955639452572
2019-04-24,44.43,43.4783,0.0218890802998277
2019-04-25,44.89,45.6333,-0.0162885436731509
2019-04-26,46.24,44.8767,0.0303787934496075
2019-04-29,44.51,44.6733,-0.0036554272910217
2019-04-30,44.27,44.01,0.0059077482390366
2019-05-02,44.72,44.7483,-0.0006324262597685
2019-05-03,44.35,44.4233,-0.0016500350041531
2019-05-06,44.57,44.8967,-0.0072767040784734
2019-05-07,45.53,44.895,0.01414411404388
2019-05-08,45.23,45.0383,0.0042563773499442
2019-05-09,45.08,45.5667,-0.0106810455881158
2019-05-10,44.88,44.9817,-0.0022609194405723
2019-05-13,45.17,45.4133,-0.0053574613604384
2019-05-14,44.96,44.985,-0.0005557408024896
2019-05-15,45.0,45.1533,-0.003395100690315
2019-05-16,44.75,44.8583,-0.0024142689312791
2019-05-17,45.14,45.0183,0.00270334508411
2019-05-20,45.3,45.3242,-0.0005339311008247
2019-05-21,44.82,44.82,0.0
2019-05-22,44.94,44.715,0.005031868500503
2019-05-23,45.12,45.15,-0.0006644518272425
2019-05-24,44.95,44.96,-0.0002224199288255
2019-05-27,44.75,44.9783,-0.0050757809877206
2019-05-28,44.66,44.7867,-0.0028289648489396
2019-05-29,44.39,44.5033,-0.0025458786202372
2019-05-30,44.49,44.445,0.0010124873439081
2019-05-31,44.84,44.87,-0.0006685981724982
2019-06-03,44.98,44.8733,0.0023778059558801
2019-06-04,44.6,44.7567,-0.0035011517828615
2019-06-05,44.85,44.8033,0.0010423339352234
2019-06-06,44.95,44.98,-0.0006669630947085
2019-06-07,44.85,44.8833,-0.0007419240563861
2019-06-10,44.85,44.97,-0.0026684456304202
2019-06-11,44.51,44.7417,-0.0051786141340182
2019-06-12,43.6,43.7483,-0.0033898460054447
2019-06-13,43.28,43.585,-0.0069978203510382
2019-06-14,44.09,43.87,0.0050148165033052
2019-06-18,43.45,43.6567,-0.0047346684472256
2019-06-19,43.33,43.4517,-0.0028008110154493
2019-06-21,42.97,42.915,0.001281603169055
2019-06-24,42.49,42.665,-0.0041017227235438
2019-06-25,42.59,42.305,0.0067367923413308
2019-06-26,42.75,42.7117,0.0008967098008274
2019-06-27,42.75,42.8433,-0.0021777033981975
2019-06-28,42.48,42.4483,0.0007467908019871
2019-07-01,42.41,42.135,0.0065266405601043
2019-07-02,42.26,42.465,-0.0048275050041212
2019-07-03,41.95,42.09,-0.0033262057495841
2019-07-04,41.91,41.7583,0.0036328107226586
2019-07-05,41.82,41.98,-0.0038113387327297
2019-07-10,42.0,41.8808,0.0028461729479856
2019-07-11,41.62,41.755,-0.0032331457310502
2019-07-12,41.69,41.6583,0.0007609527993222
2019-07-15,42.44,41.8617,0.0138145369156053
2019-07-16,42.73,42.6333,0.00226818003767
2019-07-17,42.49,42.52,-0.0007055503292568
2019-07-18,42.5,42.345,0.0036604085488252
2019-07-19,42.28,42.4467,-0.0039272782100846
2019-07-22,42.62,42.4783,0.0033358208779541
2019-07-23,42.75,42.6283,0.0028549109394462
2019-07-24,42.94,42.8083,0.0030765061915563
2019-07-25,43.29,43.245,0.0010405827263266
2019-07-26,43.61,43.2167,0.0091006485918636
2019-07-29,43.65,43.755,-0.0023997257456291
2019-07-30,43.97,43.8817,0.0020122283320835
2019-07-31,44.07,43.8692,0.0045772432595079
2019-08-01,44.52,44.3233,0.0044378464599883
2019-08-02,44.66,44.7042,-0.0009887214176744
2019-08-05,45.59,45.4383,0.0033385932132146
2019-08-06,45.34,45.3517,-0.0002579837139511
2019-08-07,45.57,45.69,-0.0026263952724884
2019-08-08,45.5,45.4117,0.0019444328223783
2019-08-09,45.28,45.4033,-0.0027156616369294
2019-08-12,54.52,55.75,-0.0220627802690582
2019-08-13,58.16,56.3167,0.0327309661255008
2019-08-14,60.73,58.835,0.0322087192997364
2019-08-15,57.67,56.6333,0.0183054845823924
2019-08-16,55.88,56.435,-0.0098343226721006
2019-08-20,55.17,55.3633,-0.0034914826247712
2019-08-21,55.02,54.915,0.0019120458891013
2019-08-22,55.05,55.0308,0.0003488955275954
2019-08-23,54.76,55.2683,-0.0091969537691589
2019-08-26,55.3,55.335,-0.0006325110689437
2019-08-27,56.64,55.7133,0.0166333712057982
2019-08-28,59.4,58.075,0.0228153250107618
2019-08-29,57.69,58.2,-0.0087628865979382
2019-08-30,61.96,59.075,0.0488362251375369
2019-09-02,60.03,57.0917,0.0514663252276599
2019-09-03,59.77,55.7833,0.0714676256155517
2019-09-04,59.64,55.935,0.0662375972110485
2019-09-05,60.64,56.0042,0.0827759346620433
2019-09-06,62.35,55.9083,0.1152190283017011
2019-09-09,61.09,55.9433,0.0919985056298073
2019-09-10,62.6,56.0683,0.1164954171965264
2019-09-11,63.49,56.105,0.1316281971303805
2019-09-12,64.89,56.18,0.1550373798504807
2019-09-13,69.21,56.1525,0.2325363964204618
2019-09-16,66.6,56.2517,0.1839642179703011
2019-09-17,65.38,56.4508,0.1581766777441593
2019-09-18,65.37,56.5025,0.1569399584089201
2019-09-19,63.78,56.6067,0.1267217484856033
2019-09-20,64.67,56.6183,0.1422102041212825
2019-09-23,64.23,56.9282,0.12826332116596
2019-09-24,61.83,56.9367,0.085942810173403
2019-09-25,62.05,57.0075,0.088453273692058
2019-09-26,60.96,57.18,0.0661070304302204
2019-09-27,60.78,57.3175,0.0604091246129017
2019-09-30,61.02,57.5583,0.0601424989966694
2019-10-01,62.9,57.6967,0.0901836673501257
2019-10-02,62.7,57.8883,0.083120423297972
2019-10-03,61.99,57.7625,0.0731876217268989
2019-10-04,63.42,57.7133,0.0988801541412465
2019-10-07,62.58,57.8725,0.0813426065920772
2019-10-08,62.98,57.8375,0.0889129025286361
2019-10-09,64.48,57.9575,0.1125393607384721
2019-10-10,64.83,57.9828,0.1180901922639128
2019-10-11,66.53,58.05,0.1460809646856158
2019-10-15,66.5,58.235,0.1419249592169658
2019-10-16,66.85,58.3333,0.146000654857517
2019-10-17,70.11,58.3142,0.2022800621460982
2019-10-18,70.98,58.3447,0.2165629440206222
2019-10-21,71.68,58.5217,0.2248448011592281
2019-10-22,74.96,58.6533,0.2780184576144904
2019-10-23,71.73,58.9367,0.217068481947581
2019-10-24,73.23,59.3417,0.2340394697152255
2019-10-25,77.14,60.0033,0.2855959588889276
2019-10-28,76.8,59.4667,0.2914790967045422
2019-10-29,73.01,59.4567,0.2279524427020001
2019-10-30,74.81,59.5833,0.2555531499598042
2019-10-31,76.27,59.7267,0.2769833257152998
2019-11-01,76.28,59.7583,0.2764754017433561
2019-11-04,74.49,59.7617,0.2464504858462861
2019-11-05,73.73,59.6817,0.2353870616956286
2019-11-07,72.92,59.5977,0.2235371499235707
2019-11-08,73.62,59.5442,0.2363924613984234
2019-11-11,72.15,59.7467,0.2075980765464873
2019-11-12,72.67,59.7452,0.2163320233257233
2019-11-13,71.51,59.7442,0.1969362716380838
2019-11-14,71.84,59.7258,0.2028302676565236
2019-11-15,71.56,59.685,0.1989612130351008
2019-11-19,72.38,59.7125,0.2121415114088338
2019-11-20,71.97,59.723,0.2050633759188251
2019-11-21,71.47,59.75,0.1961506276150626
2019-11-22,71.61,59.7942,0.1976077947359442
2019-11-25,70.93,59.745,0.1872123190225125
2019-11-26,70.11,59.7167,0.1740434417842913
2019-11-27,70.66,59.8783,0.1800602221505953
2019-11-28,70.97,59.85,0.1857978279030909
2019-11-29,72.7,59.8633,0.2144335511072728
2019-12-02,72.54,59.9517,0.2099740290934202
2019-12-03,72.2,59.9383,0.2045720349092317
2019-12-04,73.69,59.9058,0.2300979204016973
2019-12-05,75.81,59.9442,0.264676148818401
2019-12-06,75.39,59.9575,0.2573906517116291
2019-12-09,73.4,59.9512,0.2243291210184284
2019-12-10,72.79,59.9608,0.2139597870608798
2019-12-11,73.16,59.8342,0.2227120944209164
2019-12-12,70.16,59.8322,0.1726127402970305
2019-12-13,70.38,59.817,0.1765885952154069
2019-12-16,73.11,59.8417,0.2217233133416998
2019-12-17,73.12,59.8227,0.2222784996330826
2019-12-18,71.49,59.8212,0.1950612826222142
2019-12-19,70.93,59.8172,0.1857793410590935
2019-12-20,71.09,59.8185,0.188428329028645
2019-12-23,72.61,59.8633,0.2129301258032885
2019-12-26,71.54,59.9175,0.1939750490257439
2019-12-27,72.09,59.8908,0.2036907171051314
2019-12-30,72.43,59.895,0.2092829117622505
2020-01-02,74.51,59.8518,0.2449082567274503
2020-01-03,75.88,59.8335,0.2681858824905778
2020-01-06,75.8,59.819,0.2671559203597518
2020-01-07,76.03,59.8195,0.270990228938724
2020-01-08,74.81,59.8177,0.2506331737930412
2020-01-09,76.22,59.8152,0.2742580481215477
2020-01-10,77.65,59.8163,0.2981411421301552
2020-01-13,79.9,59.88,0.3343353373413493
2020-01-14,79.27,60.0367,0.3203590470495545
2020-01-15,79.4,60.0075,0.3231679373411658
2020-01-16,80.03,59.995,0.3339444953746147
2020-01-17,79.62,60.0113,0.3267501287257568
2020-01-20,79.89,60.0333,0.3307614274077888
2020-01-21,79.93,60.0592,0.3308535578229481
2020-01-22,80.32,60.1148,0.336110242402869
2020-01-23,81.57,60.0908,0.3574457321253834
2020-01-24,81.86,60.1025,0.3620065721059855
2020-01-27,81.84,60.1408,0.3608066404171546
2020-01-28,82.71,60.1808,0.374358599420413
2020-01-29,82.22,60.2367,0.3649486110626909
2020-01-30,82.97,60.2475,0.3771525789451844
2020-01-31,83.79,60.3312,0.388833638316493
2020-02-03,82.56,60.4325,0.3661523187026849
2020-02-04,82.9,60.579,0.3684610178444676
2020-02-05,82.83,60.5763,0.367366445292961
2020-02-06,82.66,60.6732,0.3623807546000539
2020-02-07,82.43,60.7745,0.3563254325416087
2020-02-10,82.29,60.9688,0.3497067352481926
2020-02-11,82.32,61.112,0.3470349522188767
2020-02-12,81.56,61.2297,0.332033310631932
2020-02-13,81.95,61.3808,0.3351080468159424
2020-02-14,82.19,61.4522,0.3374622877618702
2020-02-17,81.52,61.655,0.32219609115238
2020-02-18,80.44,61.6645,0.3044782654525699
2020-02-19,80.74,61.7233,0.3080959702413837
2020-02-20,80.18,61.785,0.2977259852715062
2020-02-21,79.75,61.8348,0.289726820495902
2020-02-26,79.81,62.0842,0.285512255936293
2020-02-27,79.56,62.1375,0.2803862401931201
2020-02-28,80.87,62.208,0.2999935699588478
2020-03-02,81.25,62.2503,0.3052145933433252
2020-03-03,80.8,62.3002,0.2969460772196557
2020-03-04,80.35,62.3577,0.2885337336046709
2020-03-05,80.13,62.418,0.2837642987599731
2020-03-06,81.61,62.4793,0.3061926109927608
2020-03-09,85.12,62.5298,0.3612709460129411
2020-03-10,83.4,62.5898,0.33248548485536
2020-03-11,85.76,62.6697,0.368444399765756
2020-03-12,87.48,62.8182,0.3925900455600448
2020-03-13,88.22,62.8992,0.4025615588115587
2020-03-16,88.17,63.0398,0.3986402241123861
2020-03-17,86.9,63.175,0.3755441234665613
2020-03-18,88.35,63.33,0.3950734249171008
2020-03-19,88.53,63.5497,0.3930828941757396
2020-03-20,91.4,63.7688,0.433302806388077
2020-03-25,86.79,64.0473,0.3550922521324082
2020-03-26,83.2,64.2295,0.2953549381514724
2020-03-27,85.42,64.4095,0.3262018801574302
2020-03-30,85.96,64.4697,0.3333395377983765
2020-04-01,87.88,64.5295,0.3618577549802804
2020-04-02,87.78,64.7165,0.3563774307943106
2020-04-03,88.42,64.9065,0.362267261368276
2020-04-06,89.57,64.988,0.3782544469748261
2020-04-07,90.44,65.0695,0.3898984931496321
2020-04-08,94.27,65.1595,0.446757571804572
2020-04-13,101.09,65.3795,0.5462033206127306
2020-04-14,106.26,65.498,0.6223396134233106
2020-04-15,108.32,65.6195,0.6507288229870691
2020-04-16,103.37,65.7395,0.5724184090234941
2020-04-17,99.84,65.8595,0.5159544181173561
2020-04-20,104.23,65.9778,0.5797738027033335
2020-04-21,108.43,66.0895,0.6406539616731857
2020-04-22,109.18,66.225,0.6486221215553041
2020-04-23,110.05,66.3167,0.6594613423164903
2020-04-24,108.35,66.425,0.6311629657508468
2020-04-27,112.92,66.525,0.6974069898534385
2020-04-28,116.95,66.635,0.7550836647407517
2020-04-29,108.87,66.745,0.6311334182335755
2020-04-30,112.31,66.835,0.6804069723947035
2020-05-04,110.19,66.925,0.646469929025028
2020-05-05,117.08,67.005,0.7473322886351765
2020-05-06,115.88,67.095,0.7271033609061777
2020-05-07,115.77,67.185,0.7231524893949541
2020-05-08,112.98,67.275,0.679375696767001
2020-05-11,115.98,67.365,0.7216655533288803
2020-05-12,119.31,67.455,0.7687347120302426
2020-05-13,122.77,67.545,0.817603079428529
2020-05-14,119.36,67.635,0.7647667627707546
2020-05-15,117.95,67.725,0.7416020671834627
2020-05-18,115.54,67.815,0.7037528570375287
2020-05-19,114.22,67.905,0.6820558132685368
2020-05-20,114.84,67.995,0.6889477167438782
2020-05-21,114.37,68.085,0.6798119997062497
2020-05-22,109.53,68.175,0.6066006600660068
2020-05-26,106.32,68.265,0.5574598989233135
2020-05-27,105.56,68.355,0.5442908346134152
2020-05-28,109.41,68.445,0.5985097523559064
2020-05-29,107.71,68.535,0.5716057488874298
2020-06-01,108.77,68.625,0.5849908925318761
2020-06-02,106.39,68.715,0.5482791239176308
2020-06-03,107.91,68.805,0.568345323741007
2020-06-04,108.27,68.895,0.5715218811234488
2020-06-05,109.86,68.985,0.5925201130680582
2020-06-08,110.0,69.075,0.5924719507781397
2020-06-09,108.73,69.165,0.5720378804308537
2020-06-10,108.07,69.255,0.5604649483791784
2020-06-11,107.49,69.315,0.5507465916468297
2020-06-12,106.59,69.375,0.5364324324324325
2020-06-16,105.31,69.615,0.5127486892192776
2020-06-17,104.96,69.675,0.5064226767133118
2020-06-18,107.1,69.735,0.5358141535814154
2020-06-19,109.53,69.795,0.569310122501612
2020-06-22,108.12,69.975,0.5451232583065382
2020-06-23,107.67,70.035,0.5373741700578283
2020-06-24,107.3,70.095,0.5307796561808973
2020-06-25,104.21,70.155,0.4854251300691325
2020-06-26,102.47,70.215,0.4593747774692016
2020-06-29,100.39,70.395,0.426095603380922
2020-06-30,100.53,70.455,0.4268682137534596
2020-07-01,105.5,70.515,0.4961355739913493
2020-07-02,107.24,70.575,0.5195182430038965
2020-07-03,105.79,70.635,0.4976994407871451
2020-07-06,106.7,70.815,0.5067429216973807
2020-07-07,108.58,70.875,0.5319929453262786
2020-07-08,108.98,70.935,0.5363360823288927
2020-07-13,109.73,71.2333,0.5404312308990318
2020-07-14,110.97,71.295,0.5564906374921101
2020-07-15,112.02,71.355,0.5698969939037206
2020-07-16,112.0,71.415,0.5682979766155569
2020-07-17,115.39,71.475,0.6144106330884926
2020-07-20,117.57,71.655,0.640778731421394
2020-07-21,116.07,71.715,0.6184898556787282
2020-07-22,114.45,71.775,0.5945663531870427
2020-07-23,111.78,71.835,0.5560659845479226
2020-07-24,114.57,71.895,0.5935739620279574
2020-07-27,115.67,72.075,0.6048560527228581
2020-07-28,115.89,72.135,0.6065710126845496
2020-07-29,116.72,72.195,0.6167324606967244
2020-07-30,119.54,72.255,0.6544183793509102
2020-07-31,122.21,72.315,0.6899675032842425
2020-08-03,122.0,72.515,0.6824105357512238
2020-08-04,116.28,72.565,0.6024254116998553
2020-08-05,117.17,72.615,0.6135784617503273
2020-08-06,121.68,72.695,0.6738427677281795
2020-08-07,124.65,72.765,0.7130488559059989
2020-08-10,125.84,72.945,0.7251353759681953
2020-08-11,124.53,72.995,0.7060072607712855
2020-08-12,125.73,73.045,0.721267711684578
2020-08-13,125.3,73.105,0.713973052458792
2020-08-14,124.22,73.155,0.6980384115918254
2020-08-18,125.69,73.395,0.7125144764629743
2020-08-19,127.61,73.475,0.7367812181013951
2020-08-20,129.42,73.525,0.760217613056783
2020-08-21,129.52,73.575,0.760380564050289
2020-08-24,130.33,73.725,0.7677856900644289
2020-08-25,127.69,73.805,0.7300995867488651
2020-08-26,125.16,73.855,0.6946719924175748
2020-08-27,122.29,73.935,0.6540204233448299
2020-08-28,121.73,73.995,0.6451111561592
2020-08-31,121.57,74.175,0.6389619143916414
2020-09-01,117.64,74.245,0.5844838036231395
2020-09-02,119.72,74.315,0.6109802866177758
2020-09-03,119.51,74.375,0.606857142857143
2020-09-04,120.0,74.435,0.6121448243433869
2020-09-07,117.84,74.645,0.5786723826110256
2020-09-08,116.41,74.705,0.558262499163376
2020-09-09,119.67,74.765,0.6006152611516085
2020-09-10,123.41,74.835,0.6490946749515603
2020-09-11,125.17,74.905,0.671049996662439
2020-09-14,123.21,75.115,0.6402848964920456
2020-09-15,122.06,75.185,0.6234621267540068
2020-09-16,127.61,75.245,0.69592663964383
2020-09-17,126.33,75.315,0.6773551085441147
2020-09-18,131.14,75.375,0.7398341625207294
2020-09-21,132.79,75.585,0.7568300588741153
2020-09-22,134.57,75.645,0.7789675457730187
2020-09-23,134.88,75.715,0.7814171564419201
2020-09-24,131.63,75.775,0.7371164632134608
2020-09-25,134.69,75.845,0.7758586591073902
2020-09-28,137.24,76.055,0.8044835973966209
2020-09-29,139.4,76.115,0.8314392695263748
2020-09-30,139.1,76.175,0.8260584181161799
2020-10-01,139.88,76.245,0.8346121057118498
2020-10-02,139.8,76.945,0.816882188576256
2020-10-05,143.04,77.0517,0.8564158869953551
2020-10-06,140.2,77.08,0.8188894654903995
2020-10-07,139.66,77.0967,0.811491283025084
2020-10-08,140.65,77.1033,0.8241761377269197
2020-10-09,143.94,77.1083,0.8667251126013671
2020-10-13,146.4,77.4033,0.8913922274631703
2020-10-14,148.13,77.4217,0.9132878766547364
2020-10-15,155.57,77.46,1.0083914278337205
2020-10-16,155.42,77.5317,1.004599409015925
2020-10-19,155.14,77.5767,0.999827267723427
2020-10-20,160.48,77.6567,1.0665312844867216
2020-10-21,167.45,77.7133,1.1547148300226602
2020-10-22,164.46,78.0467,1.107199920047869
2020-10-23,157.88,78.0883,1.0218137672352965
2020-10-26,159.38,78.2067,1.0379328113831678
2020-10-27,154.52,78.2967,0.9735186795867514
2020-10-28,149.38,78.2983,0.9078319708090724
2020-10-29,144.11,78.2967,0.8405628845149287
2020-10-30,145.29,78.3283,0.8548851436837004
2020-11-02,140.99,78.69,0.7917143220231289
2020-11-03,141.31,78.9033,0.7909263617618021
2020-11-04,144.06,79.0233,0.8230066322211296
2020-11-05,144.9,79.0933,0.8320135839571747
2020-11-09,143.61,79.3433,0.8099826954512859
2020-11-10,144.07,79.425,0.8139124960654704
2020-11-11,142.96,79.4783,0.7987299678025324
2020-11-12,141.3,79.575,0.7756833176248823
2020-11-13,142.35,79.7283,0.7854387965126559
2020-11-16,144.14,79.955,0.8027640547808141
2020-11-17,145.6,80.0283,0.8193564026725544
2020-11-18,147.19,80.1517,0.8363927402662699
2020-11-19,147.29,80.2717,0.834893243820674
2020-11-20,147.39,80.3583,0.8341602547589979
2020-11-24,147.94,80.6917,0.833397982692148
2020-11-25,146.45,80.7917,0.812686204152159
2020-11-26,147.35,80.8883,0.8216478773815248
2020-11-27,147.14,81.0383,0.815684682427938
2020-11-30,146.19,81.2967,0.7982279723531214
2020-12-01,144.79,81.395,0.7788561950979789
2020-12-02,143.81,81.475,0.7650813132862844
2020-12-03,140.62,81.5617,0.7240935390017618
2020-12-04,142.71,81.6517,0.7477896969689548
2020-12-09,140.25,82.045,0.7094277530623438
2020-12-10,138.3,82.13,0.6839157433337395
2020-12-11,140.48,82.215,0.7086906282308578
2020-12-14,141.2,82.4567,0.712413909360913
2020-12-15,142.4,82.535,0.7253286484521719
2020-12-16,141.42,82.6267,0.711553287254604
2020-12-17,140.7,82.7217,0.7008838067883034
2020-12-18,141.67,82.8383,0.7101992677300233
2020-12-21,139.85,83.1483,0.6819345675137072
2020-12-22,139.39,83.2483,0.6743885460724122
2020-12-23,141.77,83.3583,0.7007304611538385
2020-12-28,141.44,83.905,0.6857159883201238
2020-12-29,142.02,84.025,0.6902112466527819
2020-12-30,141.89,84.145,0.6862558678471684
2021-01-04,144.67,84.7033,0.7079617913351663
2021-01-05,145.89,84.7967,0.7204678955666906
2021-01-06,146.03,84.9033,0.7199567036852512
2021-01-07,147.91,85.0,0.7401176470588235
2021-01-08,147.68,85.105,0.7352681981082192
2021-01-11,146.29,85.3783,0.7134330386058283
2021-01-12,146.34,85.465,0.7122798806528987
2021-01-13,146.16,85.555,0.7083747297060368
2021-01-14,146.77,85.645,0.7137019090431433
2021-01-15,147.97,85.735,0.7258995742695515
2021-01-18,146.67,86.0667,0.7041434143518921
2021-01-19,146.91,86.1967,0.7043575914159126
2021-01-20,146.81,86.32,0.7007645968489344
2021-01-21,147.49,86.4283,0.706501227028647
2021-01-22,146.67,86.5467,0.6946919986550613
2021-01-25,147.82,86.9117,0.7008066808036202
2021-01-26,148.76,87.0217,0.7094586752499663
2021-01-27,148.5,87.1233,0.7044808908753457
2021-01-28,149.1,87.2167,0.7095349858456006
2021-01-29,148.6,87.2983,0.702209550472346
2021-02-01,148.5,87.605,0.695108726670852
2021-02-02,149.75,87.7033,0.7074614068113743
2021-02-03,150.34,87.805,0.7122031774955868
2021-02-04,150.93,87.905,0.7169671804789262
2021-02-05,150.95,88.005,0.7152434520765865
2021-02-08,150.95,88.165,0.7121306640957294
2021-02-09,150.06,88.275,0.6999150382327952
2021-02-10,150.4,88.355,0.7022239827966725
2021-02-11,148.31,88.45,0.6767665347654042
2021-02-12,146.48,88.5383,0.6544252600287106
2021-02-17,144.02,88.945,0.6192028781831471
2021-02-18,141.64,89.045,0.5906564096804985
2021-02-19,139.4,89.1567,0.5635392516771034
2021-02-22,138.08,89.4383,0.543857609100352
2021-02-23,139.8,89.535,0.56140056960965
2021-02-24,141.7,89.6383,0.5807974939283764
2021-02-25,142.86,89.7533,0.5916963498835142
2021-02-26,143.24,89.825,0.5946562760924019
2021-03-01,144.35,90.085,0.6023755342176833
2021-03-02,146.62,90.155,0.6263102434695802
2021-03-03,146.59,90.2233,0.6247466009334619
2021-03-04,145.7,90.295,0.6135998671022758
2021-03-05,146.65,90.365,0.6228628340618605
2021-03-08,146.65,90.5817,0.6189804342378207
2021-03-09,146.63,90.6517,0.6175096550864461
2021-03-10,143.36,90.7233,0.5801894331445177
2021-03-11,144.62,90.7867,0.5929646082520899
2021-03-12,145.0,90.855,0.5959495900060536
2021-03-15,145.2,91.0667,0.5944357267804805
2021-03-16,144.93,91.135,0.5902781587754431
2021-03-17,145.44,91.205,0.5946494161504303
2021-03-18,145.23,91.28,0.5910385626643293
2021-03-19,144.38,91.3567,0.5803985914552516
2021-03-22,143.14,91.5683,0.5632047335158565
2021-03-23,142.88,91.6367,0.5592006259500832
2021-03-25,141.32,91.7767,0.5398243780828902
2021-03-26,138.77,91.8483,0.510860843368903
2021-03-29,138.85,91.9217,0.5105247183200483
2021-03-30,140.21,91.9583,0.5247128317944114
2021-03-31,141.67,91.985,0.5401424145241072
2021-04-05,141.63,92.2367,0.5355059320205515
2021-04-06,143.84,92.2867,0.5586211230870755
2021-04-07,143.87,92.335,0.5581307196621001
2021-04-08,144.86,92.3867,0.5679746110641468
2021-04-09,144.85,92.435,0.5670471141883484
2021-04-12,144.27,92.5817,0.5582993183318088
2021-04-13,142.77,92.6283,0.5413216047363496
2021-04-14,143.41,92.6767,0.5474223834038114
2021-04-15,143.75,92.725,0.5502830951739015
2021-04-16,143.72,92.7767,0.5490958397959831
2021-04-19,144.42,92.9267,0.5541281461625129
2021-04-20,146.6,92.975,0.5767679483732187
2021-04-21,145.7,93.025,0.566245632894383
2021-04-22,145.5,93.075,0.5632554391619662
2021-04-23,148.39,93.125,0.59344966442953
2021-04-26,150.61,93.275,0.6146877512731173
2021-04-27,151.4,93.335,0.6221138908233783
2021-04-28,152.87,93.4167,0.6364311734411512
2021-04-29,152.98,93.5,0.6361497326203207
2021-04-30,152.92,93.555,0.6345465234354122
2021-05-03,154.09,93.675,0.6449426207632774
2021-05-04,155.09,93.715,0.6549111668356187
2021-05-05,155.08,93.755,0.6540984480827692
2021-05-06,154.15,93.795,0.6434777973239512
2021-05-07,154.54,93.835,0.6469334470080461
2021-05-10,153.76,93.925,0.6370508384349214
2021-05-11,153.2,93.955,0.6305678250226172
2021-05-12,153.02,93.985,0.6281321487471405
2021-05-13,153.91,94.015,0.6370791894910386
2021-05-14,154.55,94.045,0.6433622202137275
2021-05-17,154.95,94.135,0.6460402613268177
2021-05-18,154.95,94.165,0.64551584983805
2021-05-19,157.6,94.21,0.672858507589428
2021-05-20,158.33,94.245,0.6799830229720409
2021-05-21,159.36,94.2767,0.6903434252577785
2021-05-26,158.4,94.485,0.676456580409589
2021-05-27,159.07,94.525,0.682835228775456
2021-05-28,159.9,94.565,0.6909004388515836
2021-05-31,160.65,94.685,0.6966784601573639
2021-06-01,161.08,94.735,0.7003219507045972
2021-06-02,162.16,94.775,0.7109997362173568
2021-06-03,161.99,94.815,0.7084849443653431
2021-06-04,160.79,94.86,0.6950242462576428
2021-06-07,161.4,94.975,0.6993945775204002
2021-06-08,160.29,95.015,0.6869967899805294
2021-06-09,159.75,95.055,0.6806059649676501
2021-06-10,159.21,95.0967,0.6741905870550715
2021-06-11,158.18,95.135,0.6626898617753718
2021-06-14,157.71,95.255,0.6556611201511733
2021-06-15,158.81,95.285,0.6666841580521594
2021-06-16,159.91,95.315,0.6777002570424382
2021-06-17,160.92,95.3517,0.6876468904067783
2021-06-18,160.8,95.3817,0.6858579790462953
2021-06-22,161.51,95.4967,0.6912626300175815
2021-06-23,162.26,95.53,0.698524023866848
2021-06-24,162.94,95.5583,0.7051370733887061
2021-06-25,165.53,95.59,0.7316664923109111
2021-06-28,164.14,95.6833,0.7154508676017652
2021-06-29,164.47,95.705,0.7185100047019488
2021-06-30,164.82,95.7267,0.7217766829943997
2021-07-01,166.36,95.7667,0.7371382745776978
2021-07-02,167.79,95.795,0.7515527950310559
2021-07-05,167.02,95.89,0.7417874648034206
2021-07-06,168.53,95.9183,0.7570161272666425
2021-07-07,168.63,95.9483,0.7575089918216371
2021-07-08,167.57,95.9767,0.7459445886345333
2021-07-12,166.31,96.095,0.7306831781050003
2021-07-13,165.73,96.125,0.7241092327698309
2021-07-14,165.73,96.155,0.7235713171441942
2021-07-15,166.71,96.185,0.7332224359307584
2021-07-16,166.31,96.215,0.7285246583173102
2021-07-19,167.76,96.305,0.7419656300295934
2021-07-20,168.64,96.335,0.7505579488244147
2021-07-21,168.9,96.365,0.7527110465417943
2021-07-22,169.26,96.395,0.75590020229265
2021-07-23,169.06,96.4317,0.753157934579604
2021-07-26,170.49,96.5267,0.7662470591038542
2021-07-27,170.15,96.5783,0.7617829263923677
2021-07-28,168.91,96.635,0.7479174212241939
2021-07-29,169.8,96.6667,0.7565511184306488
2021-07-30,170.02,96.685,0.7584940787092105
2021-08-02,169.87,96.7817,0.7551871893136823
2021-08-03,170.23,96.8133,0.7583327910524689
2021-08-04,170.12,96.8433,0.7566522413011536
2021-08-05,171.06,96.875,0.7657806451612903
2021-08-06,170.61,96.9083,0.7605303157727461
2021-08-09,170.18,96.9967,0.7544926786169015
2021-08-10,169.17,97.0283,0.7435119444533191
2021-08-11,170.7,97.0517,0.758856362124517
2021-08-12,169.55,97.0767,0.7465571038158487
2021-08-13,170.36,97.105,0.7543895782915402
2021-08-17,170.23,97.23,0.7507970790908154
2021-08-18,172.09,97.265,0.7692900837917032
2021-08-19,173.96,97.2883,0.7880875706534085
2021-08-20,173.99,97.315,0.7879052561270103
2021-08-23,170.45,97.4117,0.7497898096429894
2021-08-24,170.12,97.4367,0.7459540399048818
2021-08-25,170.93,97.4833,0.7534285359646218
2021-08-26,172.26,97.545,0.7659541749961556
2021-08-27,172.27,97.5667,0.765663899670687
2021-08-30,170.77,97.7167,0.7476030197499506
2021-08-31,171.35,97.7517,0.7529106910672654
2021-09-01,172.0,97.78,0.7590509306606668
2021-09-02,172.89,97.8333,0.7671896992128446
2021-09-03,173.14,97.8683,0.7691121639999876
2021-09-06,172.26,97.95,0.7586523736600306
2021-09-07,172.34,97.9883,0.7587814055351507
2021-09-08,173.48,98.0233,0.7697833066219968
2021-09-09,174.81,98.05,0.7828658847526773
2021-09-10,177.72,98.0967,0.8116817385294306
2021-09-13,172.65,98.2083,0.7579980510812223
2021-09-14,173.24,98.22,0.7637955609855427
2021-09-15,173.19,98.245,0.7628378034505572
2021-09-16,173.8,98.3117,0.7678465533603835
2021-09-17,175.4,98.3483,0.7834573653027048
2021-09-20,176.45,98.4817,0.7917034332266806
2021-09-21,176.84,98.4917,0.7954812435971763
2021-09-22,177.41,98.505,0.8010253286635196
2021-09-23,179.92,98.5183,0.8262596898241239
2021-09-24,179.92,98.56,0.8254870129870129
2021-09-27,179.94,98.6683,0.8236860268191506
2021-09-28,180.05,98.6817,0.8245530832971057
2021-09-29,179.45,98.705,0.818043665467808
2021-09-30,176.63,98.735,0.7889299640451715
2021-10-01,178.34,98.7817,0.8053951288548384
2021-10-04,177.65,98.885,0.796531324265561
2021-10-05,177.16,98.9,0.7913043478260868
2021-10-06,181.28,98.9217,0.8325604998700993
2021-10-07,182.66,98.945,0.8460761028854415
2021-10-12,181.62,99.1,0.8326942482341071
2021-10-13,184.12,99.125,0.8574527112232031
2021-10-14,185.65,99.155,0.8723211134083002
2021-10-15,187.28,99.185,0.8881887382164642
2021-10-18,187.57,99.275,0.8893981364895491
2021-10-19,189.48,99.305,0.9080610241176172
2021-10-20,187.81,99.3383,0.8906101674782032
2021-10-21,188.58,99.3683,0.8977883288734938
2021-10-22,188.86,99.3983,0.9000324955255774
2021-10-25,190.21,99.4933,0.91178702485494
2021-10-26,191.64,99.5267,0.9255134551833828
2021-10-27,193.73,99.6167,0.9447542430134706
2021-10-28,193.7,99.6917,0.9429902389065488
2021-10-29,198.47,99.7217,0.9902388346769058
2021-11-01,204.59,99.825,1.0494866015527171
2021-11-02,206.18,99.8533,1.064829104296002
2021-11-03,204.51,99.9033,1.0470795259015468
2021-11-04,201.64,99.9517,1.0173743918312543
2021-11-05,205.23,99.9467,1.0533944592467783
2021-11-08,202.6,100.05,1.0249875062468767
2021-11-09,200.27,100.0983,1.00073327918656
2021-11-10,198.91,100.1433,0.9862536984501212
2021-11-11,198.93,100.175,0.9858248065884704
2021-11-12,198.5,100.2267,0.9805101834142
2021-11-15,197.6,100.2917,0.9702527726621444
2021-11-16,199.57,100.3083,0.9895661675055802
2021-11-17,201.43,100.3583,1.007108530136521
2021-11-18,203.79,100.4067,1.0296454320279422
2021-11-19,205.58,100.465,1.0462847757925648
2021-11-23,205.72,100.595,1.0450320592474776
2021-11-24,204.95,100.6233,1.0368045969472277
2021-11-25,202.07,100.6833,1.0069862628658377
2021-11-26,201.17,100.7583,0.9965600848763824
2021-11-29,198.73,100.9233,0.9691191231360844
2021-11-30,201.92,100.925,1.0006935843448104
2021-12-01,203.48,101.005,1.0145537349636156
2021-12-02,204.21,101.07,1.0204808548530724
2021-12-03,204.55,101.155,1.022144234096189
2021-12-06,203.46,101.3233,1.0080277685389245
2021-12-07,200.6,101.365,0.9789868297735906
2021-12-09,196.79,101.5083,0.9386592032375676
2021-12-10,196.99,101.58,0.939259696790707
2021-12-13,195.41,101.725,0.9209633816662572
2021-12-14,193.35,101.7733,0.899810657608626
2021-12-15,191.66,101.83,0.8821565354021408
2021-12-16,194.53,101.8883,0.9092476761316068
2021-12-17,197.79,101.9667,0.9397509186822754
2021-12-20,199.94,102.145,0.9574134808360664
2021-12-21,201.01,102.2017,0.9667970297950031
2021-12-22,,102.2767,0.9667970297950031
2021-12-23,,102.33,0.9667970297950031
2021-12-27,193.2,102.5667,0.8836522965055909
2021-12-28,193.26,102.62,0.8832586240498925
2021-12-29,194.4,102.69,0.8930762489044699
2021-12-30,197.19,102.75,0.9191240875912408
2022-01-03,197.52,103.04,0.9169254658385092
2022-01-04,196.39,103.08,0.9052192471866513
2022-01-05,199.15,103.15,0.930683470673776
2022-01-06,203.05,103.23,0.9669669669669668
2022-01-07,203.05,103.29,0.9658243779649532
2022-01-10,205.33,103.5083,0.983705654522391
2022-01-11,202.07,103.5767,0.9509213944835082
2022-01-12,202.09,103.6417,0.9498908257969524
2022-01-13,201.34,103.7433,0.9407518365041404
2022-01-14,201.13,103.8467,0.936797221288688
2022-01-17,203.83,104.07,0.9585855674065537
2022-01-18,203.35,104.1867,0.9517846327794236
2022-01-19,206.43,104.2383,0.9803661418115992
2022-01-20,212.09,104.3033,1.0333968340407256
2022-01-21,214.25,104.3533,1.053121463336569
2022-01-24,216.75,104.5317,1.0735336744738675
2022-01-25,218.12,104.6033,1.085211460823894
2022-01-26,219.33,104.6833,1.095176594547555
2022-01-27,222.05,104.7583,1.1196411167420623
2022-01-28,217.17,104.8267,1.0717050140851518
2022-01-31,213.48,105.015,1.0328524496500495
2022-02-01,214.63,105.135,1.041470490321967
2022-02-02,210.88,105.2167,1.0042445733424443
2022-02-03,211.71,105.31,1.0103503940746368
2022-02-04,212.23,105.415,1.0132808423848596
2022-02-07,210.22,105.695,0.9889304129807466
2022-02-08,207.9,105.795,0.9651212250106338
2022-02-09,204.97,105.905,0.935413814267504
2022-02-10,207.15,106.005,0.9541531059855668
2022-02-11,207.59,106.1133,0.9563051945420604
2022-02-14,207.41,106.3917,0.9494941804670852
2022-02-15,205.49,106.4767,0.9299057915957204
2022-02-16,203.93,106.575,0.9134881538822426
2022-02-17,203.03,106.6767,0.9032272276888956
2022-02-18,199.72,106.7783,0.8704174911943718
2022-02-21,201.12,107.055,0.8786605016113211
2022-02-22,196.05,107.1567,0.829563620380247
2022-02-23,196.81,107.3,0.8342031686859275
2022-02-24,197.19,107.3933,0.8361480651027577
2022-02-25,195.31,107.4417,0.8178230612508923
2022-03-02,196.84,107.935,0.823690183906981
2022-03-03,196.82,108.0383,0.8217613568521531
2022-03-04,197.6,108.1617,0.8268943627920049
2022-03-07,197.28,108.4517,0.8190586224097915
2022-03-08,,108.5567,0.8190586224097915
2022-03-09,,108.6767,0.8190586224097915
2022-03-10,,108.7833,0.8190586224097915
2022-03-11,187.41,108.8867,0.7211468434620572
2022-03-14,185.6,109.21,0.6994780697738303
2022-03-15,188.06,109.305,0.7205068386624582
2022-03-16,193.93,109.4267,0.7722365748030418
2022-03-17,195.33,109.52,0.7835098612125642
2022-03-18,195.17,109.6367,0.7801520841105212
2022-03-21,197.9,109.9917,0.7992266689213825
2022-03-22,199.82,110.0717,0.8153621684774559
2022-03-23,200.72,110.185,0.8216635658211189
2022-03-25,200.31,110.39,0.8145665368239876
2022-03-28,196.27,110.7033,0.7729372114471746
2022-03-29,191.99,110.8033,0.7327101268644527
2022-03-30,192.52,110.9167,0.7357169840069169
2022-03-31,190.56,110.9783,0.7170924405942423
2022-04-01,189.75,111.125,0.7075365579302588
2022-04-04,190.88,111.5583,0.7110336030577733
2022-04-05,190.17,111.6983,0.7025326258322642
2022-04-06,189.92,111.8433,0.6980900956963894
2022-04-07,192.32,111.9783,0.7174756180438531
2022-04-08,191.15,112.13,0.7047177383394276
2022-04-11,191.31,112.5917,0.6991483386430795
2022-04-12,191.67,112.735,0.7001818423737081
2022-04-13,191.33,112.9133,0.6944859462968489
2022-04-18,189.3,113.6617,0.6654686671059822
2022-04-19,191.69,113.7867,0.6846432843205752
2022-04-20,195.24,113.9483,0.7134086247886102
2022-04-21,203.97,114.1067,0.787537453979477
2022-04-22,208.27,114.2517,0.822905042113159
2022-04-25,207.96,114.695,0.8131566328087538
2022-04-26,212.07,114.8417,0.8466288813209835
2022-04-27,208.33,115.005,0.8114864571105607
2022-04-28,203.99,115.1733,0.771157030318659
2022-04-29,205.99,115.3117,0.7863755369142942
2022-05-02,209.38,115.7517,0.8088719215354936
2022-05-03,207.49,115.875,0.790636461704423
2022-05-04,203.57,116.015,0.7546868939361289
2022-05-05,205.39,116.1583,0.7681904779942543
2022-05-06,208.49,116.305,0.7926142470229138
2022-05-09,206.52,116.755,0.7688321699284828
2022-05-10,207.79,116.915,0.7772740880126585
2022-05-11,207.08,117.0883,0.7685797812420199
2022-05-12,207.1,117.2517,0.7662856913801677
2022-05-13,210.92,117.4067,0.7964903195473512
2022-05-16,210.79,117.8717,0.7883003299350055
2022-05-17,209.31,118.0383,0.7732380083413604
2022-05-19,207.88,118.3583,0.7563618267582417
2022-05-20,209.56,118.4917,0.7685626925767797
2022-05-23,210.61,118.9483,0.7706011771500729
2022-05-24,211.75,119.1017,0.7778923390682082
2022-05-26,211.41,119.4167,0.7703554025525743
2022-05-27,210.35,119.5583,0.7593926979557253
2022-05-30,210.95,120.005,0.7578434231907003
2022-05-31,207.35,120.1617,0.7255914322117614
2022-06-01,208.56,120.325,0.7333056305838355
2022-06-02,206.87,120.4683,0.7172152342151421
2022-06-03,207.75,120.6283,0.7222326767433513
2022-06-06,208.84,121.1083,0.7244069977037082
2022-06-07,208.68,121.2783,0.7206705568927005
2022-06-08,209.15,121.455,0.7220369684245194
2022-06-09,217.32,121.625,0.786803699897225
2022-06-10,223.2,121.7933,0.8326131240388428
2022-06-13,227.37,122.2983,0.8591427681333266
2022-06-14,231.96,122.475,0.8939375382731172
2022-06-15,229.83,122.69,0.8732578042220231
2022-06-16,235.09,122.895,0.912933805280931
2022-06-21,233.42,123.685,0.8872134858713667
2022-06-22,227.94,123.8617,0.8402783104058802
2022-06-23,232.23,124.0333,0.8723197721902101
2022-06-24,230.87,124.255,0.8580338819363407
2022-06-27,241.71,124.705,0.9382542801010384
2022-06-28,243.07,124.875,0.9465065065065064
2022-06-29,245.67,125.045,0.9646527250189932
2022-06-30,249.59,125.215,0.9932915385536876
2022-07-01,247.9,125.4117,0.9766895752150716
2022-07-04,272.39,125.9883,1.1620261563970624
2022-07-05,265.28,126.1833,1.1023384235473317
2022-07-06,270.17,126.3783,1.137787895548524
2022-07-07,284.32,126.57,1.2463458955518685
2022-07-08,289.29,126.7783,1.2818573841106875
2022-07-11,285.69,127.3717,1.2429629187645292
2022-07-12,279.4,127.5733,1.1901134485037228
2022-07-13,280.06,127.7933,1.191507692500311
2022-07-14,284.28,128.0167,1.2206477748606237
2022-07-15,292.5,128.2317,1.2810272342954203
2022-07-18,295.24,128.8983,1.290487927303929
2022-07-19,297.84,129.1267,1.306571762462759
2022-07-20,303.44,129.39,1.345158049308293
2022-07-21,326.09,129.61,1.5159324126224822
2022-07-22,315.5,129.76,1.4314118372379778
2022-07-25,319.72,130.4033,1.4517784442571622
2022-07-26,324.88,130.6233,1.4871519859014437
2022-07-27,323.77,130.8933,1.4735414264901254
2022-07-28,298.16,131.125,1.2738608198284085
2022-07-29,276.71,131.2267,1.10864100065002
2022-08-01,272.48,131.935,1.0652594080418387
2022-08-02,276.66,132.1783,1.0930818447506137
2022-08-03,281.02,132.41,1.122347254739068
2022-08-04,284.47,132.6417,1.1446498348558565
2022-08-05,278.78,132.8867,1.0978773647024118
2022-08-08,278.94,133.56,1.088499550763702
2022-08-09,279.2,133.8033,1.0866450976919104
2022-08-10,284.59,134.0383,1.1231991154766958
2022-08-11,279.36,134.2283,1.0812302621727312
2022-08-12,279.12,134.5183,1.0749593178028565
2022-08-16,275.78,135.395,1.0368551275896447
2022-08-17,281.37,135.57,1.0754591723832707
2022-08-18,288.13,135.7733,1.1221403619120989
2022-08-19,292.03,136.06,1.146332500367485
2022-08-22,287.88,136.685,1.1061564912023996
2022-08-23,288.15,136.9033,1.1047703013733048
2022-08-24,286.6,137.145,1.08975901418207
2022-08-25,286.6,137.3933,1.0859823586739674
2022-08-26,282.57,137.6517,1.0527897584991686
2022-08-29,281.78,138.325,1.0370865714802098
2022-08-30,283.83,138.5717,1.0482537199153938
2022-08-31,283.08,138.7133,1.0407560053722316
2022-09-01,278.73,139.005,1.005179669796051
2022-09-05,271.19,140.2,0.9343081312410844
2022-09-06,270.34,140.5783,0.9230564034420672
2022-09-07,271.03,140.82,0.9246555886947876
2022-09-08,273.02,141.1767,0.9338885240978148
2022-09-09,269.56,141.375,0.9067020335985854
2022-09-12,269.39,142.275,0.893445791600773
2022-09-13,269.9,142.575,0.8930387515342801
2022-09-14,275.45,142.875,0.9279090113735782
2022-09-15,289.66,143.1817,1.0230238920197203
2022-09-16,294.19,143.4967,1.050151675961886
2022-09-19,297.11,144.345,1.0583324673525234
2022-09-20,295.1,144.6317,1.0403549152779097
2022-09-21,297.91,144.9033,1.055922811971846
2022-09-22,302.19,145.1683,1.0816528126319591
2022-09-23,301.82,145.4583,1.0749589401223578
2022-09-26,298.25,146.2633,1.039130800412681
2022-09-27,296.78,146.5583,1.024996196053038
2022-09-28,297.99,146.8383,1.0293751698296698
2022-09-29,295.83,147.09,1.0112176218641649
2022-09-30,302.48,147.315,1.0532871737433394
2022-10-03,297.97,148.2433,1.0100065230604014
2022-10-04,299.77,148.5767,1.017611105913646
2022-10-05,297.5,148.9133,0.9978067775007338
2022-10-06,293.25,149.1983,0.9655049688903964
2022-10-11,288.15,150.7283,0.911717972006584
2022-10-12,294.91,151.0267,0.9527010786834382
2022-10-13,299.42,151.3217,0.978698362495267
2022-10-14,299.04,151.6283,0.9721912070503992
2022-10-17,296.22,152.53,0.9420441880285848
2022-10-18,293.33,152.825,0.9193849173891706
2022-10-19,292.41,153.165,0.9091176182548236
2022-10-20,290.87,153.5,0.8949185667752444
2022-10-21,290.63,153.8117,0.8895181575913926
2022-10-24,292.26,154.7367,0.8887568366134211
2022-10-25,293.63,155.0533,0.8937358959789954
2022-10-26,292.28,155.3967,0.8808636219430654
2022-10-27,294.65,155.6983,0.8924419855579668
2022-10-28,295.07,156.0167,0.8912718958931962
2022-10-31,293.56,156.895,0.8710602632333726
2022-11-01,292.84,157.235,0.8624352084459563
2022-11-02,291.17,157.5933,0.8476039273243217
2022-11-03,292.92,157.94,0.8546283398759025
2022-11-04,290.97,158.2667,0.8384789725191721
2022-11-07,289.32,159.33,0.8158538881566557
2022-11-08,291.47,159.7083,0.825014729979594
2022-11-09,293.81,160.0467,0.8357766826807427
2022-11-10,296.78,160.3633,0.8506728160370856
2022-11-11,296.95,160.7067,0.8477761039209937
2022-11-14,299.79,161.7617,0.8532817100710492
2022-11-15,302.06,162.1283,0.8630923780734148
2022-11-16,308.98,162.4567,0.9019221737238292
2022-11-17,313.87,162.795,0.9280076169415524
2022-11-18,313.58,163.1467,0.9220738145485012
2022-11-22,312.8,164.5233,0.9012504611808784
2022-11-23,311.81,164.8467,0.8915149651160745
2022-11-24,319.3,165.2133,0.9326531217523044
2022-11-25,316.07,165.5883,0.9087701244592764
2022-11-28,314.02,166.625,0.8845911477869466
2022-11-29,313.45,166.955,0.8774520080261146
2022-11-30,312.51,167.255,0.8684643209470568
2022-12-01,318.57,167.685,0.899812147777082
2022-12-02,318.67,168.0933,0.8957923962466083
2022-12-05,319.11,169.135,0.886717710704467
2022-12-06,328.88,169.5083,0.940199978408137
2022-12-07,328.98,169.8683,0.9366768255171802
2022-12-12,322.35,171.425,0.8804141752953187
2022-12-13,323.36,171.7617,0.8826082881107955
2022-12-14,322.7,172.1,0.8750726321905868
2022-12-15,320.1,172.425,0.8564593301435406
2022-12-16,320.1,172.73,0.853181265558965
2022-12-19,320.89,173.645,0.8479656770998298
2022-12-20,325.01,173.9317,0.8686070451792283
2022-12-21,322.87,174.25,0.8529124820659972
2022-12-22,324.25,174.5883,0.8572264006236385
2022-12-23,325.71,174.8483,0.8628147943102678
2022-12-26,327.62,175.745,0.8641782127514297
2022-12-27,335.39,176.0717,0.9048489904964852
2022-12-28,331.63,176.38,0.880201836942964
2022-12-29,334.36,176.7433,0.8917831680182502
2022-12-30,327.94,177.1283,0.8514263389870507
2023-01-02,329.21,178.1417,0.8480232309448041
2023-01-03,330.7,178.4317,0.8533702251337625
2023-01-04,334.93,178.6533,0.8747484653236184
2023-01-05,332.67,178.94,0.8591147870794682
2023-01-06,329.91,179.2433,0.8405708888421493
2023-01-09,327.17,180.1367,0.8162317839729496
2023-01-10,325.87,180.4017,0.8063577006203377
2023-01-11,327.7,180.6883,0.8136204723825504
2023-01-12,342.38,180.97,0.8919157871470409
2023-01-13,340.23,181.28,0.8768203883495147
2023-01-16,344.03,182.1633,0.8885801915094862
2023-01-17,341.89,182.4917,0.8734550667235823
2023-01-18,340.3,182.8033,0.8615637682689536
2023-01-19,332.83,183.125,0.8175017064846415
2023-01-20,352.52,183.4367,0.9217528444417064
2023-01-23,352.21,184.3733,0.910309139121554
2023-01-24,353.85,184.6867,0.915947385491213
2023-01-25,351.98,185.005,0.9025431745087972
2023-01-26,352.22,185.315,0.9006556403960826
2023-01-27,352.78,185.63,0.90044712600334
2023-01-30,353.93,186.5783,0.8969515747544059
2023-01-31,354.81,186.875,0.8986488294314381
2023-02-01,353.7,187.3083,0.8883306292353301
2023-02-02,354.75,187.6133,0.890857417890949
2023-02-03,357.36,187.95,0.9013567438148448
2023-02-06,353.94,189.095,0.8717575821676935
2023-02-07,353.2,189.4567,0.8642782229395949
2023-02-08,354.95,189.8633,0.8695029529140175
2023-02-09,354.36,190.2033,0.8630591582795881
2023-02-10,354.15,190.5283,0.8587789845393046
2023-02-13,355.27,191.64,0.8538405343352118
2023-02-14,355.28,192.02,0.85022393500677
2023-02-15,356.23,192.375,0.8517478882391165
2023-02-16,357.61,192.7833,0.8549843269619308
2023-02-17,355.59,193.1933,0.8405917803567722
2023-02-22,356.45,194.98,0.8281362190993948
2023-02-23,357.26,195.35,0.828820066547223
2023-02-24,356.78,195.7383,0.8227398521393103
2023-02-27,356.07,196.8117,0.8091912218633344
2023-02-28,357.47,197.1533,0.8131575783920433
2023-03-01,359.78,197.56,0.8211176351488154
2023-03-02,364.81,197.8867,0.8435296561113002
2023-03-03,366.5,198.26,0.8485826692222336
2023-03-06,362.42,199.345,0.8180541272667989
2023-03-07,366.97,199.6717,0.8378668584481428
2023-03-08,372.86,200.0267,0.8640511491715857
2023-03-09,375.43,200.3567,0.8738080633190706
2023-03-10,380.64,200.7217,0.8963569957807251
2023-03-13,379.51,201.8017,0.880608537985557
2023-03-14,377.76,202.1483,0.8687270681969623
2023-03-15,383.31,202.5217,0.8926860677152126
2023-03-16,388.76,202.955,0.9154985095218152
2023-03-17,388.84,203.34,0.9122651716337168
2023-03-20,387.63,204.4967,0.8955318105377739
2023-03-21,385.98,204.9633,0.8831664010093514
2023-03-22,387.1,205.395,0.8846612624455319
2023-03-23,375.72,205.79,0.8257446911900483
2023-03-27,376.4,207.4017,0.8148356546739972
2023-03-28,383.55,207.84,0.8454099307159353
2023-03-29,386.81,208.2533,0.8574015393753665
2023-03-30,391.82,208.5983,0.878347043096708
2023-03-31,397.37,208.9883,0.9013983079435546
2023-04-03,396.94,210.33,0.8872248371606521
2023-04-04,402.41,210.8,0.908965844402277
2023-04-05,396.6,211.235,0.877529765427131
2023-04-10,390.71,213.3283,0.8314963368666977
2023-04-11,387.0,213.7983,0.8101172927941895
2023-04-12,386.34,214.25,0.8032205367561258
2023-04-13,388.14,214.665,0.8081196282579834
2023-04-14,398.62,215.095,0.8532276435993398
2023-04-17,395.45,216.3583,0.8277551635412184
2023-04-18,408.86,216.8883,0.885117823321959
2023-04-19,409.77,217.47,0.884259897916954
2023-04-20,421.9,218.025,0.9350991858731794
2023-04-21,437.75,218.5083,1.0033563942422323
2023-04-24,449.02,220.235,1.038822167230458
2023-04-25,447.5,220.8733,1.026048417803329
2023-04-26,446.43,221.5517,1.0150150055269265
2023-04-27,442.23,222.02,0.991847581298982
2023-04-28,436.05,222.575,0.9591149050881728
2023-05-02,428.84,224.625,0.909137451307735
2023-05-03,429.46,225.0917,0.907933522204506
2023-05-04,430.19,225.6583,0.9063779174087548
2023-05-05,432.35,226.1917,0.9114317634113012
2023-05-08,430.43,227.575,0.8913764692958366
2023-05-09,430.51,228.0583,0.8877190613102
2023-05-10,432.43,228.5083,0.8924039083044248
2023-05-11,435.43,228.9917,0.9015099673918312
2023-05-12,434.31,229.3333,0.8937938799119012
2023-05-15,437.66,230.6417,0.8975753300465616
2023-05-16,441.93,231.175,0.911668649291662
2023-05-17,444.08,231.65,0.9170300021584286
2023-05-18,473.5,232.2417,1.0388242077111904
2023-05-19,465.42,232.7417,0.999727595011981
2023-05-22,464.27,234.4083,0.9806039291270828
2023-05-23,466.09,234.9167,0.9840649898453366
2023-05-24,459.55,235.6333,0.9502761282042904
2023-05-29,459.51,238.2583,0.928621164509274
2023-05-30,462.32,238.7917,0.9360806929219064
2023-05-31,466.98,239.325,0.9512378564713256
2023-06-01,467.03,240.0667,0.945417669339396
2023-06-02,469.09,240.7417,0.948519928205209
2023-06-05,472.29,242.55,0.9471861471861472
2023-06-06,471.8,243.175,0.9401665467256092
2023-06-07,472.76,243.8083,0.9390644206944554
2023-06-08,473.92,244.3333,0.9396455579325452
2023-06-09,473.5,244.9667,0.932915779981524
2023-06-12,474.49,246.7833,0.922698983278042
2023-06-13,473.19,247.2917,0.9134892113241164
2023-06-14,474.65,247.8,0.9154560129136398
2023-06-15,474.59,248.5833,0.9091789351899342
2023-06-16,476.56,249.1583,0.9126796097099716
2023-06-21,478.53,252.0083,0.8988660294125232
2023-06-22,480.58,252.5083,0.90322456727165
2023-06-23,481.0,252.9917,0.9012481437138056
2023-06-26,478.81,254.5417,0.8810670314529998
2023-06-27,479.77,255.1667,0.8802218314537125
2023-06-28,481.79,255.8417,0.8831566550722576
2023-06-29,482.65,256.2417,0.8835732045174538
2023-06-30,482.52,256.675,0.8798870166553032
2023-07-03,483.48,257.975,0.8741350906095551
2023-07-04,483.41,259.15,0.8653675477522673
2023-07-05,483.4,259.8,0.8606620477290221
2023-07-06,482.16,260.325,0.8521463555171422
2023-07-07,484.47,260.9833,0.8563256729453572
2023-07-10,484.21,262.65,0.8435560632019798
2023-07-11,484.06,263.3167,0.8383186482285399
2023-07-12,484.85,263.9333,0.8370171554707195
2023-07-13,487.74,264.5167,0.8438911418447304
2023-07-14,485.31,265.1417,0.8303797554288894
2023-07-17,487.68,266.7917,0.8279429232618556
2023-07-18,487.52,267.5833,0.821937318210815
2023-07-19,490.24,268.225,0.8277192655419889
2023-07-20,493.71,268.775,0.8368895916658916
2023-07-21,494.69,269.4167,0.8361519534609398
2023-07-24,495.75,271.1917,0.8280426723974219
2023-07-25,495.67,271.6667,0.8245519233678622
2023-07-26,502.97,272.4,0.8464390602055802
2023-07-27,505.75,273.0,0.8525641025641026
2023-07-28,509.94,273.6333,0.8635889710791778
2023-07-31,509.99,275.2833,0.8526005754798784
2023-08-01,509.45,276.1417,0.8448861580847802
2023-08-02,512.54,277.3417,0.8480452092130393
2023-08-03,513.99,278.2833,0.8470026767686023
2023-08-04,514.71,279.3167,0.8427469607080422
2023-08-07,516.7,283.15,0.8248278297722058
2023-08-08,521.92,284.1917,0.8365068367584272
2023-08-09,527.92,285.175,0.8512141667397211
2023-08-10,529.82,286.1917,0.8512766093496074
2023-08-11,539.89,287.2917,0.8792398109656492
2023-08-14,621.14,349.975,0.7748124866061861
2023-08-15,667.17,350.0083,0.9061547969005304
2023-08-16,651.42,350.0,0.8612
2023-08-17,659.49,349.975,0.8843917422673047
2023-08-18,657.48,350.0167,0.87842465802346
2023-08-22,658.88,350.0083,0.8824696442912925
2023-08-23,661.32,349.975,0.8896206871919423
2023-08-24,665.4,349.975,0.9012786627616256
2023-08-25,664.97,349.975,0.9000500035716836
2023-08-28,667.95,349.9917,0.9084738295222432
2023-08-29,671.02,349.975,0.917336952639474
2023-08-30,670.99,349.975,0.9172512322308736
2023-08-31,670.83,350.0167,0.9165656952939674
2023-09-01,670.37,350.0,0.9153428571428572
2023-09-04,672.62,350.025,0.9216341689879296
2023-09-05,672.34,349.9917,0.921016984117052
2023-09-06,673.47,350.0,0.9242
2023-09-07,674.84,349.9917,0.9281600106516814
2023-09-08,673.36,349.975,0.924023144510322
2023-09-11,675.54,349.9833,0.9302063841331858
2023-09-12,676.46,349.975,0.9328809200657188
2023-09-13,676.32,349.975,0.9324808914922496
2023-09-14,677.79,349.975,0.9366811915136792
2023-09-15,678.68,349.9917,0.9391316994088716
2023-09-18,679.36,349.9917,0.9410746026262912
2023-09-19,680.08,349.9833,0.9431784316565964
2023-09-20,679.95,350.0,0.9427142857142858
2023-09-21,680.85,349.9833,0.9453785366330338
2023-09-22,682.08,350.025,0.9486608099421472
2023-09-25,683.01,350.0083,0.9514108665423076
2023-09-26,685.58,350.025,0.9586600957074498
2023-09-27,689.85,350.025,0.9708592243411188
2023-09-28,694.89,350.025,0.985258195843154
2023-09-29,701.01,350.0083,1.0028382184079634
2023-10-02,709.83,350.025,1.027940861367045
2023-10-03,720.62,350.025,1.058767230912078
2023-10-04,747.68,350.025,1.1360759945718164
2023-10-05,784.83,350.025,1.242211270623527
2023-10-06,812.75,350.025,1.32197700164274
2023-10-09,840.01,350.025,1.3998571530604955
2023-10-10,844.81,350.025,1.4135704592529104
2023-10-11,854.74,350.025,1.441939861438469
2023-10-12,870.46,350.025,1.486850939218627
2023-10-17,884.82,350.0167,1.5279365241715608
2023-10-18,884.74,350.025,1.5276480251410611
2023-10-19,888.6,350.025,1.5386758088707952
2023-10-20,898.91,350.025,1.5681308477965858
2023-10-23,899.33,350.0,1.569514285714286
2023-10-24,843.82,350.025,1.4107420898507257
2023-10-25,872.31,350.0167,1.4921953723922314
2023-10-26,855.48,350.0083,1.444170609668399
2023-10-27,818.69,350.0083,1.3390588166052062
2023-10-30,859.75,350.025,1.456253124776802
2023-10-31,852.85,350.0083,1.436656502145806
2023-11-01,840.28,349.9917,1.4008569346073063
2023-11-02,863.64,350.025,1.4673666166702382
2023-11-03,844.01,350.025,1.4112849082208414
2023-11-07,848.8,350.025,1.4249696450253553
2023-11-08,840.97,350.025,1.4025998142989788
2023-11-09,863.3,350.025,1.4663952574816084
2023-11-10,881.71,350.0,1.5191714285714286
2023-11-13,870.63,350.025,1.4873366188129422
2023-11-14,868.42,350.025,1.4810227840868508
2023-11-15,882.35,353.0083,1.4995163003249496
2023-11-16,857.14,353.475,1.4248956786194211
2023-11-17,872.61,354.0083,1.4649422061573132
2023-11-21,930.44,356.025,1.6134119794958224
2023-11-22,984.19,356.5083,1.7606369893772458
2023-11-23,1006.39,357.0083,1.8189540691350872
2023-11-24,972.75,357.525,1.7207887560310469
2023-11-27,889.15,359.025,1.476568484088852
2023-11-28,867.12,359.525,1.4118489673875252
2023-11-29,838.16,360.0083,1.32816854500299
2023-11-30,858.82,360.525,1.38213716108453
2023-12-01,907.69,361.025,1.5142026175472614
2023-12-04,913.05,362.525,1.5185849251775738
2023-12-05,934.71,363.025,1.5747813511466155
2023-12-06,936.93,363.55,1.5771695777747214
2023-12-07,986.37,364.4083,1.7067714977951929
2023-12-11,993.53,366.0,1.7145628415300544
2023-12-12,1011.46,366.5,1.7597817189631653
2023-12-13,1037.29,799.975,0.2966530204068875
2023-12-14,1003.94,800.525,0.2541019955654102
2023-12-15,993.73,801.075,0.2404955840589207
2023-12-18,963.22,802.625,0.2000872138296217
2023-12-19,964.69,803.175,0.2010956516325832
2023-12-20,946.47,803.725,0.1776042800709198
2023-12-21,971.88,804.225,0.2084677795393079
2023-12-22,954.23,804.775,0.185710291696437
2023-12-26,939.7,806.8833,0.1646045964763431
2023-12-27,932.59,807.425,0.1550174938848809
2023-12-28,950.24,807.975,0.1760759924502615
2023-12-29,995.0,808.4833,0.2306995085736465
2024-01-02,991.3,810.65,0.2228458644297786
2024-01-03,1033.56,811.15,0.2741909634469579
2024-01-04,1050.43,811.75,0.2940314136125654
2024-01-05,1104.93,812.25,0.3603324099722993
2024-01-08,1141.62,813.85,0.4027400626651101
2024-01-09,1160.38,814.35,0.4249155768404249
2024-01-10,1142.45,814.95,0.4018651451009265
2024-01-11,1119.17,815.45,0.3724569256238887
2024-01-12,1096.39,816.05,0.343532871760309
2024-01-15,1125.3,817.65,0.3762612364703723
2024-01-16,1163.48,818.15,0.422086414471674
2024-01-17,1221.49,818.65,0.4920784217919747
2024-01-18,1227.54,819.25,0.4983704607873054
2024-01-19,1251.67,819.75,0.5268923452272034
2024-01-22,1241.41,821.45,0.5112423154178587
2024-01-23,1233.22,821.95,0.5003589026096478
2024-01-24,1232.72,822.45,0.4988388351875494
2024-01-25,1229.32,823.05,0.4936152117125327
2024-01-26,1188.48,823.55,0.4431182077590918
2024-01-29,1219.88,825.25,0.4781944865192367
2024-01-30,1208.21,825.75,0.4631668180442023
2024-01-31,1175.67,826.25,0.4228986384266264
2024-02-01,1235.43,826.85,0.4941404124085384
2024-02-02,1237.43,827.35,0.4956548014745876
2024-02-05,1209.52,829.05,0.458922863518485
2024-02-06,1194.74,829.55,0.4402266288951841
2024-02-07,1199.41,830.15,0.4448111787026443
2024-02-08,1183.55,830.65,0.424848010594113
2024-02-09,1173.36,831.25,0.411560902255639
2024-02-14,1124.14,833.95,0.3479705018286467
2024-02-15,1086.86,834.5667,0.302304537192773
2024-02-16,1064.71,835.05,0.2750254475779894
2024-02-19,1108.61,836.75,0.3248999103674932
2024-02-20,1080.31,837.25,0.2903075544938787
2024-02-21,1072.51,837.85,0.2800739989258221
2024-02-22,1054.78,838.35,0.258161865569273
2024-02-23,1076.6,838.95,0.2832707551105546
2024-02-26,1051.04,840.65,0.2502706239219652
2024-02-27,1044.95,841.15,0.2422873447066516
2024-02-28,1031.25,841.75,0.2251262251262251
2024-02-29,1032.24,842.25,0.2255743544078361
2024-03-01,1053.46,842.75,0.250026698309107
2024-03-04,1029.54,844.25,0.2194729049452175
2024-03-05,1016.08,845.25,0.2021058858325939
2024-03-06,981.21,845.75,0.1601655335501035
2024-03-07,996.63,846.25,0.1777016248153617
2024-03-08,1000.47,846.75,0.1815411868910541
2024-03-11,980.98,848.25,0.1564750957854406
2024-03-12,1036.19,848.75,0.2208424153166421
2024-03-13,1012.01,849.75,0.1909502794939688
2024-03-14,1015.67,850.25,0.1945545427815347
2024-03-15,1027.63,850.75,0.207910667058478
2024-03-18,1023.89,852.25,0.2013963039014372
2024-03-19,1032.36,852.75,0.2106244503078274
2024-03-20,1042.43,853.25,0.2217169645473191
2024-03-21,1036.25,854.25,0.2130523851331578
2024-03-22,1036.16,854.75,0.2122374963439603
2024-03-25,1012.94,856.25,0.1829956204379563
2024-03-26,1027.09,856.75,0.1988211263495767
2024-03-27,1016.09,857.4167,0.1850597265017115
2024-04-03,991.25,861.25,0.150943396226415
2024-04-04,996.25,861.75,0.1560777487670437
2024-04-05,1000.88,862.75,0.1601043175891046
2024-04-08,985.86,864.25,0.1407115996528782
2024-04-09,1000.69,864.75,0.1572015033246603
2024-04-10,999.64,865.25,0.155319271886738
2024-04-11,994.86,865.75,0.1491308114351719
2024-04-12,1005.46,866.75,0.160034612056533
2024-04-15,1021.55,868.25,0.1765620501007774
2024-04-16,1031.63,868.75,0.1874877697841728
2024-04-17,1021.16,869.25,0.1747598504457865
2024-04-18,1021.92,869.75,0.1749583213567116
2024-04-19,1026.65,870.75,0.1790410565604365
2024-04-22,1014.98,872.25,0.163634279163084
2024-04-23,1006.71,872.75,0.1534918361501003
2024-04-24,1015.54,873.25,0.1629430289149727
2024-04-25,1034.06,873.75,0.1834735336194564
2024-04-26,1034.04,874.75,0.1820977422120606
2024-04-29,1037.77,876.4167,0.1841056885383403
2024-04-30,1040.89,876.75,0.1872141431422869
2024-05-02,1064.56,878.25,0.2121377739823511
2024-05-03,1072.64,878.75,0.2206429587482219
2024-05-06,1064.47,880.25,0.2092814541323489
2024-05-07,1048.49,880.75,0.1904513198978144
2024-05-08,1038.77,881.75,0.1780776864190529
2024-05-09,1046.02,882.25,0.1856276565599319
2024-05-10,1035.73,882.75,0.1732993486264513
2024-05-13,1034.89,884.25,0.1703590613514278
2024-05-14,1041.65,885.25,0.1766732561423327
2024-05-15,1050.33,885.75,0.1858086367485181
2024-05-16,1062.25,886.25,0.1985895627644569
2024-05-17,1071.12,886.75,0.207916549196504
2024-05-20,1106.22,888.75,0.2446919831223628
2024-05-21,1170.28,889.25,0.3160303626651672
2024-05-22,1230.6,889.75,0.3830851362742342
2024-05-23,1234.4,890.25,0.3865768042684641
2024-05-24,1205.73,890.75,0.3536121246140893
2024-05-27,1228.18,892.75,0.3757266872024642
2024-05-28,1200.9,893.25,0.3444164567590262
2024-05-29,1177.14,893.75,0.3170797202797204
2024-05-30,1182.71,894.25,0.3225719876991892
2024-05-31,1215.93,895.25,0.3582016196593132
2024-06-03,1269.91,896.4167,0.416651430077106
2024-06-04,1280.8,896.9167,0.4280032917215166
2024-06-05,1283.09,898.25,0.4284330642916782
2024-06-06,1272.01,898.5,0.4157039510294935
2024-06-07,1282.33,899.0833,0.4262638400691014
2024-06-10,1272.63,901.1667,0.4122026479673517
2024-06-11,1273.9,902.1667,0.4120450244949187
2024-06-12,1278.94,902.25,0.4175006927126627
2024-06-13,1241.1,902.5833,0.3750531391396228
2024-06-14,1244.64,902.6667,0.3788478072803618
2024-06-18,1245.49,905.4167,0.3755986608155117
2024-06-19,1273.81,906.0,0.4059713024282561
2024-06-24,1295.22,909.0833,0.4247539251903538
2024-06-25,1308.99,909.6667,0.4389775947608063
2024-06-26,1332.13,910.75,0.4626736206423278
2024-06-27,1331.96,911.5833,0.461150067141423
2024-06-28,1347.96,911.75,0.4784315876062517
2024-07-01,1413.01,914.5,0.5451175505740842
2024-07-02,1428.46,915.1667,0.5608741008605318
2024-07-03,1382.5,915.6667,0.5098288492963652
2024-07-04,1395.68,915.9167,0.523806695521547
2024-07-05,1396.24,918.25,0.5205445140212361
2024-07-08,1386.86,918.9167,0.5092336443553587
2024-07-10,1377.39,919.8333,0.4974343720758969
2024-07-11,1403.33,920.5,0.5245301466594241
2024-07-12,1416.22,921.75,0.5364469758611337
2024-07-15,1307.54,922.9167,0.4167475786276269
2024-07-16,1278.94,923.5,0.3848835950189497
2024-07-17,1300.0,923.8333,0.4071802780869664
2024-07-18,1315.29,924.75,0.4223195458231954
2024-07-19,1331.7,926.75,0.4369571081737253
2024-07-22,1333.37,927.0833,0.4382418494648754
2024-07-23,1324.96,927.3333,0.428785098087171
2024-07-24,1337.51,928.6667,0.440247615210064
2024-07-25,1332.77,929.1667,0.4343712489911659
2024-07-26,1323.15,931.5833,0.420323872272077
2024-07-29,1296.57,931.75,0.3915427958143278
2024-07-30,1267.95,932.25,0.360096540627514
2024-07-31,1293.33,932.75,0.3865773251139104
2024-08-01,1300.14,933.4167,0.3928827285819936
2024-08-02,1334.04,935.0833,0.4266536467927508
2024-08-05,1346.09,935.75,0.4385145605129574
2024-08-06,1336.4,936.5,0.4270154831820609
2024-08-07,1331.95,937.0833,0.4213784409561028
2024-08-08,1310.45,937.5833,0.3976891439939256
2024-08-09,1298.27,939.6667,0.381628187952175
2024-08-12,1284.35,939.8333,0.3665721357181106
2024-08-13,1272.49,940.3333,0.353232944106095
2024-08-14,1268.81,941.6667,0.3474088018616352
2024-08-15,1276.21,942.0,0.354787685774947
2024-08-16,1295.3,944.0,0.3721398305084744
2024-08-19,1290.1,944.3333,0.3661490069237205
2024-08-20,1287.82,944.8333,0.3630129251371643
2024-08-21,1291.75,945.3333,0.3664492724417938
2024-08-22,1283.23,946.25,0.3561215323645972
2024-08-23,1282.7,948.1667,0.3528211864010833
2024-08-26,1288.25,949.0833,0.357362414869169
2024-08-27,1286.19,949.75,0.3542405896288498
2024-08-28,1282.19,950.0833,0.3495553495151426
2024-08-29,1271.33,950.6667,0.3373035996737867
2024-08-30,1279.96,952.8333,0.3433199700304346
2024-09-02,1285.01,952.75,0.3487378640776699
2024-09-03,1294.46,954.1667,0.3566392539165326
2024-09-04,1279.84,954.5,0.3408486118386589
2024-09-05,1258.82,954.9167,0.3182511102800904
2024-09-06,1243.87,957.1667,0.2995332996854152
2024-09-09,1226.42,957.75,0.2805220569042026
2024-09-10,1230.44,958.1667,0.2841606789298774
2024-09-11,1230.16,958.9167,0.2828642988488989
2024-09-12,1239.48,959.6667,0.2915734181461127
2024-09-13,1226.53,961.75,0.2753106316610345
2024-09-16,1217.53,962.0833,0.2655141192036074
2024-09-17,1214.04,962.4167,0.2614494324547776
2024-09-18,1206.72,963.3333,0.252650562375452
2024-09-19,1197.74,963.75,0.2427911802853437
2024-09-20,1200.1,965.75,0.2426611441884545
2024-09-23,1204.57,966.3333,0.2465367798046491
2024-09-24,1202.13,966.75,0.2434755624515128
2024-09-25,1209.79,967.9167,0.2498906155870643
2024-09-26,1210.95,968.75,0.2500129032258065
2024-09-27,1207.75,970.5833,0.2443548122041663
2024-09-30,1215.03,970.9167,0.2514255857376848
2024-10-01,1220.07,971.25,0.2561853281853281
2024-10-02,1207.51,971.75,0.2426138410084899
2024-10-03,1191.74,972.75,0.225124646620406
2024-10-04,1187.52,974.8333,0.2181775078877588
2024-10-07,1184.07,975.5,0.2138083034341362
2024-10-08,1169.54,975.9167,0.1984014619280518
2024-10-09,1147.4,976.25,0.1753137003841229
2024-10-10,1134.84,979.4167,0.1586896568130806
2024-10-14,1143.88,980.1667,0.1670259762956649
2024-10-15,1139.91,980.5833,0.1624815556210268
2024-10-16,1159.89,981.5833,0.1816521328347784
2024-10-17,1160.0,981.75,0.181563534504711
2024-10-18,1160.0,983.8333,0.1790615341033892
2024-10-21,1167.91,984.4167,0.1863979958893424
2024-10-22,1161.97,984.8333,0.179864653236238
2024-10-23,1161.99,985.9167,0.1785884142138987
2024-10-24,1160.0,986.3333,0.1760730373799606
2024-10-25,1141.81,988.3333,0.155288403213774
2024-10-28,1134.18,988.8333,0.1469880717002551
2024-10-29,1138.18,989.25,0.1505483952489259
2024-10-30,1138.32,990.25,0.1495278969957081
2024-10-31,1131.46,990.75,0.1420237194044915
2024-11-01,1146.17,992.75,0.1545404180307228
2024-11-04,1151.54,993.3333,0.1592684952774663
2024-11-05,1153.5,994.75,0.1595878361397336
2024-11-07,1135.99,995.3333,0.1413161802182243
2024-11-08,1130.2,997.25,0.133316620706944
2024-11-11,1131.23,997.75,0.1337810072663492
2024-11-12,1124.4,998.75,0.1258072590738423
2024-11-13,1121.11,999.25,0.1219514635976981
2024-11-14,1105.75,999.75,0.1060265066266565
2024-11-15,1096.02,1002.75,0.09301421091997
2024-11-19,1075.12,1003.25,0.0716371791677048
2024-11-20,1074.86,1003.75,0.0708443337484432
2024-11-21,1078.95,1004.75,0.0738492162229411
2024-11-22,1080.4,1006.75,0.0731561956791657
2024-11-25,1077.58,1007.25,0.0698237776123107
2024-11-26,1076.12,1007.75,0.0678442073927063
2024-11-27,1074.61,1008.75,0.0652887236679058
2024-11-28,1075.15,1009.25,0.0652960118900174
2024-11-29,1075.76,1011.75,0.0632666172473437
2024-12-02,1068.89,1011.9167,0.0563023616469617
2024-12-03,1075.65,1013.1667,0.0616712925918312
2024-12-04,1076.34,1013.25,0.0622649888971131
2024-12-05,1062.16,1013.8333,0.0476673038851653
2024-12-06,1049.33,1015.75,0.0330593157765197
2024-12-09,1049.31,1016.75,0.0320236046225719
2024-12-10,1060.52,1017.25,0.0425362496927992
2024-12-11,1057.72,1017.75,0.0392729059199215
2024-12-12,1058.21,1018.75,0.0387337423312883
2024-12-13,1073.08,1020.75,0.0512662258143521
2024-12-16,1100.27,1021.25,0.0773757649938799
2024-12-17,1145.26,1021.8333,0.1207894673230947
2024-12-18,1131.22,1022.75,0.1060571987289171
2024-12-19,1131.19,1023.25,0.1054874175421451
2024-12-20,1142.2,1025.4167,0.1138886269357619
2024-12-23,1162.3,1027.75,0.1309170518122111
2024-12-26,1170.89,1029.0,0.1378911564625851
2024-12-27,1170.56,1030.5,0.1359146045608927
2024-12-30,1170.41,1032.5,0.1335690072639226
2025-01-02,1162.12,1032.75,0.1252674897119341
2025-01-03,1165.88,1034.75,0.126726262382218
2025-01-06,1165.09,1035.75,0.124875693941588
2025-01-07,1164.37,1036.25,0.1236381182147163
2025-01-08,1164.72,1036.75,0.1234338075717387
2025-01-09,1164.19,1037.75,0.1218405203565407
2025-01-10,1164.01,1039.75,0.1195094974753545
2025-01-13,1163.21,1040.25,0.1182023552030762
2025-01-14,1162.93,1041.25,0.116859543817527
2025-01-15,1164.05,1041.75,0.1173986081113509
2025-01-16,1166.03,1042.25,0.1187622931158551
2025-01-17,1165.84,1044.5,0.116170416467209
2025-01-20,1165.9,1045.25,0.1154269313561349
2025-01-21,1167.61,1045.9167,0.1163508527973593
2025-01-22,1172.67,1047.25,0.1197612795416567
2025-01-23,1167.35,1047.6667,0.1142379537308955
2025-01-24,1155.75,1049.5833,0.1011512854672898
2025-01-27,1162.22,1050.5,0.1063493574488338
2025-01-28,1161.38,1050.9167,0.1051113756209223
2025-01-29,1163.36,1051.5833,0.1062937191946657
2025-01-30,1164.89,1052.5,0.1067838479809977
2025-01-31,1164.79,1053.5,0.1056383483626008
2025-02-03,1178.82,1053.9167,0.1185134460816494
2025-02-04,1188.0,1054.25,0.1268674413089874
2025-02-05,1191.94,1054.7083,0.1301134161928943
2025-02-06,1189.03,1054.875,0.1271762057115772
2025-02-07,1194.47,1055.9167,0.1312161271812446
2025-02-10,1184.07,1056.375,0.1208803691870783
2025-02-11,1180.85,1056.625,0.1175677274340469
2025-02-12,1186.35,1056.875,0.1225073920756947
2025-02-13,1187.89,1057.4583,0.1233445328293325
2025-02-14,1183.88,1058.5,0.1184506376948513
2025-02-17,1210.09,1059.0833,0.1425824578671006
2025-02-18,1203.16,1059.1667,0.1359496101982813
2025-02-19,1201.86,1059.375,0.1344991150442476
2025-02-20,1206.06,1059.875,0.1379266422927232
2025-02-21,1205.88,1060.875,0.136684340756451
2025-02-24,1207.48,1061.125,0.1379243727176347
2025-02-25,1211.96,1061.625,0.1416083833745438
2025-02-26,1211.56,1061.875,0.1409629193643318
2025-02-27,1215.29,1062.375,0.1439369337569125
2025-02-28,1228.48,1064.375,0.1541796829125072
2025-03-05,1235.31,1064.375,0.1605965942454492
2025-03-06,1237.86,1064.625,0.1627192673476576
2025-03-07,1221.93,1066.0417,0.146230958882753
2025-03-10,1228.92,1066.3333,0.1524726837284364
2025-03-11,1230.38,1066.6667,0.1534812139537122
2025-03-12,1229.34,1066.875,0.1522811950790861
2025-03-13,1233.55,1067.125,0.155956424973644
2025-03-14,1237.78,1068.5417,0.1583824945718075
2025-03-17,1250.59,1068.9167,0.1699602036342027
2025-03-18,1299.32,1069.125,0.2153115865778088
2025-03-19,1286.38,1069.625,0.2026457870749094
2025-03-20,1287.59,1069.8333,0.2035426453822291
2025-03-21,1287.22,1071.3333,0.2015121717956494
2025-03-25,1294.3,1071.5833,0.2078389052908904
2025-03-26,1295.63,1072.0833,0.2085161666075761
2025-03-27,1292.29,1072.2917,0.2051664672961657
2025-03-28,1302.44,1073.375,0.2134063118667755
2025-03-31,1313.97,1073.875,0.2235781631940403
2025-04-01,1314.47,1074.5417,0.2232843080915334
2025-04-03,1319.42,1074.8333,0.2275577989628718
2025-04-04,1340.44,1075.875,0.2459068200302079
2025-04-07,1370.35,1076.3333,0.2731651060131652
2025-04-08,1376.58,1076.5833,0.2786562823331924
2025-04-09,1341.72,1077.125,0.245649297899501
2025-04-10,1364.01,1077.375,0.2660494256874348
2025-04-11,1333.33,1078.375,0.2364251767706038
2025-04-14,1253.4,1182.4167,0.0600323895966625
2025-04-15,1237.9,1200.8333,0.0308674817728655
2025-04-16,1165.93,1172.8333,-0.0058860027251954
2025-04-21,1122.08,1070.4167,0.0482646617901234
2025-04-22,1140.38,1093.3333,0.043030519604589
2025-04-23,1168.0,1122.5,0.0405345211581291
2025-04-24,1186.53,1176.4167,0.0085966987717871
2025-04-25,1184.24,1174.1667,0.0085791055052064
2025-04-28,1176.55,1163.1667,0.0115059174235301
2025-04-29,1173.15,1170.6667,0.0021212698712622
2025-04-30,1183.37,1172.0,0.0097013651877131
2025-05-05,1202.92,1178.5,0.0207212558336868
2025-05-06,1199.61,1203.8333,-0.0035082099822293
2025-05-07,1156.07,1153.5,0.0022280017338534
2025-05-08,1143.32,1117.5,0.0231051454138702
2025-05-09,1144.11,1113.5833,0.0274130368154765
2025-05-12,1141.2,1126.0,0.0134991119005329
2025-05-13,1140.92,1125.6667,0.0135504585860095
2025-05-14,,1129.8333,0.0135504585860095
2025-05-15,,1135.5,0.0135504585860095
2025-05-16,1155.12,1146.1667,0.0078115164225238
2025-05-19,1148.77,1134.25,0.0128014106237601
2025-05-20,1153.33,1142.0,0.0099211908931697
2025-05-21,1148.8,1145.0,0.0033187772925764
2025-05-22,1143.49,1143.5833,-8.158566149052415e-05
2025-05-23,1143.32,1137.0,0.0055584872471414
2025-05-26,1145.42,1139.8333,0.0049013307472243
2025-05-27,1161.3,1148.0,0.0115853658536584
2025-05-28,1164.8,1161.0,0.0032730404823426
2025-05-29,1181.9,1174.5,0.0063005534269902
2025-05-30,1191.72,1195.3333,-0.0030228389019196
2025-06-02,1183.78,1181.1667,0.0022124734806696
2025-06-03,1189.67,1184.0,0.0047888513513514
2025-06-04,1193.22,1184.3333,0.0075035465100914
2025-06-05,1192.38,1189.6667,0.0022807228276626
2025-06-06,1192.4,1190.0,0.0020168067226891
2025-06-09,1192.16,1186.4167,0.0048408792627414
2025-06-10,1189.44,1187.0,0.002055602358888
2025-06-11,1186.93,1184.5,0.0020514985225834
2025-06-12,1186.51,1185.5,0.0008519611978068
2025-06-13,1191.06,1187.6667,0.0028571147107181
2025-06-17,1190.37,1180.0833,0.0087169270169316
2025-06-18,1167.07,1151.0,0.0139617723718505
2025-06-19,1174.03,1156.1667,0.0154504536413304
2025-06-23,1185.15,1167.3333,0.0152627360154979
2025-06-24,1184.49,1176.0,0.0072193877551021
2025-06-25,1196.43,1176.3333,0.0170841886393933
2025-06-26,1199.28,1194.6667,0.0038615791333265
2025-06-27,1197.54,1189.8333,0.0064771258293072
2025-06-30,1211.1,1194.0833,0.0142508483285881
2025-07-01,1232.83,1203.0,0.0247963424771404
2025-07-02,1238.6,1231.3333,0.0059014890606789
2025-07-03,1238.37,1226.9167,0.0093350265751537
2025-07-04,1246.92,1239.8333,0.0057158490580953
2025-07-07,1276.44,1257.9167,0.0147253788744516
2025-07-08,1259.09,1258.0,0.0008664546899841
2025-07-10,1267.87,1261.1667,0.0053151577820758
2025-07-11,1269.1,1261.5833,0.0059581479875328
2025-07-14,1295.84,1266.1667,0.0234355397279046
2025-07-15,1276.07,1277.0,-0.0007282693813626
2025-07-16,1269.99,1259.9167,0.0079952111119727
2025-07-17,1280.96,1266.25,0.0116169792694966
2025-07-18,1292.87,1283.8333,0.0070388421923623
2025-07-21,1281.33,1286.0,-0.0036314152410575
2025-07-22,1260.71,1266.1667,-0.0043096221058411
2025-07-23,1264.65,1259.6667,0.0039560464684824
2025-07-24,1272.91,1262.0,0.0086450079239304
2025-07-25,1285.98,1277.75,0.0064410095871649
2025-07-28,1296.25,1287.3333,0.0069264890452223
2025-07-29,1294.45,1296.6667,-0.0017095372311172
2025-07-30,1322.36,1294.1667,0.0217849060712194
2025-07-31,1359.76,1351.8333,0.0058636667701557
2025-08-01,1357.56,1361.3333,-0.0027717679425016
2025-08-04,1356.15,1361.8333,-0.0041732714275675
2025-08-05,1344.27,1351.1667,-0.0051042554556739
2025-08-06,1334.88,1333.6667,0.0009097475403712
2025-08-07,1327.8,1331.0833,-0.0024666375124682
2025-08-08,1332.23,1329.4167,0.0021161912589182
2025-08-11,1324.65,1330.5,-0.0043968432919954
2025-08-12,1323.46,1321.5,0.0014831630722664
2025-08-13,1318.72,1318.0,0.000546282245827
2025-08-14,1308.13,1308.3333,-0.0001553885389906
2025-08-18,1301.06,1298.8333,0.0017143847482197
2025-08-19,1297.02,1292.3333,0.0036265412335965
2025-08-20,1307.86,1298.5,0.0072083172891797
2025-08-21,1323.26,1309.25,0.0107007828909682
2025-08-22,1331.15,1321.5833,0.007238817258057
2025-08-25,1360.31,1344.1667,0.012009894308496
2025-08-26,1352.46,1352.3333,9.368992096847606e-05
2025-08-27,1358.27,1359.4167,-0.0008435235494752
2025-08-28,1344.05,1343.6667,0.0002852641953543
2025-08-29,1357.34,1323.8333,0.0253103619617363
2025-09-01,1376.49,1371.1667,0.0038823142364818
2025-09-02,1365.62,1368.25,-0.0019221633473415
2025-09-03,1370.14,1360.1667,0.0073324100641487
2025-09-04,1378.31,1362.3333,0.0117274531863824
2025-09-05,1383.33,1365.4167,0.0131192917151226
2025-09-08,1434.92,1422.1667,0.0089675141458451
2025-09-09,1430.74,1418.6667,0.0085103146496636
2025-09-10,1428.49,1419.9167,0.0060378894057657
2025-09-11,1451.12,1427.5833,0.0164870939580197
2025-09-12,1468.46,1447.1667,0.0147137852190766
2025-09-15,1488.06,1462.0,0.0178248974008208
2025-09-16,1469.91,1464.6667,0.0035798588170263
2025-09-17,1486.47,1471.4167,0.0102304805973725
2025-09-18,1535.4,1474.25,0.0414787179921993
2025-09-19,1551.03,1474.75,0.0517240210205118
2025-09-22,1427.51,1425.6667,0.0012929389456877
2025-09-23,1405.02,1354.1667,0.0375532052294595
2025-09-24,1369.47,1343.3333,0.0194566009790719
2025-09-25,1380.13,1325.0833,0.0415420675817135
2025-09-26,1431.44,1332.0,0.0746546546546547
2025-09-29,1454.91,1341.0,0.0849440715883669
2025-09-30,1494.02,1366.5833,0.0932520542289665
2025-10-01,1523.0,1423.8333,0.0696476897962703
2025-10-02,1500.0,1424.75,0.052816283558519
2025-10-03,1498.81,1424.75,0.0519810493068959
2025-10-06,1499.11,1429.75,0.0485119776184646
2025-10-07,1533.95,1429.75,0.0728798741038643
2025-10-08,1527.95,1429.75,0.0686833362475958
2025-10-09,1440.81,1451.75,-0.0075357327363526
2025-10-13,1409.92,1347.6667,0.0461933948505219
2025-10-14,1454.99,1359.8333,0.0699767390605892
2025-10-15,1441.77,1373.5,0.0497051328722242
2025-10-16,1473.52,1387.1667,0.0622515664483582
2025-10-17,1541.49,1439.5,0.0708509899270579
2025-10-20,1552.82,1462.8333,0.0615153483312145
2025-10-21,1591.57,1484.75,0.0719447718471122
2025-10-22,1592.99,1487.0833,0.0712177320530733
2025-10-23,1533.7,1484.0,0.0334905660377358
2025-10-24,1549.44,1485.9167,0.0427502429981438
2025-10-27,1440.79,1378.9167,0.0448709483321219
2025-10-28,1477.87,1470.8333,0.0047841587486494
2025-10-29,1475.21,1451.5,0.0163348260420255
2025-10-30,1470.6,1433.6667,0.0257614269760189
2025-10-31,1477.46,1443.0,0.0238808038808038
2025-11-03,1500.47,1457.4167,0.0295408307040807
2025-11-04,1495.58,1473.1667,0.0152143677969369
2025-11-05,1478.74,1447.5,0.0215820379965456
2025-11-07,1454.69,1441.5,0.0091501907734998
2025-11-10,1458.18,1419.3333,0.0273696812440038
2025-11-11,1455.43,1416.5,0.0274832333215673
2025-11-12,1451.89,1402.0,0.0355848787446506
2025-11-13,1462.04,1408.8333,0.037766497995185
2025-11-14,1451.17,1405.0,0.0328612099644127
2025-11-17,1448.93,1401.0,0.0342112776588152
2025-11-18,1440.51,1388.0,0.0378314121037464
2025-11-19,1441.13,1402.5,0.0275436720142603
2025-11-20,1452.76,1416.6667,0.0254776229299382
2025-11-25,1480.68,1442.8333,0.0262308195964149
2025-11-26,1487.55,1448.5,0.0269589230238176
2025-11-27,1481.82,1448.0,0.0233563535911602
2025-11-28,1476.42,1450.75,0.0176942960537653
2025-12-01,1475.23,1449.0833,0.0180436141938837
2025-12-02,1477.35,1453.5833,0.0163504217474155
2025-12-03,1470.3,1453.5,0.0115583075335397
2025-12-04,1470.3,1449.3333,0.0144664446749411
2025-12-05,1474.54,1438.5833,0.0249945206509765
2025-12-09,1468.72,1437.4167,0.0217774706527342
2025-12-10,1471.35,1439.4167,0.0221848891985203
2025-12-11,1476.11,1438.25,0.0263236572223186
2025-12-12,1478.73,1438.4167,0.0280261623770079
2025-12-15,1492.0084,1439.8333,0.0362369032581757
2025-12-16,1504.3001,1451.3333,0.0364952695566207
2025-12-17,1514.1404,1448.5833,0.0452560097855607
2025-12-18,1498.5827,1453.1667,0.0312531246415155
2025-12-19,1494.6221,1452.25,0.0291768634876914
2025-12-22,1493.0607,1450.4167,0.0294012058741464
2025-12-23,1479.4398,1450.5,0.0199516028955533
2025-12-26,1486.107,1450.9167,0.0242538389695285
2025-12-29,1484.347,1454.9167,0.0202281683892968
2025-12-30,1480.74,1459.4167,0.014610837329736
2026-01-02,1506.2135,1469.613,0.0249048559042415
2026-01-05,1501.4948,1472.7348,0.0195282952504416
2026-01-06,1498.0626,1467.6208,0.0207422789319966
2026-01-07,1494.5612,1466.0309,0.0194609131362784
2026-01-08,1494.1056,1459.5816,0.0236533538104344
2026-01-09,1489.4229,1466.4689,0.015652565151569
2026-01-12,1487.8916,1466.646,0.0144858404822976
2026-01-13,1485.8594,1463.3168,0.0154051398849517
2026-01-14,1481.7394,1454.3238,0.0188510976716465
2026-01-15,1473.8264,1443.8584,0.020755497907551
2026-01-16,1472.1521,1431.055,0.0287180436810603
2026-01-19,,1432.6913,0.0287180436810603
2026-01-20,,1435.6263,0.0287180436810603
2026-01-21,,1429.7799,0.0287180436810603
2026-01-22,,1427.0331,0.0287180436810603
2026-01-23,,1433.1999,0.0287180436810603
2026-01-26,,1438.4603,0.0287180436810603
2026-01-27,,1441.3245,0.0287180436810603
2026-01-28,,1442.6959,0.0287180436810603
2026-01-29,,1446.301,0.0287180436810603
2026-01-30,,1447.6657,0.0287180436810603
2026-02-02,1450.2315,1451.701,-0.0010122607892396
2026-02-03,1460.3837,1447.6651,0.0087855955082429
2026-02-04,1457.2898,1447.6232,0.0066775663722438
2026-02-05,1467.7606,1445.6242,0.0153126932988532
2026-02-06,1447.9934,1430.589,0.0121658981021104
2026-02-09,1438.5366,1423.3639,0.0106597476583465
2026-02-10,1432.8479,1405.427,0.0195107252102031
2026-02-11,1431.679,1403.6981,0.0199337022683154
2026-02-12,1417.8138,1394.154,0.0169707220292736
2026-02-13,1423.5999,1395.4205,0.020194199526236
2026-02-18,1415.692,1401.8091,0.0099035596216345
2026-02-19,1409.0687,1391.9703,0.0122835954186666
2026-02-20,1402.0752,1384.205,0.0129100819604033
2026-02-23,1394.8442,1367.2357,0.0201929338152888
2026-02-24,1405.082,1377.0942,0.0203238093661277
2026-02-25,1425.8592,1388.5847,0.0268435191601923
2026-02-26,1437.5819,1408.6966,0.0205049831170174
2026-02-27,1419.5364,1408.9662,0.00750209621778
2026-03-02,1417.9816,1401.5785,0.011703304524149
2026-03-03,1434.1085,1411.1067,0.016300539144205
2026-03-04,1425.6746,1401.5797,0.0171912449930604
2026-03-05,1433.2124,1407.1504,0.0185211189933924
2026-03-06,1437.5309,1413.8218,0.0167695108393435
2026-03-09,1430.175,1418.2781,0.0083882702553186
2026-03-10,1422.1204,1402.3816,0.0140751989330152
2026-03-11,1413.7987,1396.4528,0.0124214008522165
2026-03-12,1415.5161,1399.6749,0.0113177710052527
2026-03-13,1424.3421,1392.9851,0.0225106499703406
2026-03-16,1424.918,1394.655,0.0216992732969802
2026-03-17,1417.3036,1395.5134,0.0156144684816355
2026-03-18,1420.3801,1399.6042,0.0148441252176865
2026-03-19,1421.0785,1395.5142,0.0183189106925605
2026-03-20,,1393.438,0.0183189106925605
2026-03-25,1405.6001,1378.9689,0.0193124007365212
2026-03-26,1399.6395,1370.2909,0.0214177880039925
2026-03-27,1429.7275,1376.0989,0.0389714721812508
2026-03-30,1432.5083,1394.9234,0.0269440601541275
2026-03-31,1422.8441,1382.7578,0.0289901094754265
2026-04-01,1434.0391,1387.7212,0.0333769492027649
2026-04-06,1429.5683,1391.6887,0.0272184433199751
2026-04-07,1430.1631,1395.0979,0.0251345801610052
2026-04-08,1424.4466,1387.0308,0.0269754644237172
2026-04-09,1422.5734,1383.2312,0.0284422445069196
2026-04-10,1412.5,1373.9033,0.0280927340373955
2026-04-13,1404.4715,1362.8139,0.0305673430539561
2026-04-14,1412.0948,1358.522,0.0394346208600229
2026-04-15,1398.5315,1363.6566,0.0255745471403872
2026-04-16,1406.2256,1352.9774,0.0393563114949295
2026-04-17,1412.5294,1360.0307,0.0386011139307369
2026-04-20,1414.7257,1372.7745,0.0305594254555281
2026-04-21,1414.4201,1379.0516,0.0256469736157807
2026-04-22,1419.8402,1378.1258,0.0302689348098701
2026-04-23,,1387.6961,
2026-04-24,,1397.2063,
2026-04-27,,1412.9865,
2026-04-28,,1408.1491,
2026-04-29,,1395.2866,
2026-04-30,,1381.0954,
2026-05-04,,1398.3143,
2026-05-05,,1395.1909,
2026-05-06,,1386.2923,
2026-05-07,,1390.637,
2026-05-08,,1394.1232,
2026-05-11,,1399.4749,
2026-05-12,,1386.5259,
2026-05-13,,1389.2073,
2026-05-14,,1393.2322,
2026-05-15,,1395.3478,
2026-05-18,,1394.974,
2026-05-19,,1398.916,
2026-05-20,,1398.8346,
2026-05-21,,1392.1705,
2026-05-22,,1393.5019,
2026-05-26,,1407.8893,
2026-05-27,,1411.1796,
2026-05-28,,1411.4054,
2026-05-29,,1410.2904,
2026-06-01,,1421.4672,
