fecha,depositos_usd_z
2002-12-31,775.0
2003-01-02,797.0
2003-01-03,805.0
2003-01-06,804.0
2003-01-07,804.0
2003-01-08,814.0
2003-01-09,816.0
2003-01-10,818.0
2003-01-13,819.0
2003-01-14,826.0
2003-01-15,822.0
2003-01-16,832.0
2003-01-17,832.0
2003-01-20,825.0
2003-01-21,841.0
2003-01-22,855.0
2003-01-23,860.0
2003-01-24,870.0
2003-01-27,869.0
2003-01-28,867.0
2003-01-29,865.0
2003-01-30,867.0
2003-01-31,874.0
2003-02-03,870.0
2003-02-04,878.0
2003-02-05,877.0
2003-02-06,879.0
2003-02-07,879.0
2003-02-10,874.0
2003-02-11,879.0
2003-02-12,890.0
2003-02-13,887.0
2003-02-14,887.0
2003-02-17,892.0
2003-02-18,927.0
2003-02-19,932.0
2003-02-20,940.0
2003-02-21,943.0
2003-02-24,944.0
2003-02-25,937.0
2003-02-26,930.0
2003-02-27,945.0
2003-02-28,1000.0
2003-03-03,957.0
2003-03-04,959.0
2003-03-05,957.0
2003-03-06,965.0
2003-03-07,968.0
2003-03-10,968.0
2003-03-11,983.0
2003-03-12,978.0
2003-03-13,982.0
2003-03-14,985.0
2003-03-17,984.0
2003-03-18,1041.0
2003-03-19,1040.0
2003-03-20,1048.0
2003-03-21,1050.0
2003-03-24,1040.0
2003-03-25,1023.0
2003-03-26,1015.0
2003-03-27,1011.0
2003-03-28,1033.0
2003-04-01,1018.0
2003-04-02,1018.0
2003-04-03,1024.0
2003-04-04,1030.0
2003-04-07,1032.0
2003-04-08,1026.0
2003-04-09,1043.0
2003-04-10,1044.0
2003-04-11,1047.0
2003-04-14,1053.0
2003-04-15,1054.0
2003-04-16,1066.0
2003-04-21,1069.0
2003-04-22,1075.0
2003-04-23,1070.0
2003-04-24,1066.0
2003-04-25,1063.0
2003-04-28,1065.0
2003-04-29,1064.0
2003-04-30,1092.0
2003-05-02,1064.0
2003-05-05,1067.0
2003-05-06,1070.0
2003-05-07,1139.0
2003-05-08,1166.0
2003-05-09,1163.0
2003-05-12,1169.0
2003-05-13,1164.0
2003-05-14,1163.0
2003-05-15,1206.0
2003-05-16,1177.0
2003-05-19,1185.0
2003-05-20,1185.0
2003-05-21,1187.0
2003-05-22,1187.0
2003-05-23,1220.0
2003-05-26,1231.0
2003-05-27,1239.0
2003-05-28,1231.0
2003-05-29,1205.0
2003-05-30,1243.0
2003-06-02,1230.0
2003-06-03,1248.0
2003-06-04,1260.0
2003-06-05,1259.0
2003-06-06,1264.0
2003-06-09,1267.0
2003-06-10,1280.0
2003-06-11,1285.0
2003-06-12,1283.0
2003-06-13,1286.0
2003-06-17,1297.0
2003-06-18,1301.0
2003-06-19,1304.0
2003-06-20,1321.0
2003-06-23,1318.0
2003-06-24,1323.0
2003-06-25,1320.0
2003-06-26,1321.0
2003-06-27,1335.0
2003-06-30,1338.0
2003-07-01,1331.0
2003-07-02,1334.0
2003-07-03,1337.0
2003-07-04,1346.0
2003-07-07,1363.0
2003-07-08,1363.0
2003-07-10,1377.0
2003-07-11,1377.0
2003-07-14,1360.0
2003-07-15,1362.0
2003-07-16,1366.0
2003-07-17,1376.0
2003-07-18,1384.0
2003-07-21,1386.0
2003-07-22,1387.0
2003-07-23,1391.0
2003-07-24,1393.0
2003-07-25,1394.0
2003-07-28,1395.0
2003-07-29,1417.0
2003-07-30,1420.0
2003-07-31,1424.0
2003-08-01,1428.0
2003-08-04,1424.0
2003-08-05,1430.0
2003-08-06,1436.0
2003-08-07,1462.0
2003-08-08,1477.0
2003-08-11,1470.0
2003-08-12,1472.0
2003-08-13,1486.0
2003-08-14,1479.0
2003-08-15,1499.0
2003-08-19,1516.0
2003-08-20,1517.0
2003-08-21,1519.0
2003-08-22,1515.0
2003-08-25,1519.0
2003-08-26,1520.0
2003-08-27,1509.0
2003-08-28,1522.0
2003-08-29,1527.0
2003-09-01,1523.0
2003-09-02,1526.0
2003-09-03,1525.0
2003-09-04,1531.0
2003-09-05,1536.0
2003-09-08,1552.0
2003-09-09,1558.0
2003-09-10,1563.0
2003-09-11,1597.0
2003-09-12,1585.0
2003-09-15,1573.0
2003-09-16,1577.0
2003-09-17,1581.0
2003-09-18,1590.0
2003-09-19,1599.0
2003-09-22,1610.0
2003-09-23,1630.0
2003-09-24,1639.0
2003-09-25,1630.0
2003-09-26,1632.0
2003-09-29,1638.0
2003-09-30,1629.0
2003-10-01,1632.0
2003-10-02,1638.0
2003-10-03,1635.0
2003-10-06,1633.0
2003-10-07,1667.0
2003-10-08,1661.0
2003-10-09,1681.0
2003-10-10,1674.0
2003-10-14,1679.0
2003-10-15,1682.0
2003-10-16,1682.0
2003-10-17,1680.0
2003-10-20,1685.0
2003-10-21,1687.0
2003-10-22,1691.0
2003-10-23,1691.0
2003-10-24,1690.0
2003-10-27,1692.0
2003-10-28,1692.0
2003-10-29,1690.0
2003-10-30,1678.0
2003-10-31,1691.0
2003-11-03,1694.0
2003-11-04,1694.0
2003-11-05,1692.0
2003-11-07,1682.0
2003-11-10,1711.0
2003-11-11,1711.0
2003-11-12,1709.0
2003-11-13,1709.0
2003-11-14,1747.0
2003-11-17,1743.0
2003-11-18,1751.0
2003-11-19,1749.0
2003-11-20,1747.0
2003-11-21,1754.0
2003-11-24,1753.0
2003-11-25,1755.0
2003-11-26,1752.0
2003-11-27,1778.0
2003-11-28,1858.0
2003-12-01,1867.0
2003-12-02,1858.0
2003-12-03,1851.0
2003-12-04,1854.0
2003-12-05,1851.0
2003-12-09,1858.0
2003-12-10,1852.0
2003-12-11,1849.0
2003-12-12,1861.0
2003-12-15,1879.0
2003-12-16,1903.0
2003-12-17,1894.0
2003-12-18,1918.0
2003-12-19,1926.0
2003-12-22,1935.0
2003-12-23,1929.0
2003-12-24,1920.0
2003-12-26,1924.0
2003-12-29,1931.0
2003-12-30,1935.0
2003-12-31,1946.0
2004-01-02,1990.0
2004-01-05,2004.0
2004-01-06,2017.0
2004-01-07,2023.0
2004-01-08,2011.0
2004-01-09,2039.0
2004-01-12,2017.0
2004-01-13,2034.0
2004-01-14,2033.0
2004-01-15,2041.0
2004-01-16,2041.0
2004-01-19,2043.0
2004-01-20,2046.0
2004-01-21,2057.0
2004-01-22,2057.0
2004-01-23,2063.0
2004-01-26,2067.0
2004-01-27,2069.0
2004-01-28,2075.0
2004-01-29,2080.0
2004-01-30,2077.0
2004-02-02,2071.0
2004-02-03,2077.0
2004-02-04,2081.0
2004-02-05,2083.0
2004-02-06,2084.0
2004-02-09,2084.0
2004-02-10,2085.0
2004-02-11,2091.0
2004-02-12,2108.0
2004-02-13,2104.0
2004-02-16,2106.0
2004-02-17,2109.0
2004-02-18,2104.0
2004-02-19,2116.0
2004-02-20,2118.0
2004-02-23,2115.0
2004-02-24,2116.0
2004-02-25,2127.0
2004-02-26,2116.0
2004-02-27,2137.0
2004-03-01,2134.0
2004-03-02,2146.0
2004-03-03,2147.0
2004-03-04,2147.0
2004-03-05,2151.0
2004-03-08,2085.0
2004-03-09,2082.0
2004-03-10,2086.0
2004-03-11,2087.0
2004-03-12,2080.0
2004-03-15,2101.0
2004-03-16,2102.0
2004-03-17,2105.0
2004-03-18,2105.0
2004-03-19,2118.0
2004-03-22,2116.0
2004-03-23,2123.0
2004-03-24,2137.0
2004-03-25,2126.0
2004-03-26,2146.0
2004-03-29,2172.0
2004-03-30,2262.0
2004-03-31,2284.0
2004-04-01,2288.0
2004-04-02,2300.0
2004-04-06,2351.0
2004-04-07,2354.0
2004-04-12,2370.0
2004-04-13,2362.0
2004-04-14,2400.0
2004-04-15,2414.0
2004-04-16,2437.0
2004-04-19,2445.0
2004-04-20,2455.0
2004-04-21,2455.0
2004-04-22,2459.0
2004-04-23,2462.0
2004-04-26,2463.0
2004-04-27,2464.0
2004-04-28,2478.0
2004-04-29,2480.0
2004-04-30,2477.0
2004-05-03,2496.0
2004-05-04,2552.0
2004-05-05,2636.0
2004-05-06,2693.0
2004-05-07,2727.0
2004-05-10,2745.0
2004-05-11,2774.0
2004-05-12,2819.0
2004-05-13,2840.0
2004-05-14,2870.0
2004-05-17,2877.0
2004-05-18,2892.0
2004-05-19,2919.0
2004-05-20,2940.0
2004-05-21,2968.0
2004-05-24,2993.0
2004-05-26,3046.0
2004-05-27,3083.0
2004-05-28,3133.0
2004-05-31,3133.0
2004-06-01,3136.0
2004-06-02,3151.0
2004-06-03,3169.0
2004-06-04,3197.0
2004-06-07,3221.0
2004-06-08,3231.0
2004-06-09,3265.0
2004-06-10,3290.0
2004-06-11,3312.0
2004-06-14,3336.0
2004-06-15,3372.0
2004-06-16,3381.0
2004-06-17,3393.0
2004-06-18,3388.0
2004-06-22,3463.0
2004-06-23,3474.0
2004-06-24,3477.0
2004-06-25,3428.0
2004-06-28,3501.0
2004-06-29,3519.0
2004-06-30,3559.0
2004-07-01,3556.0
2004-07-02,3565.0
2004-07-05,3565.0
2004-07-06,3585.0
2004-07-07,3619.0
2004-07-08,3622.0
2004-07-12,3647.0
2004-07-13,3645.0
2004-07-14,3632.0
2004-07-15,3647.0
2004-07-16,3679.0
2004-07-19,3684.0
2004-07-20,3702.0
2004-07-21,3651.0
2004-07-22,3739.0
2004-07-23,3740.0
2004-07-26,3743.0
2004-07-27,3737.0
2004-07-28,3726.0
2004-07-29,3734.0
2004-07-30,3735.0
2004-08-02,3736.0
2004-08-03,3723.0
2004-08-04,3732.0
2004-08-05,3762.0
2004-08-06,3767.0
2004-08-09,3764.0
2004-08-10,3775.0
2004-08-11,3769.0
2004-08-12,3778.0
2004-08-13,3773.0
2004-08-17,3780.0
2004-08-18,3781.0
2004-08-19,3785.0
2004-08-20,3785.0
2004-08-23,3794.0
2004-08-24,3804.0
2004-08-25,3803.0
2004-08-26,3802.0
2004-08-27,3808.0
2004-08-30,3802.0
2004-08-31,3820.0
2004-09-01,3809.0
2004-09-02,3812.0
2004-09-03,3836.0
2004-09-06,3846.0
2004-09-07,3859.0
2004-09-08,3847.0
2004-09-09,3847.0
2004-09-10,3857.0
2004-09-13,3838.0
2004-09-14,3866.0
2004-09-15,3736.0
2004-09-16,3849.0
2004-09-17,3845.0
2004-09-20,3743.0
2004-09-21,3742.0
2004-09-22,3760.0
2004-09-23,3748.0
2004-09-24,3762.0
2004-09-27,3769.0
2004-09-28,3761.0
2004-09-29,3767.0
2004-09-30,3787.0
2004-10-01,3774.0
2004-10-04,3784.0
2004-10-05,3788.0
2004-10-06,3794.0
2004-10-07,3799.0
2004-10-08,3817.0
2004-10-12,3809.0
2004-10-13,3806.0
2004-10-14,3846.0
2004-10-15,3850.0
2004-10-18,3831.0
2004-10-19,3828.0
2004-10-20,3829.0
2004-10-21,3839.0
2004-10-22,3837.0
2004-10-25,3843.0
2004-10-26,3845.0
2004-10-27,3842.0
2004-10-28,3833.0
2004-10-29,3865.0
2004-11-01,3858.0
2004-11-02,3857.0
2004-11-03,3868.0
2004-11-04,3869.0
2004-11-05,3859.0
2004-11-08,3859.0
2004-11-09,3860.0
2004-11-10,3869.0
2004-11-11,3864.0
2004-11-12,3890.0
2004-11-15,3893.0
2004-11-16,3892.0
2004-11-17,3903.0
2004-11-18,3876.0
2004-11-19,3898.0
2004-11-22,3902.0
2004-11-23,3913.0
2004-11-24,3902.0
2004-11-25,3901.0
2004-11-26,3896.0
2004-11-29,3907.0
2004-11-30,3911.0
2004-12-01,3908.0
2004-12-02,3905.0
2004-12-03,3893.0
2004-12-06,3927.0
2004-12-07,3923.0
2004-12-09,3928.0
2004-12-10,3929.0
2004-12-13,3932.0
2004-12-14,3938.0
2004-12-15,3935.0
2004-12-16,3951.0
2004-12-17,3942.0
2004-12-20,3958.0
2004-12-21,3959.0
2004-12-22,3966.0
2004-12-23,3972.0
2004-12-24,3979.0
2004-12-27,3974.0
2004-12-28,3983.0
2004-12-29,3975.0
2004-12-30,3970.0
2004-12-31,3981.0
2005-01-03,3966.0
2005-01-04,3963.0
2005-01-05,3965.0
2005-01-06,3970.0
2005-01-07,3998.0
2005-01-10,3994.0
2005-01-11,3997.0
2005-01-12,3994.0
2005-01-13,4001.0
2005-01-14,4010.0
2005-01-17,4017.0
2005-01-18,4018.0
2005-01-19,4044.0
2005-01-20,4078.0
2005-01-21,4110.0
2005-01-24,4128.0
2005-01-25,4149.0
2005-01-26,4167.0
2005-01-27,4203.0
2005-01-28,4234.0
2005-01-31,3965.0
2005-02-01,3958.0
2005-02-02,4010.0
2005-02-03,4041.0
2005-02-04,4074.0
2005-02-07,4111.0
2005-02-08,4144.0
2005-02-09,4157.0
2005-02-10,4185.0
2005-02-11,4221.0
2005-02-14,4274.0
2005-02-15,4301.0
2005-02-16,4364.0
2005-02-17,4458.0
2005-02-18,4526.0
2005-02-21,4178.0
2005-02-22,4249.0
2005-02-23,4287.0
2005-02-24,4350.0
2005-02-25,4397.0
2005-02-28,4479.0
2005-03-01,4484.0
2005-03-02,4517.0
2005-03-03,4577.0
2005-03-04,4588.0
2005-03-07,4633.0
2005-03-08,4321.0
2005-03-09,4328.0
2005-03-10,4327.0
2005-03-11,4341.0
2005-03-14,4286.0
2005-03-15,4312.0
2005-03-16,4331.0
2005-03-17,3881.0
2005-03-18,3940.0
2005-03-21,3931.0
2005-03-22,3955.0
2005-03-23,3960.0
2005-03-28,3958.0
2005-03-29,3969.0
2005-03-30,3358.0
2005-03-31,3422.0
2005-04-01,3415.0
2005-04-04,3415.0
2005-04-05,3427.0
2005-04-06,3438.0
2005-04-07,3499.0
2005-04-08,3557.0
2005-04-11,3594.0
2005-04-12,3587.0
2005-04-13,3598.0
2005-04-14,3652.0
2005-04-15,3718.0
2005-04-18,3716.0
2005-04-19,3745.0
2005-04-20,3802.0
2005-04-21,3829.0
2005-04-22,3865.0
2005-04-25,3862.0
2005-04-26,3874.0
2005-04-27,3901.0
2005-04-28,3937.0
2005-04-29,4020.0
2005-05-02,3917.0
2005-05-03,3993.0
2005-05-04,4071.0
2005-05-05,4184.0
2005-05-06,4267.0
2005-05-09,4311.0
2005-05-10,4338.0
2005-05-11,4353.0
2005-05-12,4370.0
2005-05-13,4261.0
2005-05-16,4266.0
2005-05-17,4269.0
2005-05-18,4301.0
2005-05-19,4318.0
2005-05-20,4168.0
2005-05-23,4205.0
2005-05-24,3642.0
2005-05-26,3676.0
2005-05-27,3664.0
2005-05-30,3667.0
2005-05-31,3765.0
2005-06-01,3806.0
2005-06-02,3846.0
2005-06-03,3898.0
2005-06-06,3952.0
2005-06-07,4010.0
2005-06-08,3751.0
2005-06-09,3787.0
2005-06-10,3826.0
2005-06-13,3847.0
2005-06-14,3897.0
2005-06-15,3938.0
2005-06-16,3649.0
2005-06-17,3665.0
2005-06-21,3662.0
2005-06-22,3688.0
2005-06-23,3701.0
2005-06-24,3709.0
2005-06-27,3703.0
2005-06-28,3722.0
2005-06-29,3748.0
2005-06-30,3752.0
2005-07-01,3763.0
2005-07-04,3771.0
2005-07-05,3754.0
2005-07-06,3757.0
2005-07-07,3756.0
2005-07-08,3747.0
2005-07-11,3774.0
2005-07-12,3783.0
2005-07-13,3784.0
2005-07-14,3789.0
2005-07-15,3792.0
2005-07-18,3791.0
2005-07-19,3786.0
2005-07-20,3791.0
2005-07-21,3794.0
2005-07-22,3790.0
2005-07-25,3804.0
2005-07-26,3799.0
2005-07-27,3797.0
2005-07-28,3792.0
2005-07-29,3802.0
2005-08-01,3673.0
2005-08-02,3684.0
2005-08-03,3745.0
2005-08-04,3835.0
2005-08-05,3848.0
2005-08-08,3878.0
2005-08-09,3911.0
2005-08-10,3919.0
2005-08-11,3932.0
2005-08-12,3923.0
2005-08-16,3916.0
2005-08-17,3929.0
2005-08-18,3909.0
2005-08-19,3894.0
2005-08-22,3899.0
2005-08-23,3902.0
2005-08-24,3922.0
2005-08-25,3918.0
2005-08-26,3920.0
2005-08-29,3920.0
2005-08-30,3875.0
2005-08-31,3940.0
2005-09-01,3921.0
2005-09-02,3913.0
2005-09-05,3929.0
2005-09-06,3924.0
2005-09-07,3932.0
2005-09-08,3933.0
2005-09-09,3932.0
2005-09-12,3934.0
2005-09-13,3943.0
2005-09-14,3939.0
2005-09-15,3924.0
2005-09-16,3928.0
2005-09-19,3931.0
2005-09-20,3931.0
2005-09-21,3935.0
2005-09-22,3922.0
2005-09-23,3931.0
2005-09-26,3923.0
2005-09-27,3926.0
2005-09-28,3943.0
2005-09-29,3939.0
2005-09-30,3936.0
2005-10-03,3922.0
2005-10-04,3927.0
2005-10-05,3955.0
2005-10-06,3950.0
2005-10-07,3947.0
2005-10-11,3955.0
2005-10-12,3896.0
2005-10-13,3883.0
2005-10-14,3885.0
2005-10-17,3862.0
2005-10-18,3867.0
2005-10-19,3879.0
2005-10-20,3872.0
2005-10-21,3860.0
2005-10-24,3873.0
2005-10-25,3867.0
2005-10-26,3867.0
2005-10-27,3866.0
2005-10-28,3882.0
2005-10-31,3872.0
2005-11-01,3865.0
2005-11-02,3873.0
2005-11-03,3887.0
2005-11-04,3875.0
2005-11-07,3891.0
2005-11-08,3872.0
2005-11-09,3893.0
2005-11-10,3889.0
2005-11-11,3896.0
2005-11-14,3904.0
2005-11-15,3911.0
2005-11-16,3907.0
2005-11-17,3909.0
2005-11-18,3922.0
2005-11-21,3929.0
2005-11-22,3931.0
2005-11-23,3951.0
2005-11-24,3947.0
2005-11-25,3950.0
2005-11-28,3952.0
2005-11-29,3948.0
2005-11-30,3968.0
2005-12-01,3962.0
2005-12-02,3964.0
2005-12-05,3980.0
2005-12-06,3979.0
2005-12-07,3972.0
2005-12-09,3980.0
2005-12-12,3976.0
2005-12-13,3984.0
2005-12-14,3972.0
2005-12-15,4011.0
2005-12-16,4009.0
2005-12-19,4026.0
2005-12-20,4021.0
2005-12-21,4022.0
2005-12-22,4019.0
2005-12-23,4050.0
2005-12-26,4050.0
2005-12-27,4049.0
2005-12-28,4062.0
2005-12-29,4072.0
2005-12-30,4075.0
2006-01-02,4067.0
2006-01-03,4076.0
2006-01-04,4073.0
2006-01-05,4075.0
2006-01-06,4082.0
2006-01-09,4091.0
2006-01-10,4087.0
2006-01-11,4093.0
2006-01-12,4092.0
2006-01-13,4097.0
2006-01-16,4115.0
2006-01-17,4136.0
2006-01-18,4132.0
2006-01-19,4148.0
2006-01-20,4159.0
2006-01-23,4153.0
2006-01-24,4147.0
2006-01-25,4153.0
2006-01-26,4156.0
2006-01-27,4160.0
2006-01-30,4167.0
2006-01-31,4166.0
2006-02-01,4170.0
2006-02-02,4162.0
2006-02-03,4201.0
2006-02-06,4212.0
2006-02-07,4235.0
2006-02-08,4260.0
2006-02-09,4285.0
2006-02-10,4306.0
2006-02-13,4312.0
2006-02-14,4333.0
2006-02-15,4364.0
2006-02-16,4386.0
2006-02-17,4441.0
2006-02-20,4381.0
2006-02-21,4365.0
2006-02-22,4370.0
2006-02-23,4376.0
2006-02-24,4370.0
2006-02-27,4370.0
2006-02-28,4371.0
2006-03-01,4377.0
2006-03-02,4373.0
2006-03-03,4364.0
2006-03-06,4367.0
2006-03-07,4367.0
2006-03-08,4393.0
2006-03-09,4404.0
2006-03-10,4411.0
2006-03-13,4414.0
2006-03-14,4418.0
2006-03-15,4435.0
2006-03-16,4439.0
2006-03-17,4433.0
2006-03-20,4452.0
2006-03-21,4469.0
2006-03-22,4484.0
2006-03-23,4508.0
2006-03-27,4530.0
2006-03-28,4534.0
2006-03-29,4546.0
2006-03-30,4545.0
2006-03-31,4622.0
2006-04-03,4594.0
2006-04-04,4619.0
2006-04-05,4621.0
2006-04-06,4636.0
2006-04-07,4654.0
2006-04-10,4675.0
2006-04-11,4681.0
2006-04-12,4713.0
2006-04-17,4720.0
2006-04-18,4735.0
2006-04-19,4736.0
2006-04-20,4719.0
2006-04-21,4727.0
2006-04-24,4734.0
2006-04-25,4745.0
2006-04-26,4738.0
2006-04-27,4746.0
2006-04-28,4777.0
2006-05-02,4790.0
2006-05-03,4796.0
2006-05-04,4849.0
2006-05-05,4844.0
2006-05-08,4869.0
2006-05-09,4875.0
2006-05-10,4898.0
2006-05-11,4897.0
2006-05-12,4900.0
2006-05-15,4914.0
2006-05-16,4923.0
2006-05-17,4925.0
2006-05-18,4931.0
2006-05-19,4950.0
2006-05-22,4956.0
2006-05-23,4947.0
2006-05-24,4950.0
2006-05-26,4950.0
2006-05-29,4968.0
2006-05-30,4965.0
2006-05-31,4965.0
2006-06-01,4952.0
2006-06-02,4969.0
2006-06-05,4984.0
2006-06-06,4980.0
2006-06-07,4989.0
2006-06-08,4993.0
2006-06-09,4980.0
2006-06-12,5004.0
2006-06-13,4984.0
2006-06-14,5002.0
2006-06-15,5061.0
2006-06-16,5060.0
2006-06-20,5073.0
2006-06-21,5079.0
2006-06-22,5080.0
2006-06-23,5082.0
2006-06-26,5062.0
2006-06-27,5076.0
2006-06-28,5074.0
2006-06-29,5080.0
2006-06-30,5115.0
2006-07-03,5094.0
2006-07-04,5158.0
2006-07-05,5092.0
2006-07-06,5103.0
2006-07-07,5178.0
2006-07-10,5122.0
2006-07-11,5123.0
2006-07-12,5127.0
2006-07-13,5211.0
2006-07-14,5199.0
2006-07-17,5213.0
2006-07-18,5230.0
2006-07-19,5227.0
2006-07-20,5234.0
2006-07-21,5240.0
2006-07-24,5248.0
2006-07-25,5273.0
2006-07-26,5275.0
2006-07-27,5277.0
2006-07-28,5263.0
2006-07-31,5265.0
2006-08-01,5252.0
2006-08-02,5263.0
2006-08-03,5042.0
2006-08-04,5149.0
2006-08-07,5146.0
2006-08-08,5217.0
2006-08-09,5238.0
2006-08-10,5210.0
2006-08-11,5210.0
2006-08-14,5221.0
2006-08-15,5216.0
2006-08-16,5181.0
2006-08-17,5166.0
2006-08-18,5170.0
2006-08-22,5187.0
2006-08-23,5178.0
2006-08-24,5186.0
2006-08-25,5204.0
2006-08-28,5218.0
2006-08-29,5237.0
2006-08-30,5249.0
2006-08-31,5261.0
2006-09-01,5269.0
2006-09-04,5274.0
2006-09-05,5271.0
2006-09-06,5287.0
2006-09-07,5278.0
2006-09-08,5291.0
2006-09-11,5298.0
2006-09-12,5312.0
2006-09-13,5315.0
2006-09-14,5296.0
2006-09-15,5297.0
2006-09-18,5290.0
2006-09-19,5309.0
2006-09-20,5308.0
2006-09-21,5331.0
2006-09-22,5356.0
2006-09-25,5359.0
2006-09-26,5377.0
2006-09-27,5379.0
2006-09-28,5405.0
2006-09-29,5396.0
2006-10-02,5404.0
2006-10-03,5418.0
2006-10-04,5422.0
2006-10-05,5447.0
2006-10-06,5422.0
2006-10-09,5436.0
2006-10-10,5451.0
2006-10-11,5446.0
2006-10-12,5472.0
2006-10-13,5477.0
2006-10-17,5450.0
2006-10-18,5444.0
2006-10-19,5441.0
2006-10-20,5454.0
2006-10-23,5457.0
2006-10-24,5458.0
2006-10-25,5479.0
2006-10-26,5432.0
2006-10-27,5509.0
2006-10-30,5517.0
2006-10-31,5540.0
2006-11-01,5515.0
2006-11-02,5535.0
2006-11-03,5528.0
2006-11-07,5523.0
2006-11-08,5542.0
2006-11-09,5540.0
2006-11-10,5554.0
2006-11-13,5572.0
2006-11-14,5555.0
2006-11-15,5547.0
2006-11-16,5556.0
2006-11-17,5575.0
2006-11-20,5577.0
2006-11-21,5565.0
2006-11-22,5570.0
2006-11-23,5586.0
2006-11-24,5582.0
2006-11-27,5538.0
2006-11-28,5513.0
2006-11-29,5488.0
2006-11-30,5493.0
2006-12-01,5492.0
2006-12-04,5498.0
2006-12-05,5487.0
2006-12-06,5464.0
2006-12-07,5488.0
2006-12-11,5510.0
2006-12-12,5520.0
2006-12-13,5515.0
2006-12-14,5515.0
2006-12-15,5525.0
2006-12-18,5542.0
2006-12-19,5543.0
2006-12-20,5542.0
2006-12-21,5526.0
2006-12-22,5538.0
2006-12-26,5536.0
2006-12-27,5527.0
2006-12-28,5524.0
2006-12-29,5522.0
2007-01-02,5528.0
2007-01-03,5505.0
2007-01-04,5537.0
2007-01-05,5519.0
2007-01-08,5532.0
2007-01-09,5524.0
2007-01-10,5555.0
2007-01-11,5554.0
2007-01-12,5563.0
2007-01-15,5585.0
2007-01-16,5579.0
2007-01-17,5582.0
2007-01-18,5591.0
2007-01-19,5597.0
2007-01-22,5596.0
2007-01-23,5580.0
2007-01-24,5582.0
2007-01-25,5580.0
2007-01-26,5631.0
2007-01-29,5632.0
2007-01-30,5646.0
2007-01-31,5687.0
2007-02-01,5729.0
2007-02-02,5718.0
2007-02-05,5757.0
2007-02-06,5768.0
2007-02-07,5756.0
2007-02-08,5772.0
2007-02-09,5747.0
2007-02-12,5654.0
2007-02-13,5674.0
2007-02-14,5680.0
2007-02-15,5653.0
2007-02-16,5656.0
2007-02-19,5666.0
2007-02-20,5659.0
2007-02-21,5673.0
2007-02-22,5684.0
2007-02-23,5673.0
2007-02-26,5679.0
2007-02-27,5664.0
2007-02-28,5674.0
2007-03-01,5652.0
2007-03-02,5662.0
2007-03-05,5670.0
2007-03-06,5658.0
2007-03-07,5663.0
2007-03-08,5661.0
2007-03-09,5673.0
2007-03-12,5666.0
2007-03-13,5659.0
2007-03-14,5650.0
2007-03-15,5683.0
2007-03-16,5664.0
2007-03-19,5688.0
2007-03-20,5696.0
2007-03-21,5698.0
2007-03-22,5700.0
2007-03-23,5694.0
2007-03-26,5701.0
2007-03-27,5704.0
2007-03-28,5698.0
2007-03-29,5698.0
2007-03-30,5711.0
2007-04-03,5705.0
2007-04-04,5701.0
2007-04-09,5709.0
2007-04-10,5700.0
2007-04-11,5711.0
2007-04-12,5714.0
2007-04-13,5733.0
2007-04-16,5733.0
2007-04-17,5734.0
2007-04-18,5743.0
2007-04-19,5740.0
2007-04-20,5749.0
2007-04-23,5779.0
2007-04-24,5788.0
2007-04-25,5794.0
2007-04-26,5781.0
2007-04-27,5785.0
2007-04-30,5841.0
2007-05-02,5919.0
2007-05-03,5930.0
2007-05-04,5921.0
2007-05-07,5928.0
2007-05-08,5949.0
2007-05-09,5980.0
2007-05-10,5959.0
2007-05-11,5960.0
2007-05-14,5990.0
2007-05-15,6069.0
2007-05-16,6060.0
2007-05-17,6073.0
2007-05-18,6039.0
2007-05-21,5945.0
2007-05-22,5914.0
2007-05-23,5928.0
2007-05-24,5923.0
2007-05-28,5942.0
2007-05-29,5939.0
2007-05-30,5933.0
2007-05-31,5945.0
2007-06-01,5925.0
2007-06-04,5921.0
2007-06-05,5917.0
2007-06-06,5934.0
2007-06-07,5928.0
2007-06-08,5918.0
2007-06-11,5904.0
2007-06-12,5870.0
2007-06-13,5835.0
2007-06-14,5863.0
2007-06-15,5842.0
2007-06-19,5859.0
2007-06-20,5855.0
2007-06-21,5842.0
2007-06-22,5870.0
2007-06-25,5870.0
2007-06-26,5865.0
2007-06-27,5877.0
2007-06-28,5873.0
2007-06-29,5860.0
2007-07-02,5886.0
2007-07-03,5937.0
2007-07-04,5945.0
2007-07-05,5913.0
2007-07-06,5928.0
2007-07-10,5946.0
2007-07-11,5974.0
2007-07-12,5976.0
2007-07-13,5985.0
2007-07-16,5977.0
2007-07-17,5980.0
2007-07-18,5988.0
2007-07-19,5998.0
2007-07-20,5999.0
2007-07-23,6007.0
2007-07-24,6017.0
2007-07-25,6038.0
2007-07-26,6063.0
2007-07-27,6095.0
2007-07-30,6117.0
2007-07-31,6104.0
2007-08-01,6097.0
2007-08-02,6125.0
2007-08-03,6204.0
2007-08-06,6264.0
2007-08-07,6298.0
2007-08-08,6280.0
2007-08-09,6287.0
2007-08-10,6365.0
2007-08-13,6369.0
2007-08-14,6379.0
2007-08-15,6410.0
2007-08-16,6407.0
2007-08-17,6459.0
2007-08-21,6469.0
2007-08-22,6491.0
2007-08-23,6500.0
2007-08-24,6509.0
2007-08-27,6538.0
2007-08-28,6553.0
2007-08-29,6563.0
2007-08-30,6590.0
2007-08-31,6637.0
2007-09-03,6668.0
2007-09-04,6656.0
2007-09-05,6662.0
2007-09-06,6680.0
2007-09-07,6684.0
2007-09-10,6708.0
2007-09-11,6715.0
2007-09-12,6734.0
2007-09-13,6725.0
2007-09-14,6737.0
2007-09-17,6770.0
2007-09-18,6768.0
2007-09-19,6778.0
2007-09-20,6780.0
2007-09-21,6784.0
2007-09-24,6802.0
2007-09-25,6809.0
2007-09-26,6810.0
2007-09-27,6821.0
2007-09-28,6827.0
2007-10-01,6846.0
2007-10-02,6835.0
2007-10-03,6847.0
2007-10-04,6833.0
2007-10-05,6886.0
2007-10-08,6913.0
2007-10-09,6910.0
2007-10-10,6928.0
2007-10-11,6925.0
2007-10-12,6928.0
2007-10-16,6925.0
2007-10-17,6928.0
2007-10-18,6920.0
2007-10-19,6974.0
2007-10-22,6978.0
2007-10-23,6985.0
2007-10-24,7035.0
2007-10-25,7032.0
2007-10-26,7060.0
2007-10-29,7072.0
2007-10-30,7070.0
2007-10-31,7044.0
2007-11-01,7062.0
2007-11-02,7094.0
2007-11-05,7101.0
2007-11-07,7116.0
2007-11-08,7119.0
2007-11-09,7137.0
2007-11-12,7141.0
2007-11-13,7139.0
2007-11-14,7136.0
2007-11-15,7135.0
2007-11-16,7132.0
2007-11-19,7157.0
2007-11-20,7164.0
2007-11-21,7151.0
2007-11-22,7160.0
2007-11-23,7198.0
2007-11-26,7219.0
2007-11-27,7245.0
2007-11-28,7237.0
2007-11-29,7211.0
2007-11-30,7206.0
2007-12-03,7222.0
2007-12-04,7156.0
2007-12-05,7240.0
2007-12-06,7221.0
2007-12-07,7229.0
2007-12-10,7198.0
2007-12-11,7181.0
2007-12-12,7244.0
2007-12-13,7237.0
2007-12-14,7264.0
2007-12-17,7284.0
2007-12-18,7308.0
2007-12-19,7314.0
2007-12-20,7287.0
2007-12-21,7316.0
2007-12-26,7314.0
2007-12-27,7338.0
2007-12-28,7344.0
2008-01-02,7362.0
2008-01-03,7367.0
2008-01-04,7365.0
2008-01-07,7503.0
2008-01-08,7506.0
2008-01-09,7532.0
2008-01-10,7544.0
2008-01-11,7532.0
2008-01-14,7556.0
2008-01-15,7551.0
2008-01-16,7550.0
2008-01-17,7529.0
2008-01-18,7557.0
2008-01-21,7567.0
2008-01-22,7557.0
2008-01-23,7555.0
2008-01-24,7535.0
2008-01-25,7529.0
2008-01-28,7520.0
2008-01-29,7510.0
2008-01-30,7490.0
2008-01-31,7487.0
2008-02-01,7500.0
2008-02-04,7507.0
2008-02-05,7554.0
2008-02-06,7565.0
2008-02-07,7571.0
2008-02-08,7571.0
2008-02-11,7557.0
2008-02-12,7576.0
2008-02-13,7578.0
2008-02-14,7571.0
2008-02-15,7578.0
2008-02-18,7574.0
2008-02-19,7578.0
2008-02-20,7574.0
2008-02-21,7546.0
2008-02-22,7555.0
2008-02-25,7553.0
2008-02-26,7551.0
2008-02-27,7560.0
2008-02-28,7574.0
2008-02-29,7573.0
2008-03-03,7584.0
2008-03-04,7587.0
2008-03-05,7576.0
2008-03-06,7571.0
2008-03-07,7580.0
2008-03-10,7596.0
2008-03-11,7588.0
2008-03-12,7599.0
2008-03-13,7616.0
2008-03-14,7630.0
2008-03-17,7630.0
2008-03-18,7596.0
2008-03-19,7588.0
2008-03-25,7570.0
2008-03-26,7572.0
2008-03-27,7873.0
2008-03-28,7871.0
2008-03-31,7881.0
2008-04-01,7877.0
2008-04-03,7874.0
2008-04-04,7882.0
2008-04-07,7906.0
2008-04-08,7900.0
2008-04-09,7917.0
2008-04-10,7902.0
2008-04-11,7892.0
2008-04-14,7877.0
2008-04-15,7870.0
2008-04-16,7867.0
2008-04-17,7877.0
2008-04-18,7889.0
2008-04-21,7897.0
2008-04-22,7932.0
2008-04-23,7936.0
2008-04-24,7959.0
2008-04-25,7979.0
2008-04-28,8065.0
2008-04-29,8069.0
2008-04-30,8067.0
2008-05-02,8119.0
2008-05-05,8191.0
2008-05-06,8200.0
2008-05-07,8226.0
2008-05-08,8215.0
2008-05-09,8184.0
2008-05-12,8166.0
2008-05-13,8105.0
2008-05-14,8085.0
2008-05-15,8027.0
2008-05-16,7981.0
2008-05-19,7976.0
2008-05-20,7962.0
2008-05-21,7956.0
2008-05-22,7995.0
2008-05-23,8003.0
2008-05-26,7981.0
2008-05-27,7979.0
2008-05-28,7964.0
2008-05-29,7993.0
2008-05-30,8018.0
2008-06-02,8098.0
2008-06-03,8098.0
2008-06-04,8101.0
2008-06-05,8119.0
2008-06-06,8129.0
2008-06-09,8136.0
2008-06-10,8113.0
2008-06-11,8126.0
2008-06-12,8115.0
2008-06-13,8104.0
2008-06-17,8092.0
2008-06-18,8069.0
2008-06-19,8081.0
2008-06-20,8105.0
2008-06-23,8124.0
2008-06-24,8102.0
2008-06-25,8122.0
2008-06-26,8086.0
2008-06-27,8117.0
2008-06-30,8201.0
2008-07-01,8216.0
2008-07-02,8217.0
2008-07-03,8207.0
2008-07-04,8208.0
2008-07-07,8187.0
2008-07-08,8206.0
2008-07-10,8203.0
2008-07-11,8212.0
2008-07-14,8224.0
2008-07-15,8207.0
2008-07-16,8265.0
2008-07-17,8269.0
2008-07-18,8237.0
2008-07-21,8222.0
2008-07-22,8231.0
2008-07-23,8242.0
2008-07-24,8240.0
2008-07-25,8208.0
2008-07-28,8211.0
2008-07-29,8242.0
2008-07-30,8235.0
2008-07-31,8217.0
2008-08-01,8178.0
2008-08-04,8343.0
2008-08-05,8427.0
2008-08-06,8442.0
2008-08-07,8486.0
2008-08-08,8491.0
2008-08-11,8587.0
2008-08-12,8542.0
2008-08-13,8555.0
2008-08-14,8639.0
2008-08-15,8484.0
2008-08-19,8475.0
2008-08-20,8510.0
2008-08-21,8540.0
2008-08-22,8563.0
2008-08-25,8556.0
2008-08-26,8521.0
2008-08-27,8525.0
2008-08-28,8520.0
2008-08-29,8522.0
2008-09-01,8480.0
2008-09-02,8531.0
2008-09-03,8548.0
2008-09-04,8555.0
2008-09-05,8539.0
2008-09-08,8559.0
2008-09-09,8572.0
2008-09-10,8577.0
2008-09-11,8578.0
2008-09-12,8589.0
2008-09-15,8591.0
2008-09-16,8599.0
2008-09-17,8594.0
2008-09-18,8608.0
2008-09-19,8621.0
2008-09-22,8639.0
2008-09-23,8624.0
2008-09-24,8623.0
2008-09-25,8655.0
2008-09-26,8652.0
2008-09-29,8656.0
2008-09-30,8663.0
2008-10-01,8656.0
2008-10-02,8673.0
2008-10-03,8645.0
2008-10-06,8658.0
2008-10-07,8666.0
2008-10-08,8755.0
2008-10-09,8773.0
2008-10-10,8832.0
2008-10-14,8835.0
2008-10-15,8845.0
2008-10-16,8841.0
2008-10-17,8858.0
2008-10-20,8895.0
2008-10-21,8882.0
2008-10-22,8887.0
2008-10-23,8874.0
2008-10-24,9038.0
2008-10-27,9014.0
2008-10-28,9047.0
2008-10-29,9027.0
2008-10-30,8997.0
2008-10-31,9037.0
2008-11-03,8898.0
2008-11-04,8839.0
2008-11-05,8839.0
2008-11-07,8965.0
2008-11-10,9261.0
2008-11-11,9234.0
2008-11-12,9224.0
2008-11-13,9208.0
2008-11-14,9222.0
2008-11-17,9208.0
2008-11-18,9195.0
2008-11-19,9172.0
2008-11-20,9206.0
2008-11-21,9192.0
2008-11-24,9186.0
2008-11-25,9183.0
2008-11-26,9186.0
2008-11-27,9193.0
2008-11-28,9266.0
2008-12-01,9210.0
2008-12-02,9209.0
2008-12-03,9218.0
2008-12-04,9224.0
2008-12-05,9234.0
2008-12-09,9261.0
2008-12-10,9258.0
2008-12-11,9268.0
2008-12-12,9295.0
2008-12-15,9311.0
2008-12-16,9330.0
2008-12-17,9315.0
2008-12-18,9368.0
2008-12-19,9385.0
2008-12-22,9376.0
2008-12-23,9399.0
2008-12-24,9461.0
2008-12-26,9495.0
2008-12-29,9522.0
2008-12-30,9534.0
2008-12-31,9536.0
2009-01-02,9572.0
2009-01-05,9574.0
2009-01-06,9594.0
2009-01-07,9594.0
2009-01-08,9615.0
2009-01-09,9645.0
2009-01-12,9651.0
2009-01-13,9677.0
2009-01-14,9651.0
2009-01-15,9638.0
2009-01-16,9656.0
2009-01-19,9644.0
2009-01-20,9661.0
2009-01-21,9649.0
2009-01-22,9660.0
2009-01-23,9649.0
2009-01-26,9681.0
2009-01-27,9696.0
2009-01-28,9745.0
2009-01-29,9730.0
2009-01-30,9743.0
2009-02-02,9769.0
2009-02-03,9799.0
2009-02-04,9822.0
2009-02-05,9831.0
2009-02-06,9846.0
2009-02-09,9906.0
2009-02-10,9911.0
2009-02-11,9925.0
2009-02-12,9887.0
2009-02-13,9888.0
2009-02-16,9881.0
2009-02-17,9904.0
2009-02-18,9912.0
2009-02-19,9911.0
2009-02-20,9943.0
2009-02-23,9951.0
2009-02-24,9947.0
2009-02-25,9967.0
2009-02-26,9992.0
2009-02-27,10053.0
2009-03-02,10172.0
2009-03-03,10218.0
2009-03-04,10253.0
2009-03-05,10260.0
2009-03-06,10341.0
2009-03-09,10385.0
2009-03-10,10443.0
2009-03-11,10471.0
2009-03-12,10512.0
2009-03-13,10546.0
2009-03-16,10575.0
2009-03-17,10589.0
2009-03-18,10648.0
2009-03-19,10656.0
2009-03-20,10684.0
2009-03-23,10709.0
2009-03-25,10722.0
2009-03-26,10787.0
2009-03-27,10835.0
2009-03-30,10887.0
2009-03-31,10925.0
2009-04-01,10980.0
2009-04-03,11034.0
2009-04-06,11084.0
2009-04-07,11101.0
2009-04-08,11032.0
2009-04-13,11056.0
2009-04-14,11065.0
2009-04-15,11062.0
2009-04-16,11073.0
2009-04-17,11090.0
2009-04-20,11111.0
2009-04-21,11162.0
2009-04-22,11228.0
2009-04-23,11272.0
2009-04-24,11345.0
2009-04-27,11407.0
2009-04-28,11456.0
2009-04-29,11448.0
2009-04-30,11613.0
2009-05-04,11618.0
2009-05-05,11615.0
2009-05-06,11632.0
2009-05-07,11641.0
2009-05-08,11655.0
2009-05-11,11651.0
2009-05-12,11660.0
2009-05-13,11650.0
2009-05-14,11650.0
2009-05-15,11632.0
2009-05-18,11524.0
2009-05-19,11530.0
2009-05-20,11534.0
2009-05-21,11525.0
2009-05-22,11573.0
2009-05-26,11517.0
2009-05-27,11510.0
2009-05-28,11508.0
2009-05-29,11519.0
2009-06-01,11544.0
2009-06-02,11548.0
2009-06-03,11539.0
2009-06-04,11542.0
2009-06-05,11598.0
2009-06-08,11589.0
2009-06-09,11622.0
2009-06-10,11615.0
2009-06-11,11615.0
2009-06-12,11625.0
2009-06-16,11596.0
2009-06-17,11590.0
2009-06-18,11634.0
2009-06-19,11604.0
2009-06-22,11607.0
2009-06-23,11599.0
2009-06-24,11592.0
2009-06-25,11598.0
2009-06-26,11604.0
2009-06-29,11620.0
2009-06-30,11679.0
2009-07-01,11626.0
2009-07-02,11651.0
2009-07-03,11724.0
2009-07-06,11732.0
2009-07-07,11747.0
2009-07-08,11767.0
2009-07-13,11747.0
2009-07-14,11777.0
2009-07-15,11793.0
2009-07-16,11806.0
2009-07-17,11808.0
2009-07-20,11828.0
2009-07-21,11830.0
2009-07-22,11824.0
2009-07-23,11818.0
2009-07-24,11817.0
2009-07-27,11827.0
2009-07-28,11843.0
2009-07-29,11656.0
2009-07-30,11655.0
2009-07-31,11681.0
2009-08-03,11818.0
2009-08-04,12039.0
2009-08-05,12069.0
2009-08-06,12085.0
2009-08-07,12076.0
2009-08-10,12076.0
2009-08-11,12082.0
2009-08-12,12062.0
2009-08-13,12042.0
2009-08-14,12035.0
2009-08-18,11937.0
2009-08-19,11960.0
2009-08-20,11941.0
2009-08-21,11946.0
2009-08-24,11969.0
2009-08-25,11933.0
2009-08-26,11975.0
2009-08-27,11988.0
2009-08-28,12128.0
2009-08-31,12278.0
2009-09-01,12249.0
2009-09-02,12222.0
2009-09-03,12235.0
2009-09-04,12235.0
2009-09-07,12248.0
2009-09-08,12251.0
2009-09-09,12237.0
2009-09-10,12252.0
2009-09-11,12236.0
2009-09-14,12253.0
2009-09-15,12256.0
2009-09-16,12265.0
2009-09-17,12251.0
2009-09-18,12241.0
2009-09-21,12248.0
2009-09-22,12253.0
2009-09-23,12241.0
2009-09-24,12089.0
2009-09-25,12076.0
2009-09-28,12065.0
2009-09-29,12054.0
2009-09-30,12079.0
2009-10-01,12089.0
2009-10-02,11944.0
2009-10-05,11971.0
2009-10-06,11960.0
2009-10-07,11967.0
2009-10-08,11940.0
2009-10-09,11935.0
2009-10-13,11933.0
2009-10-14,11774.0
2009-10-15,11762.0
2009-10-16,11678.0
2009-10-19,11678.0
2009-10-20,11651.0
2009-10-21,11660.0
2009-10-22,11652.0
2009-10-23,11646.0
2009-10-26,11613.0
2009-10-27,11651.0
2009-10-28,11610.0
2009-10-29,11599.0
2009-10-30,11625.0
2009-11-02,11602.0
2009-11-03,11597.0
2009-11-04,11606.0
2009-11-05,11654.0
2009-11-09,11648.0
2009-11-10,11669.0
2009-11-11,11649.0
2009-11-12,11620.0
2009-11-13,11604.0
2009-11-16,11591.0
2009-11-17,11638.0
2009-11-18,11618.0
2009-11-19,11617.0
2009-11-20,11573.0
2009-11-23,11580.0
2009-11-24,11558.0
2009-11-25,11561.0
2009-11-26,11536.0
2009-11-27,11531.0
2009-11-30,11520.0
2009-12-01,11516.0
2009-12-02,11520.0
2009-12-03,11513.0
2009-12-04,11948.0
2009-12-07,11897.0
2009-12-09,11894.0
2009-12-10,11875.0
2009-12-11,11840.0
2009-12-14,11576.0
2009-12-15,11956.0
2009-12-16,11949.0
2009-12-17,11812.0
2009-12-18,11661.0
2009-12-21,11999.0
2009-12-22,11940.0
2009-12-23,11737.0
2009-12-24,11711.0
2009-12-28,11875.0
2009-12-29,11844.0
2009-12-30,11792.0
2009-12-31,11788.0
2010-01-04,11772.0
2010-01-05,11755.0
2010-01-06,11788.0
2010-01-07,11788.0
2010-01-08,11811.0
2010-01-11,11803.0
2010-01-12,11786.0
2010-01-13,11748.0
2010-01-14,11751.0
2010-01-15,11699.0
2010-01-18,11688.0
2010-01-19,11674.0
2010-01-20,11662.0
2010-01-21,11675.0
2010-01-22,11653.0
2010-01-25,11646.0
2010-01-26,11636.0
2010-01-27,11742.0
2010-01-28,11714.0
2010-01-29,11760.0
2010-02-01,11422.0
2010-02-02,11424.0
2010-02-03,11418.0
2010-02-04,11425.0
2010-02-05,11552.0
2010-02-08,11484.0
2010-02-09,11480.0
2010-02-10,11481.0
2010-02-11,11493.0
2010-02-12,11495.0
2010-02-15,11507.0
2010-02-16,11458.0
2010-02-17,11457.0
2010-02-18,11437.0
2010-02-19,11425.0
2010-02-22,11411.0
2010-02-23,11347.0
2010-02-24,11315.0
2010-02-25,11257.0
2010-02-26,11287.0
2010-03-01,11263.0
2010-03-02,11267.0
2010-03-03,11279.0
2010-03-04,11399.0
2010-03-05,11406.0
2010-03-08,11463.0
2010-03-09,11461.0
2010-03-10,11475.0
2010-03-11,11453.0
2010-03-12,11553.0
2010-03-15,11556.0
2010-03-16,11589.0
2010-03-17,11612.0
2010-03-18,11649.0
2010-03-19,11663.0
2010-03-22,11667.0
2010-03-23,11546.0
2010-03-25,11698.0
2010-03-26,11710.0
2010-03-29,11723.0
2010-03-30,16098.0
2010-03-31,15052.0
2010-04-05,15071.0
2010-04-06,15111.0
2010-04-07,15121.0
2010-04-08,15124.0
2010-04-09,15039.0
2010-04-12,15044.0
2010-04-13,15059.0
2010-04-14,15094.0
2010-04-15,15137.0
2010-04-16,15157.0
2010-04-19,15297.0
2010-04-20,15332.0
2010-04-21,15403.0
2010-04-22,15900.0
2010-04-23,15978.0
2010-04-26,16107.0
2010-04-27,16174.0
2010-04-28,15883.0
2010-04-29,15904.0
2010-04-30,16125.0
2010-05-03,16120.0
2010-05-04,16055.0
2010-05-05,16153.0
2010-05-06,16125.0
2010-05-07,16102.0
2010-05-10,16112.0
2010-05-11,16126.0
2010-05-12,16133.0
2010-05-13,16153.0
2010-05-14,16146.0
2010-05-17,16201.0
2010-05-18,16206.0
2010-05-19,16223.0
2010-05-20,16225.0
2010-05-21,16240.0
2010-05-26,16252.0
2010-05-27,16252.0
2010-05-28,16242.0
2010-05-31,16270.0
2010-06-01,15745.0
2010-06-02,15714.0
2010-06-03,15705.0
2010-06-04,15706.0
2010-06-07,15723.0
2010-06-08,15756.0
2010-06-09,15747.0
2010-06-10,15755.0
2010-06-11,15746.0
2010-06-14,15715.0
2010-06-15,15686.0
2010-06-16,15685.0
2010-06-17,15718.0
2010-06-18,15708.0
2010-06-22,15730.0
2010-06-23,15609.0
2010-06-24,15611.0
2010-06-25,15625.0
2010-06-28,15585.0
2010-06-29,15579.0
2010-06-30,15649.0
2010-07-01,15591.0
2010-07-02,15598.0
2010-07-05,15625.0
2010-07-06,15525.0
2010-07-07,15563.0
2010-07-08,15571.0
2010-07-12,15578.0
2010-07-13,15583.0
2010-07-14,15606.0
2010-07-15,15615.0
2010-07-16,15601.0
2010-07-19,15662.0
2010-07-20,15653.0
2010-07-21,15625.0
2010-07-22,15635.0
2010-07-23,15721.0
2010-07-26,15730.0
2010-07-27,15719.0
2010-07-28,15718.0
2010-07-29,13648.0
2010-07-30,13778.0
2010-08-02,13736.0
2010-08-03,14060.0
2010-08-04,14155.0
2010-08-05,14310.0
2010-08-06,14291.0
2010-08-09,14321.0
2010-08-10,14402.0
2010-08-11,14395.0
2010-08-12,14479.0
2010-08-13,14492.0
2010-08-17,14496.0
2010-08-18,14519.0
2010-08-19,14495.0
2010-08-20,14537.0
2010-08-23,14520.0
2010-08-24,14524.0
2010-08-25,14531.0
2010-08-26,14526.0
2010-08-27,14537.0
2010-08-30,14524.0
2010-08-31,14529.0
2010-09-01,14508.0
2010-09-02,14259.0
2010-09-03,14272.0
2010-09-06,14291.0
2010-09-07,14380.0
2010-09-08,14368.0
2010-09-09,14410.0
2010-09-10,14417.0
2010-09-13,14460.0
2010-09-14,14414.0
2010-09-15,14520.0
2010-09-16,14515.0
2010-09-17,14588.0
2010-09-20,14664.0
2010-09-21,14731.0
2010-09-22,14949.0
2010-09-23,15012.0
2010-09-24,14980.0
2010-09-27,15120.0
2010-09-28,14986.0
2010-09-29,14988.0
2010-09-30,15144.0
2010-10-01,15171.0
2010-10-04,15083.0
2010-10-05,15156.0
2010-10-06,15283.0
2010-10-07,15320.0
2010-10-08,15329.0
2010-10-12,15394.0
2010-10-13,15434.0
2010-10-14,15459.0
2010-10-15,15497.0
2010-10-18,15361.0
2010-10-19,15435.0
2010-10-20,15506.0
2010-10-21,15503.0
2010-10-22,15496.0
2010-10-25,15530.0
2010-10-26,15517.0
2010-10-28,15583.0
2010-10-29,15671.0
2010-11-01,15716.0
2010-11-02,15735.0
2010-11-03,15765.0
2010-11-04,15785.0
2010-11-05,15844.0
2010-11-08,15884.0
2010-11-09,15902.0
2010-11-10,15836.0
2010-11-11,15908.0
2010-11-12,15894.0
2010-11-15,15945.0
2010-11-16,15958.0
2010-11-17,15969.0
2010-11-18,15979.0
2010-11-19,15984.0
2010-11-23,15914.0
2010-11-24,15800.0
2010-11-25,15803.0
2010-11-26,15799.0
2010-11-29,15714.0
2010-11-30,15787.0
2010-12-01,15782.0
2010-12-02,15792.0
2010-12-03,15791.0
2010-12-06,15814.0
2010-12-07,15800.0
2010-12-09,15862.0
2010-12-10,15952.0
2010-12-13,15899.0
2010-12-14,15947.0
2010-12-15,15887.0
2010-12-16,15900.0
2010-12-17,15898.0
2010-12-20,15974.0
2010-12-21,15988.0
2010-12-22,16005.0
2010-12-23,16027.0
2010-12-27,16001.0
2010-12-28,15967.0
2010-12-29,16056.0
2010-12-30,16106.0
2011-01-03,16087.0
2011-01-04,16094.0
2011-01-05,16092.0
2011-01-06,16089.0
2011-01-07,16112.0
2011-01-10,16198.0
2011-01-11,16177.0
2011-01-12,16165.0
2011-01-13,16153.0
2011-01-14,16129.0
2011-01-17,16121.0
2011-01-18,16095.0
2011-01-19,16073.0
2011-01-20,16080.0
2011-01-21,16072.0
2011-01-24,16058.0
2011-01-25,16020.0
2011-01-26,15986.0
2011-01-27,15892.0
2011-01-28,15810.0
2011-01-31,15689.0
2011-02-01,15664.0
2011-02-02,15643.0
2011-02-03,15630.0
2011-02-04,15650.0
2011-02-07,15692.0
2011-02-08,15702.0
2011-02-09,15715.0
2011-02-10,15705.0
2011-02-11,15727.0
2011-02-14,15674.0
2011-02-15,15574.0
2011-02-16,15525.0
2011-02-17,15472.0
2011-02-18,15477.0
2011-02-21,15529.0
2011-02-22,15510.0
2011-02-23,15515.0
2011-02-24,15498.0
2011-02-25,15413.0
2011-02-28,15444.0
2011-03-01,15427.0
2011-03-02,15389.0
2011-03-03,15405.0
2011-03-04,15436.0
2011-03-09,15429.0
2011-03-10,15443.0
2011-03-11,15448.0
2011-03-14,15467.0
2011-03-15,15480.0
2011-03-16,15446.0
2011-03-17,15341.0
2011-03-18,15278.0
2011-03-21,15231.0
2011-03-22,15221.0
2011-03-23,15205.0
2011-03-28,15339.0
2011-03-29,15215.0
2011-03-30,15165.0
2011-03-31,15278.0
2011-04-01,15259.0
2011-04-04,15298.0
2011-04-05,15349.0
2011-04-06,15341.0
2011-04-07,15404.0
2011-04-08,15438.0
2011-04-11,15436.0
2011-04-12,15466.0
2011-04-13,15454.0
2011-04-14,15444.0
2011-04-15,15567.0
2011-04-18,15587.0
2011-04-19,15663.0
2011-04-20,15666.0
2011-04-25,15533.0
2011-04-26,15699.0
2011-04-27,15730.0
2011-04-28,15697.0
2011-04-29,15754.0
2011-05-02,15766.0
2011-05-03,15857.0
2011-05-04,15921.0
2011-05-05,15927.0
2011-05-06,15943.0
2011-05-09,15936.0
2011-05-10,15930.0
2011-05-11,15895.0
2011-05-12,15892.0
2011-05-13,15887.0
2011-05-16,15956.0
2011-05-17,15957.0
2011-05-18,15966.0
2011-05-19,15929.0
2011-05-20,15926.0
2011-05-23,15894.0
2011-05-24,15729.0
2011-05-26,15669.0
2011-05-27,15697.0
2011-05-30,15704.0
2011-05-31,15729.0
2011-06-01,15746.0
2011-06-02,15724.0
2011-06-03,15617.0
2011-06-06,15604.0
2011-06-07,15638.0
2011-06-08,15651.0
2011-06-09,15655.0
2011-06-10,15666.0
2011-06-13,15725.0
2011-06-14,15719.0
2011-06-15,15734.0
2011-06-16,15699.0
2011-06-17,15696.0
2011-06-21,15669.0
2011-06-22,15653.0
2011-06-23,15613.0
2011-06-24,15607.0
2011-06-27,15598.0
2011-06-28,15533.0
2011-06-29,15564.0
2011-06-30,15805.0
2011-07-01,15787.0
2011-07-04,15820.0
2011-07-05,15768.0
2011-07-06,15784.0
2011-07-07,15830.0
2011-07-08,15761.0
2011-07-11,15765.0
2011-07-12,15756.0
2011-07-13,15762.0
2011-07-14,15773.0
2011-07-15,15742.0
2011-07-18,15677.0
2011-07-19,15667.0
2011-07-20,15604.0
2011-07-21,15613.0
2011-07-22,15640.0
2011-07-25,15642.0
2011-07-26,15628.0
2011-07-27,15642.0
2011-07-28,15646.0
2011-07-29,15686.0
2011-08-01,15646.0
2011-08-02,15642.0
2011-08-03,15762.0
2011-08-04,15997.0
2011-08-05,15937.0
2011-08-08,15939.0
2011-08-09,15974.0
2011-08-10,15945.0
2011-08-11,16001.0
2011-08-12,16000.0
2011-08-15,16032.0
2011-08-16,16007.0
2011-08-17,15964.0
2011-08-18,15968.0
2011-08-19,15965.0
2011-08-23,15950.0
2011-08-24,15905.0
2011-08-25,15880.0
2011-08-26,15887.0
2011-08-29,15867.0
2011-08-30,15739.0
2011-08-31,15678.0
2011-09-01,15562.0
2011-09-02,15650.0
2011-09-05,15711.0
2011-09-06,15680.0
2011-09-07,15677.0
2011-09-08,15628.0
2011-09-09,15661.0
2011-09-12,15672.0
2011-09-13,15700.0
2011-09-14,15687.0
2011-09-15,15630.0
2011-09-16,15594.0
2011-09-19,15555.0
2011-09-20,15594.0
2011-09-21,15608.0
2011-09-22,15677.0
2011-09-23,15774.0
2011-09-26,15799.0
2011-09-27,15786.0
2011-09-28,15750.0
2011-09-29,15772.0
2011-09-30,15774.0
2011-10-03,15806.0
2011-10-04,15797.0
2011-10-05,15772.0
2011-10-06,15788.0
2011-10-07,15823.0
2011-10-11,15823.0
2011-10-12,15836.0
2011-10-13,15809.0
2011-10-14,15829.0
2011-10-17,15888.0
2011-10-18,15934.0
2011-10-19,15935.0
2011-10-20,15915.0
2011-10-21,15945.0
2011-10-24,15964.0
2011-10-25,15955.0
2011-10-26,15964.0
2011-10-27,15979.0
2011-10-28,15963.0
2011-10-31,15903.0
2011-11-01,15756.0
2011-11-02,15619.0
2011-11-03,15432.0
2011-11-04,15299.0
2011-11-07,15114.0
2011-11-08,14954.0
2011-11-09,14766.0
2011-11-10,14511.0
2011-11-11,14223.0
2011-11-14,14056.0
2011-11-15,13889.0
2011-11-16,13766.0
2011-11-17,13668.0
2011-11-18,13576.0
2011-11-21,13509.0
2011-11-22,13477.0
2011-11-23,13388.0
2011-11-24,13354.0
2011-11-25,13317.0
2011-11-29,13262.0
2011-11-30,13259.0
2011-12-01,13229.0
2011-12-02,13178.0
2011-12-05,13164.0
2011-12-06,13118.0
2011-12-07,13066.0
2011-12-12,13055.0
2011-12-13,13038.0
2011-12-14,13027.0
2011-12-15,13137.0
2011-12-16,13132.0
2011-12-19,13127.0
2011-12-20,13099.0
2011-12-21,13160.0
2011-12-22,13187.0
2011-12-23,13212.0
2011-12-27,13271.0
2011-12-28,13306.0
2011-12-29,13196.0
2011-12-30,13323.0
2012-01-03,13401.0
2012-01-04,13385.0
2012-01-05,13372.0
2012-01-06,13378.0
2012-01-09,13374.0
2012-01-10,13410.0
2012-01-11,13386.0
2012-01-12,13380.0
2012-01-13,13368.0
2012-01-16,13378.0
2012-01-17,13357.0
2012-01-18,13379.0
2012-01-19,13395.0
2012-01-20,13396.0
2012-01-23,13384.0
2012-01-24,13414.0
2012-01-25,13376.0
2012-01-26,13357.0
2012-01-27,13333.0
2012-01-30,13327.0
2012-01-31,13326.0
2012-02-01,13306.0
2012-02-02,13301.0
2012-02-03,13305.0
2012-02-06,13293.0
2012-02-07,13265.0
2012-02-08,13285.0
2012-02-09,13237.0
2012-02-10,13263.0
2012-02-13,13359.0
2012-02-14,13330.0
2012-02-15,13381.0
2012-02-16,13312.0
2012-02-17,13343.0
2012-02-22,13273.0
2012-02-23,13254.0
2012-02-24,13167.0
2012-02-28,13198.0
2012-02-29,13183.0
2012-03-01,13201.0
2012-03-02,13203.0
2012-03-05,13235.0
2012-03-06,13227.0
2012-03-07,13207.0
2012-03-08,13254.0
2012-03-09,13247.0
2012-03-12,13216.0
2012-03-13,13249.0
2012-03-14,13226.0
2012-03-15,13251.0
2012-03-16,13247.0
2012-03-19,13246.0
2012-03-20,13184.0
2012-03-21,13173.0
2012-03-22,13189.0
2012-03-23,13209.0
2012-03-26,13157.0
2012-03-27,13148.0
2012-03-28,13136.0
2012-03-29,13065.0
2012-03-30,13067.0
2012-04-03,13088.0
2012-04-04,13152.0
2012-04-09,13169.0
2012-04-10,13157.0
2012-04-11,13156.0
2012-04-12,13135.0
2012-04-13,13132.0
2012-04-16,13128.0
2012-04-17,13194.0
2012-04-18,13184.0
2012-04-19,13079.0
2012-04-20,13073.0
2012-04-23,13072.0
2012-04-24,13086.0
2012-04-25,13092.0
2012-04-26,13073.0
2012-04-27,13082.0
2012-05-02,13105.0
2012-05-03,13134.0
2012-05-04,13134.0
2012-05-07,13121.0
2012-05-08,13048.0
2012-05-09,13053.0
2012-05-10,13010.0
2012-05-11,12958.0
2012-05-14,12858.0
2012-05-15,12752.0
2012-05-16,12671.0
2012-05-17,12562.0
2012-05-18,12453.0
2012-05-21,12339.0
2012-05-22,12205.0
2012-05-23,12106.0
2012-05-24,11968.0
2012-05-28,11855.0
2012-05-29,11913.0
2012-05-30,11823.0
2012-05-31,11699.0
2012-06-01,11514.0
2012-06-04,11368.0
2012-06-05,11218.0
2012-06-06,11128.0
2012-06-07,11021.0
2012-06-08,10907.0
2012-06-11,10789.0
2012-06-12,10644.0
2012-06-13,10489.0
2012-06-14,10433.0
2012-06-15,10368.0
2012-06-18,10267.0
2012-06-19,10179.0
2012-06-21,10114.0
2012-06-22,10047.0
2012-06-25,10020.0
2012-06-26,9985.0
2012-06-27,9955.0
2012-06-28,9904.0
2012-06-29,9894.0
2012-07-02,9990.0
2012-07-03,9950.0
2012-07-04,9929.0
2012-07-05,9913.0
2012-07-06,9884.0
2012-07-10,9835.0
2012-07-11,9800.0
2012-07-12,9765.0
2012-07-13,9722.0
2012-07-16,9670.0
2012-07-17,9759.0
2012-07-18,9716.0
2012-07-19,9624.0
2012-07-20,9578.0
2012-07-23,9544.0
2012-07-24,9481.0
2012-07-25,9453.0
2012-07-26,9417.0
2012-07-27,9358.0
2012-07-30,9300.0
2012-07-31,9350.0
2012-08-01,9315.0
2012-08-02,9250.0
2012-08-03,9487.0
2012-08-06,9464.0
2012-08-07,9437.0
2012-08-08,9405.0
2012-08-09,9377.0
2012-08-10,9350.0
2012-08-13,9361.0
2012-08-14,9289.0
2012-08-15,9276.0
2012-08-16,9252.0
2012-08-17,9234.0
2012-08-21,9235.0
2012-08-22,9223.0
2012-08-23,9195.0
2012-08-24,9165.0
2012-08-27,9151.0
2012-08-28,9112.0
2012-08-29,9083.0
2012-08-30,9082.0
2012-08-31,9070.0
2012-09-03,9056.0
2012-09-04,9079.0
2012-09-05,9037.0
2012-09-06,9024.0
2012-09-07,9010.0
2012-09-10,9001.0
2012-09-11,8997.0
2012-09-12,9019.0
2012-09-13,8989.0
2012-09-14,8971.0
2012-09-17,8947.0
2012-09-18,8980.0
2012-09-19,8966.0
2012-09-20,8953.0
2012-09-21,8946.0
2012-09-25,8936.0
2012-09-26,8930.0
2012-09-27,8944.0
2012-09-28,8940.0
2012-10-01,8923.0
2012-10-02,8915.0
2012-10-03,8922.0
2012-10-04,8929.0
2012-10-05,8918.0
2012-10-09,8908.0
2012-10-10,8898.0
2012-10-11,8899.0
2012-10-12,8882.0
2012-10-15,8882.0
2012-10-16,8877.0
2012-10-17,8947.0
2012-10-18,8932.0
2012-10-19,8920.0
2012-10-22,8908.0
2012-10-23,8889.0
2012-10-24,8860.0
2012-10-25,9555.0
2012-10-26,9515.0
2012-10-29,9514.0
2012-10-30,9509.0
2012-10-31,9455.0
2012-11-01,9423.0
2012-11-02,9424.0
2012-11-05,9431.0
2012-11-07,9412.0
2012-11-08,9412.0
2012-11-09,9411.0
2012-11-12,9398.0
2012-11-13,9349.0
2012-11-14,9339.0
2012-11-15,9285.0
2012-11-16,9274.0
2012-11-19,9239.0
2012-11-20,9268.0
2012-11-21,9234.0
2012-11-22,9231.0
2012-11-23,9196.0
2012-11-27,9189.0
2012-11-28,9194.0
2012-11-29,9335.0
2012-11-30,9353.0
2012-12-03,9304.0
2012-12-04,9272.0
2012-12-05,9262.0
2012-12-06,9246.0
2012-12-07,9280.0
2012-12-10,9272.0
2012-12-11,9248.0
2012-12-12,9248.0
2012-12-13,9222.0
2012-12-14,9261.0
2012-12-17,9286.0
2012-12-18,9316.0
2012-12-19,9339.0
2012-12-20,9376.0
2012-12-21,9397.0
2012-12-26,9470.0
2012-12-27,9770.0
2012-12-28,9765.0
2012-12-31,9947.0
2013-01-02,9886.0
2013-01-03,9815.0
2013-01-04,9774.0
2013-01-07,9738.0
2013-01-08,9747.0
2013-01-09,9718.0
2013-01-10,9698.0
2013-01-11,9676.0
2013-01-14,9667.0
2013-01-15,9638.0
2013-01-16,9599.0
2013-01-17,9596.0
2013-01-18,9545.0
2013-01-21,9529.0
2013-01-22,9477.0
2013-01-23,9465.0
2013-01-24,9457.0
2013-01-25,9417.0
2013-01-28,9365.0
2013-01-29,9311.0
2013-01-30,9305.0
2013-02-01,9276.0
2013-02-04,9252.0
2013-02-05,9226.0
2013-02-06,9176.0
2013-02-07,9131.0
2013-02-08,9080.0
2013-02-13,9061.0
2013-02-14,9009.0
2013-02-15,8981.0
2013-02-18,8969.0
2013-02-19,8919.0
2013-02-21,8899.0
2013-02-22,8884.0
2013-02-25,8852.0
2013-02-26,8832.0
2013-02-27,8775.0
2013-02-28,8717.0
2013-03-01,8702.0
2013-03-04,8662.0
2013-03-05,8658.0
2013-03-06,8652.0
2013-03-07,8644.0
2013-03-08,8634.0
2013-03-11,8680.0
2013-03-12,8663.0
2013-03-13,8640.0
2013-03-14,8613.0
2013-03-15,8644.0
2013-03-18,8605.0
2013-03-19,8507.0
2013-03-20,8525.0
2013-03-21,8491.0
2013-03-22,8472.0
2013-03-25,8462.0
2013-03-26,8441.0
2013-03-27,8388.0
2013-04-03,8399.0
2013-04-04,8394.0
2013-04-05,8380.0
2013-04-08,8379.0
2013-04-09,8382.0
2013-04-10,8391.0
2013-04-11,8377.0
2013-04-12,8357.0
2013-04-15,8351.0
2013-04-16,8334.0
2013-04-17,8403.0
2013-04-18,8414.0
2013-04-19,8409.0
2013-04-22,8427.0
2013-04-23,8413.0
2013-04-24,8401.0
2013-04-25,8388.0
2013-04-26,8372.0
2013-04-29,8346.0
2013-04-30,8454.0
2013-05-02,8441.0
2013-05-03,8433.0
2013-05-06,8411.0
2013-05-07,8385.0
2013-05-08,8380.0
2013-05-09,8365.0
2013-05-10,8351.0
2013-05-13,8328.0
2013-05-14,8309.0
2013-05-15,8297.0
2013-05-16,8250.0
2013-05-17,8251.0
2013-05-20,8244.0
2013-05-21,8223.0
2013-05-22,8215.0
2013-05-23,8211.0
2013-05-24,8201.0
2013-05-27,8211.0
2013-05-28,8203.0
2013-05-29,8199.0
2013-05-30,8359.0
2013-05-31,8342.0
2013-06-03,8327.0
2013-06-04,8322.0
2013-06-05,8350.0
2013-06-06,8341.0
2013-06-07,8350.0
2013-06-10,8343.0
2013-06-11,8327.0
2013-06-12,8326.0
2013-06-13,8311.0
2013-06-14,8319.0
2013-06-17,8317.0
2013-06-18,8290.0
2013-06-19,8284.0
2013-06-24,8271.0
2013-06-25,8246.0
2013-06-26,8237.0
2013-06-27,8221.0
2013-06-28,8218.0
2013-07-01,8335.0
2013-07-02,8326.0
2013-07-03,8344.0
2013-07-04,8334.0
2013-07-05,8334.0
2013-07-08,8315.0
2013-07-10,8341.0
2013-07-11,8328.0
2013-07-12,8304.0
2013-07-15,8290.0
2013-07-16,8286.0
2013-07-17,8274.0
2013-07-18,8285.0
2013-07-19,8280.0
2013-07-22,8317.0
2013-07-23,8304.0
2013-07-24,8296.0
2013-07-25,8297.0
2013-07-26,8294.0
2013-07-29,8293.0
2013-07-30,8239.0
2013-07-31,8210.0
2013-08-01,8143.0
2013-08-02,8145.0
2013-08-05,8132.0
2013-08-06,8120.0
2013-08-07,8096.0
2013-08-08,8083.0
2013-08-09,8029.0
2013-08-12,8019.0
2013-08-13,8061.0
2013-08-14,8013.0
2013-08-15,7995.0
2013-08-16,7989.0
2013-08-20,7980.0
2013-08-21,7970.0
2013-08-22,7958.0
2013-08-23,8007.0
2013-08-26,7992.0
2013-08-27,8011.0
2013-08-28,7996.0
2013-08-29,7981.0
2013-08-30,7992.0
2013-09-02,7986.0
2013-09-03,7940.0
2013-09-04,7932.0
2013-09-05,7926.0
2013-09-06,7920.0
2013-09-09,7946.0
2013-09-10,7938.0
2013-09-11,7923.0
2013-09-12,8244.0
2013-09-13,8274.0
2013-09-16,8418.0
2013-09-17,8395.0
2013-09-18,8395.0
2013-09-19,8314.0
2013-09-20,8245.0
2013-09-23,8244.0
2013-09-24,8255.0
2013-09-25,8204.0
2013-09-26,8204.0
2013-09-27,8243.0
2013-09-30,8166.0
2013-10-01,8163.0
2013-10-02,8155.0
2013-10-03,8177.0
2013-10-04,8209.0
2013-10-07,8243.0
2013-10-08,8180.0
2013-10-09,8180.0
2013-10-10,8170.0
2013-10-11,8151.0
2013-10-15,8142.0
2013-10-16,8120.0
2013-10-17,8190.0
2013-10-18,8193.0
2013-10-21,8178.0
2013-10-22,8213.0
2013-10-23,8204.0
2013-10-24,8179.0
2013-10-25,8148.0
2013-10-28,8124.0
2013-10-29,8113.0
2013-10-30,8115.0
2013-10-31,8127.0
2013-11-01,8115.0
2013-11-04,8115.0
2013-11-05,8109.0
2013-11-07,8102.0
2013-11-08,8128.0
2013-11-11,8109.0
2013-11-12,8105.0
2013-11-13,8100.0
2013-11-14,8099.0
2013-11-15,8095.0
2013-11-18,8084.0
2013-11-19,8087.0
2013-11-20,8078.0
2013-11-21,8102.0
2013-11-22,8045.0
2013-11-26,8079.0
2013-11-27,7994.0
2013-11-28,7969.0
2013-11-29,8190.0
2013-12-02,8170.0
2013-12-03,8107.0
2013-12-04,8105.0
2013-12-05,8092.0
2013-12-06,8071.0
2013-12-09,8072.0
2013-12-10,8111.0
2013-12-11,8066.0
2013-12-12,8084.0
2013-12-13,8214.0
2013-12-16,8277.0
2013-12-17,8278.0
2013-12-18,8295.0
2013-12-19,8295.0
2013-12-20,8325.0
2013-12-23,8365.0
2013-12-26,8453.0
2013-12-27,8508.0
2013-12-30,8562.0
2014-01-02,8678.0
2014-01-03,8643.0
2014-01-06,8555.0
2014-01-07,8553.0
2014-01-08,8557.0
2014-01-09,8538.0
2014-01-10,8539.0
2014-01-13,8519.0
2014-01-14,8429.0
2014-01-15,8428.0
2014-01-16,8422.0
2014-01-17,8922.0
2014-01-20,8907.0
2014-01-21,8932.0
2014-01-22,9021.0
2014-01-23,8999.0
2014-01-24,9048.0
2014-01-27,9049.0
2014-01-28,8983.0
2014-01-29,8956.0
2014-01-30,8946.0
2014-01-31,8972.0
2014-02-03,8963.0
2014-02-04,8945.0
2014-02-05,8923.0
2014-02-06,8903.0
2014-02-07,8934.0
2014-02-10,8919.0
2014-02-11,8906.0
2014-02-12,8888.0
2014-02-13,8868.0
2014-02-14,8780.0
2014-02-17,8769.0
2014-02-18,8752.0
2014-02-19,8783.0
2014-02-20,8850.0
2014-02-21,8763.0
2014-02-24,8748.0
2014-02-25,8769.0
2014-02-26,8769.0
2014-02-27,8762.0
2014-02-28,8758.0
2014-03-05,8703.0
2014-03-06,8696.0
2014-03-07,8677.0
2014-03-10,8666.0
2014-03-11,8660.0
2014-03-12,8146.0
2014-03-13,8169.0
2014-03-14,8159.0
2014-03-17,8246.0
2014-03-18,8230.0
2014-03-19,8259.0
2014-03-20,8249.0
2014-03-21,8238.0
2014-03-25,8277.0
2014-03-26,8287.0
2014-03-27,8300.0
2014-03-28,8290.0
2014-03-31,8349.0
2014-04-01,8298.0
2014-04-03,8348.0
2014-04-04,8346.0
2014-04-07,8323.0
2014-04-08,8348.0
2014-04-09,8337.0
2014-04-10,8345.0
2014-04-11,8276.0
2014-04-14,8280.0
2014-04-15,8236.0
2014-04-16,8223.0
2014-04-21,8321.0
2014-04-22,8324.0
2014-04-23,8320.0
2014-04-24,8316.0
2014-04-25,8302.0
2014-04-28,8308.0
2014-04-29,8332.0
2014-04-30,7881.0
2014-05-05,8373.0
2014-05-06,8377.0
2014-05-07,8381.0
2014-05-08,8370.0
2014-05-09,8368.0
2014-05-12,8423.0
2014-05-13,8409.0
2014-05-14,8397.0
2014-05-15,8386.0
2014-05-16,8382.0
2014-05-19,8386.0
2014-05-20,8387.0
2014-05-21,8466.0
2014-05-22,8450.0
2014-05-23,8377.0
2014-05-26,8380.0
2014-05-27,8377.0
2014-05-28,8389.0
2014-05-29,8534.0
2014-05-30,8526.0
2014-06-02,8551.0
2014-06-03,8568.0
2014-06-04,8575.0
2014-06-05,8566.0
2014-06-06,8537.0
2014-06-09,8551.0
2014-06-10,8553.0
2014-06-11,8602.0
2014-06-12,8604.0
2014-06-13,8603.0
2014-06-16,8622.0
2014-06-17,8670.0
2014-06-18,8665.0
2014-06-19,8635.0
2014-06-23,8608.0
2014-06-24,8591.0
2014-06-25,8587.0
2014-06-26,8595.0
2014-06-27,8762.0
2014-06-30,8766.0
2014-07-01,8753.0
2014-07-02,8757.0
2014-07-03,8757.0
2014-07-04,8753.0
2014-07-07,8785.0
2014-07-08,8776.0
2014-07-10,8753.0
2014-07-11,8776.0
2014-07-14,8766.0
2014-07-15,8755.0
2014-07-16,8735.0
2014-07-17,8741.0
2014-07-18,8735.0
2014-07-21,8305.0
2014-07-22,8302.0
2014-07-23,8261.0
2014-07-24,8255.0
2014-07-25,8253.0
2014-07-28,8245.0
2014-07-29,8228.0
2014-07-30,8220.0
2014-07-31,8285.0
2014-08-01,8282.0
2014-08-04,8265.0
2014-08-05,8304.0
2014-08-06,8277.0
2014-08-07,8278.0
2014-08-08,8237.0
2014-08-11,8194.0
2014-08-12,8175.0
2014-08-13,8173.0
2014-08-14,8150.0
2014-08-15,8145.0
2014-08-19,8193.0
2014-08-20,8192.0
2014-08-21,8184.0
2014-08-22,8176.0
2014-08-25,8176.0
2014-08-26,8203.0
2014-08-27,8193.0
2014-08-28,8194.0
2014-08-29,8191.0
2014-09-01,8184.0
2014-09-02,8225.0
2014-09-03,8217.0
2014-09-04,8219.0
2014-09-05,8248.0
2014-09-08,8254.0
2014-09-09,8238.0
2014-09-10,8217.0
2014-09-11,8210.0
2014-09-12,8190.0
2014-09-15,8288.0
2014-09-16,8280.0
2014-09-17,8270.0
2014-09-18,8283.0
2014-09-19,8273.0
2014-09-22,8272.0
2014-09-23,8254.0
2014-09-24,8201.0
2014-09-25,8238.0
2014-09-26,8230.0
2014-09-29,8224.0
2014-09-30,8191.0
2014-10-01,8194.0
2014-10-02,8160.0
2014-10-03,8119.0
2014-10-06,8173.0
2014-10-07,8129.0
2014-10-08,8219.0
2014-10-09,8217.0
2014-10-10,8200.0
2014-10-14,8218.0
2014-10-15,8202.0
2014-10-16,8190.0
2014-10-17,8234.0
2014-10-20,8229.0
2014-10-21,8353.0
2014-10-22,8358.0
2014-10-23,8337.0
2014-10-24,8329.0
2014-10-27,8385.0
2014-10-28,8329.0
2014-10-29,8366.0
2014-10-30,8354.0
2014-10-31,8356.0
2014-11-03,8380.0
2014-11-04,8375.0
2014-11-05,8364.0
2014-11-07,8380.0
2014-11-10,8405.0
2014-11-11,8399.0
2014-11-12,8430.0
2014-11-13,8433.0
2014-11-14,8409.0
2014-11-17,8432.0
2014-11-18,8428.0
2014-11-19,8421.0
2014-11-20,8416.0
2014-11-21,8403.0
2014-11-25,8405.0
2014-11-26,8429.0
2014-11-27,8440.0
2014-11-28,8462.0
2014-12-01,8587.0
2014-12-02,8587.0
2014-12-03,8592.0
2014-12-04,8603.0
2014-12-05,8579.0
2014-12-09,8635.0
2014-12-10,8645.0
2014-12-11,8654.0
2014-12-12,8743.0
2014-12-15,8762.0
2014-12-16,8860.0
2014-12-17,8860.0
2014-12-18,8854.0
2014-12-19,8899.0
2014-12-22,8864.0
2014-12-23,8882.0
2014-12-24,8942.0
2014-12-29,8994.0
2014-12-30,9055.0
2015-01-02,9206.0
2015-01-05,9222.0
2015-01-06,9208.0
2015-01-07,9163.0
2015-01-08,9157.0
2015-01-09,9100.0
2015-01-12,9111.0
2015-01-13,9196.0
2015-01-14,9215.0
2015-01-15,9200.0
2015-01-16,9187.0
2015-01-19,9179.0
2015-01-20,9196.0
2015-01-21,9160.0
2015-01-22,9150.0
2015-01-23,9106.0
2015-01-26,9112.0
2015-01-27,9099.0
2015-01-28,9085.0
2015-01-29,9077.0
2015-01-30,9071.0
2015-02-02,9081.0
2015-02-03,9083.0
2015-02-04,9064.0
2015-02-05,9056.0
2015-02-06,9029.0
2015-02-09,9120.0
2015-02-10,9218.0
2015-02-11,9301.0
2015-02-12,9397.0
2015-02-13,9475.0
2015-02-18,9475.0
2015-02-19,9467.0
2015-02-20,9445.0
2015-02-23,9431.0
2015-02-24,9428.0
2015-02-25,9413.0
2015-02-26,9416.0
2015-02-27,9448.0
2015-03-02,9690.0
2015-03-03,9693.0
2015-03-04,9746.0
2015-03-05,9766.0
2015-03-06,9756.0
2015-03-09,9737.0
2015-03-10,9719.0
2015-03-11,9710.0
2015-03-12,9683.0
2015-03-13,9677.0
2015-03-16,9746.0
2015-03-17,9736.0
2015-03-18,9772.0
2015-03-19,9766.0
2015-03-20,9753.0
2015-03-25,9732.0
2015-03-26,9688.0
2015-03-27,9697.0
2015-03-30,9652.0
2015-03-31,9655.0
2015-04-01,9643.0
2015-04-06,9582.0
2015-04-07,9600.0
2015-04-08,9616.0
2015-04-09,9626.0
2015-04-10,9649.0
2015-04-13,9580.0
2015-04-14,9538.0
2015-04-15,9489.0
2015-04-16,9463.0
2015-04-17,9464.0
2015-04-20,9421.0
2015-04-21,9372.0
2015-04-22,9334.0
2015-04-23,8978.0
2015-04-24,8937.0
2015-04-27,8918.0
2015-04-28,8887.0
2015-04-29,9776.0
2015-04-30,9758.0
2015-05-04,9794.0
2015-05-05,9831.0
2015-05-06,9840.0
2015-05-07,9686.0
2015-05-08,9712.0
2015-05-11,9730.0
2015-05-12,9736.0
2015-05-13,9699.0
2015-05-14,9693.0
2015-05-15,9461.0
2015-05-18,9463.0
2015-05-19,9465.0
2015-05-20,9493.0
2015-05-21,9465.0
2015-05-22,9480.0
2015-05-26,9517.0
2015-05-27,9520.0
2015-05-28,9518.0
2015-05-29,9663.0
2015-06-01,9649.0
2015-06-02,9656.0
2015-06-03,9660.0
2015-06-04,9738.0
2015-06-05,9752.0
2015-06-08,9737.0
2015-06-09,9756.0
2015-06-10,9734.0
2015-06-11,9744.0
2015-06-12,9751.0
2015-06-15,9820.0
2015-06-16,9811.0
2015-06-17,9819.0
2015-06-18,9803.0
2015-06-19,9790.0
2015-06-22,10277.0
2015-06-23,10262.0
2015-06-24,10193.0
2015-06-25,10186.0
2015-06-26,10189.0
2015-06-29,10161.0
2015-06-30,10230.0
2015-07-01,10277.0
2015-07-02,10284.0
2015-07-03,10353.0
2015-07-06,10359.0
2015-07-07,10351.0
2015-07-08,10341.0
2015-07-10,10413.0
2015-07-13,10393.0
2015-07-14,10382.0
2015-07-15,10486.0
2015-07-16,10464.0
2015-07-17,10481.0
2015-07-20,10405.0
2015-07-21,10397.0
2015-07-22,10422.0
2015-07-23,10412.0
2015-07-24,10408.0
2015-07-27,10417.0
2015-07-28,10399.0
2015-07-29,10429.0
2015-07-30,10416.0
2015-07-31,10390.0
2015-08-03,10454.0
2015-08-04,10481.0
2015-08-05,10471.0
2015-08-06,10479.0
2015-08-07,10469.0
2015-08-10,10462.0
2015-08-11,10458.0
2015-08-12,10480.0
2015-08-13,10464.0
2015-08-14,10359.0
2015-08-18,10379.0
2015-08-19,10398.0
2015-08-20,10306.0
2015-08-21,10312.0
2015-08-24,10269.0
2015-08-25,10280.0
2015-08-26,10273.0
2015-08-27,10283.0
2015-08-28,10289.0
2015-08-31,10292.0
2015-09-01,10349.0
2015-09-02,10358.0
2015-09-03,10302.0
2015-09-04,10303.0
2015-09-07,10317.0
2015-09-08,10309.0
2015-09-09,10290.0
2015-09-10,10299.0
2015-09-11,10301.0
2015-09-14,10271.0
2015-09-15,10353.0
2015-09-16,9951.0
2015-09-17,9953.0
2015-09-18,9958.0
2015-09-21,9947.0
2015-09-22,9803.0
2015-09-23,9734.0
2015-09-24,9721.0
2015-09-25,9713.0
2015-09-28,9703.0
2015-09-29,9684.0
2015-09-30,9657.0
2015-10-01,9626.0
2015-10-02,9642.0
2015-10-05,10381.0
2015-10-06,10668.0
2015-10-07,10927.0
2015-10-08,10490.0
2015-10-09,10543.0
2015-10-13,10527.0
2015-10-14,10490.0
2015-10-15,10482.0
2015-10-16,10447.0
2015-10-19,10509.0
2015-10-20,10478.0
2015-10-21,10444.0
2015-10-22,10407.0
2015-10-23,10255.0
2015-10-26,10270.0
2015-10-27,10292.0
2015-10-28,10267.0
2015-10-29,10309.0
2015-10-30,10289.0
2015-11-02,10353.0
2015-11-03,10398.0
2015-11-04,10361.0
2015-11-05,10354.0
2015-11-09,10399.0
2015-11-10,10379.0
2015-11-11,10347.0
2015-11-12,10285.0
2015-11-13,10256.0
2015-11-16,10238.0
2015-11-17,10231.0
2015-11-18,10283.0
2015-11-19,10249.0
2015-11-20,10174.0
2015-11-23,10118.0
2015-11-24,10078.0
2015-11-25,10007.0
2015-11-26,9993.0
2015-11-30,10062.0
2015-12-01,10084.0
2015-12-02,10088.0
2015-12-03,10116.0
2015-12-04,10056.0
2015-12-09,10182.0
2015-12-10,10203.0
2015-12-11,10204.0
2015-12-14,10234.0
2015-12-15,10258.0
2015-12-16,10278.0
2015-12-17,10327.0
2015-12-18,10497.0
2015-12-21,10686.0
2015-12-22,10894.0
2015-12-23,11023.0
2015-12-24,11089.0
2015-12-28,11312.0
2015-12-29,11533.0
2015-12-30,11789.0
2015-12-31,12021.0
2016-01-04,12097.0
2016-01-05,12106.0
2016-01-06,12140.0
2016-01-07,12176.0
2016-01-08,12230.0
2016-01-11,12299.0
2016-01-12,12413.0
2016-01-13,12430.0
2016-01-14,12466.0
2016-01-15,12658.0
2016-01-18,12742.0
2016-01-19,12788.0
2016-01-20,12804.0
2016-01-21,12825.0
2016-01-22,12869.0
2016-01-25,12900.0
2016-01-26,12911.0
2016-01-27,12905.0
2016-01-28,12888.0
2016-01-29,12854.0
2016-02-01,12903.0
2016-02-02,12866.0
2016-02-03,12895.0
2016-02-04,12856.0
2016-02-05,12900.0
2016-02-10,12914.0
2016-02-11,12883.0
2016-02-12,12856.0
2016-02-15,12905.0
2016-02-16,12918.0
2016-02-17,12913.0
2016-02-18,12992.0
2016-02-19,12987.0
2016-02-22,13013.0
2016-02-23,13021.0
2016-02-24,13027.0
2016-02-25,13034.0
2016-02-26,13072.0
2016-02-29,13057.0
2016-03-01,13097.0
2016-03-02,13146.0
2016-03-03,13163.0
2016-03-04,13225.0
2016-03-07,13254.0
2016-03-08,13244.0
2016-03-09,13265.0
2016-03-10,13282.0
2016-03-11,13303.0
2016-03-14,13318.0
2016-03-15,13461.0
2016-03-16,14204.0
2016-03-17,14228.0
2016-03-18,14321.0
2016-03-21,14343.0
2016-03-22,14380.0
2016-03-23,14362.0
2016-03-28,14318.0
2016-03-29,14251.0
2016-03-30,14220.0
2016-03-31,14156.0
2016-04-01,14158.0
2016-04-04,14132.0
2016-04-05,14139.0
2016-04-06,14103.0
2016-04-07,14074.0
2016-04-08,14105.0
2016-04-11,14093.0
2016-04-12,14052.0
2016-04-13,14013.0
2016-04-14,14039.0
2016-04-15,13987.0
2016-04-18,14052.0
2016-04-19,14072.0
2016-04-20,14461.0
2016-04-21,14063.0
2016-04-22,14056.0
2016-04-25,14020.0
2016-04-26,13996.0
2016-04-27,14087.0
2016-04-28,13959.0
2016-04-29,13979.0
2016-05-02,13979.0
2016-05-03,13981.0
2016-05-04,13985.0
2016-05-05,13974.0
2016-05-06,13992.0
2016-05-09,13995.0
2016-05-10,13993.0
2016-05-11,14079.0
2016-05-12,14092.0
2016-05-13,14113.0
2016-05-16,14173.0
2016-05-17,14184.0
2016-05-18,14164.0
2016-05-19,14228.0
2016-05-20,14705.0
2016-05-23,14379.0
2016-05-24,14371.0
2016-05-26,14327.0
2016-05-27,14301.0
2016-05-30,14460.0
2016-05-31,14449.0
2016-06-01,15124.0
2016-06-02,15114.0
2016-06-03,15143.0
2016-06-06,14854.0
2016-06-07,14770.0
2016-06-08,14766.0
2016-06-09,14765.0
2016-06-10,15273.0
2016-06-13,15315.0
2016-06-14,15398.0
2016-06-15,16280.0
2016-06-16,16298.0
2016-06-21,15385.0
2016-06-22,15201.0
2016-06-23,15155.0
2016-06-24,15019.0
2016-06-27,14992.0
2016-06-28,14951.0
2016-06-29,15066.0
2016-06-30,15157.0
2016-07-01,15176.0
2016-07-04,15190.0
2016-07-05,15209.0
2016-07-06,15223.0
2016-07-07,15308.0
2016-07-11,15351.0
2016-07-12,15290.0
2016-07-13,15233.0
2016-07-14,15249.0
2016-07-15,15241.0
2016-07-18,15266.0
2016-07-19,15315.0
2016-07-20,15303.0
2016-07-21,15801.0
2016-07-22,15190.0
2016-07-25,15163.0
2016-07-26,15840.0
2016-07-27,15847.0
2016-07-28,15833.0
2016-07-29,15813.0
2016-08-01,15900.0
2016-08-02,15849.0
2016-08-03,15823.0
2016-08-04,15879.0
2016-08-05,15912.0
2016-08-08,15374.0
2016-08-09,15379.0
2016-08-10,15398.0
2016-08-11,15440.0
2016-08-12,15464.0
2016-08-16,15471.0
2016-08-17,15516.0
2016-08-18,15522.0
2016-08-19,15709.0
2016-08-22,15800.0
2016-08-23,15777.0
2016-08-24,15789.0
2016-08-25,15785.0
2016-08-26,15776.0
2016-08-29,15777.0
2016-08-30,15772.0
2016-08-31,15720.0
2016-09-01,15751.0
2016-09-02,15793.0
2016-09-05,15700.0
2016-09-06,15705.0
2016-09-07,15697.0
2016-09-08,15675.0
2016-09-09,15720.0
2016-09-12,15740.0
2016-09-13,15706.0
2016-09-14,15688.0
2016-09-15,15689.0
2016-09-16,15794.0
2016-09-19,15952.0
2016-09-20,15931.0
2016-09-21,15931.0
2016-09-22,15916.0
2016-09-23,15904.0
2016-09-26,15863.0
2016-09-27,15829.0
2016-09-28,15836.0
2016-09-29,16063.0
2016-09-30,16128.0
2016-10-03,16167.0
2016-10-04,16183.0
2016-10-05,16268.0
2016-10-06,16315.0
2016-10-07,16405.0
2016-10-11,16498.0
2016-10-12,16581.0
2016-10-13,16668.0
2016-10-14,16810.0
2016-10-17,16954.0
2016-10-18,17114.0
2016-10-19,17302.0
2016-10-20,18393.0
2016-10-21,18724.0
2016-10-24,27057.0
2016-10-25,27259.0
2016-10-26,27478.0
2016-10-27,25427.0
2016-10-28,25505.0
2016-10-31,25715.0
2016-11-01,25778.0
2016-11-02,25961.0
2016-11-03,24085.0
2016-11-04,24189.0
2016-11-07,24919.0
2016-11-08,24829.0
2016-11-09,24824.0
2016-11-10,24891.0
2016-11-11,25106.0
2016-11-14,25196.0
2016-11-15,25406.0
2016-11-16,25748.0
2016-11-17,26171.0
2016-11-18,26617.0
2016-11-21,27561.0
2016-11-22,26986.0
2016-11-23,26931.0
2016-11-24,26908.0
2016-11-25,24877.0
2016-11-29,25023.0
2016-11-30,23895.0
2016-12-01,23966.0
2016-12-02,23986.0
2016-12-05,24320.0
2016-12-06,24341.0
2016-12-07,24390.0
2016-12-12,24369.0
2016-12-13,24351.0
2016-12-14,24329.0
2016-12-15,24391.0
2016-12-16,24472.0
2016-12-19,24687.0
2016-12-20,24557.0
2016-12-21,24643.0
2016-12-22,24687.0
2016-12-23,24776.0
2016-12-26,24877.0
2016-12-27,25029.0
2016-12-28,24733.0
2016-12-29,24497.0
2016-12-30,24607.0
2017-01-02,24807.0
2017-01-03,24861.0
2017-01-04,24881.0
2017-01-05,24911.0
2017-01-06,24939.0
2017-01-09,24979.0
2017-01-10,25038.0
2017-01-11,24993.0
2017-01-12,24980.0
2017-01-13,25003.0
2017-01-16,24900.0
2017-01-17,24859.0
2017-01-18,24848.0
2017-01-19,24845.0
2017-01-20,24867.0
2017-01-23,24805.0
2017-01-24,24750.0
2017-01-25,24716.0
2017-01-26,24890.0
2017-01-27,24859.0
2017-01-30,24580.0
2017-01-31,31225.0
2017-02-01,31108.0
2017-02-02,31107.0
2017-02-03,31100.0
2017-02-06,31117.0
2017-02-07,31089.0
2017-02-08,31466.0
2017-02-09,31321.0
2017-02-10,31247.0
2017-02-13,31259.0
2017-02-14,31191.0
2017-02-15,32687.0
2017-02-16,31172.0
2017-02-17,31208.0
2017-02-20,31748.0
2017-02-21,32256.0
2017-02-22,31793.0
2017-02-23,31777.0
2017-02-24,31793.0
2017-03-01,31823.0
2017-03-02,32390.0
2017-03-03,32359.0
2017-03-06,34462.0
2017-03-07,34077.0
2017-03-08,34044.0
2017-03-09,33989.0
2017-03-10,34063.0
2017-03-13,34637.0
2017-03-14,34654.0
2017-03-15,34443.0
2017-03-16,34384.0
2017-03-17,34384.0
2017-03-20,35029.0
2017-03-21,35055.0
2017-03-22,34978.0
2017-03-23,34889.0
2017-03-27,34768.0
2017-03-28,34511.0
2017-03-29,34477.0
2017-03-30,34608.0
2017-03-31,34644.0
2017-04-03,34827.0
2017-04-04,34843.0
2017-04-05,34803.0
2017-04-06,34778.0
2017-04-07,34467.0
2017-04-10,34483.0
2017-04-11,34488.0
2017-04-12,26985.0
2017-04-17,29237.0
2017-04-18,29025.0
2017-04-19,28970.0
2017-04-20,28984.0
2017-04-21,29056.0
2017-04-24,28993.0
2017-04-25,28922.0
2017-04-26,28912.0
2017-04-27,28891.0
2017-04-28,28677.0
2017-05-02,28663.0
2017-05-03,28588.0
2017-05-04,28554.0
2017-05-05,28466.0
2017-05-08,28891.0
2017-05-09,28887.0
2017-05-10,28799.0
2017-05-11,27669.0
2017-05-12,26869.0
2017-05-15,26773.0
2017-05-16,26710.0
2017-05-17,26568.0
2017-05-18,26505.0
2017-05-19,26485.0
2017-05-22,26426.0
2017-05-23,26584.0
2017-05-24,26534.0
2017-05-26,26807.0
2017-05-29,26609.0
2017-05-30,26529.0
2017-05-31,27060.0
2017-06-01,26975.0
2017-06-02,26721.0
2017-06-05,26794.0
2017-06-06,26806.0
2017-06-07,26683.0
2017-06-08,26507.0
2017-06-09,26507.0
2017-06-12,26472.0
2017-06-13,26322.0
2017-06-14,26799.0
2017-06-15,26441.0
2017-06-16,26170.0
2017-06-19,26149.0
2017-06-21,25942.0
2017-06-22,25818.0
2017-06-23,26385.0
2017-06-26,26510.0
2017-06-27,26341.0
2017-06-28,26299.0
2017-06-29,26170.0
2017-06-30,26052.0
2017-07-03,26378.0
2017-07-04,29414.0
2017-07-05,29442.0
2017-07-06,29491.0
2017-07-07,29517.0
2017-07-10,29857.0
2017-07-11,29200.0
2017-07-12,29260.0
2017-07-13,29259.0
2017-07-14,28993.0
2017-07-17,29199.0
2017-07-18,29139.0
2017-07-19,29125.0
2017-07-20,29147.0
2017-07-21,29722.0
2017-07-24,29581.0
2017-07-25,29519.0
2017-07-26,29201.0
2017-07-27,29224.0
2017-07-28,29063.0
2017-07-31,29219.0
2017-08-01,29321.0
2017-08-02,29327.0
2017-08-03,29324.0
2017-08-04,29385.0
2017-08-07,31441.0
2017-08-08,31473.0
2017-08-09,31484.0
2017-08-10,32016.0
2017-08-11,32043.0
2017-08-14,31683.0
2017-08-15,31777.0
2017-08-16,31739.0
2017-08-17,31800.0
2017-08-18,31261.0
2017-08-22,31289.0
2017-08-23,31189.0
2017-08-24,31219.0
2017-08-25,31274.0
2017-08-28,31286.0
2017-08-29,31310.0
2017-08-30,31273.0
2017-08-31,31200.0
2017-09-01,31229.0
2017-09-04,31234.0
2017-09-05,31287.0
2017-09-06,31306.0
2017-09-07,32326.0
2017-09-08,32302.0
2017-09-11,32360.0
2017-09-12,32314.0
2017-09-13,32325.0
2017-09-14,32292.0
2017-09-15,32050.0
2017-09-18,32065.0
2017-09-19,32106.0
2017-09-20,32200.0
2017-09-21,32408.0
2017-09-22,32317.0
2017-09-25,30162.0
2017-09-26,29947.0
2017-09-27,29938.0
2017-09-28,29946.0
2017-09-29,30236.0
2017-10-02,30277.0
2017-10-03,29174.0
2017-10-04,29235.0
2017-10-05,29247.0
2017-10-06,29259.0
2017-10-09,29280.0
2017-10-10,29331.0
2017-10-11,28793.0
2017-10-12,28720.0
2017-10-13,28720.0
2017-10-17,28757.0
2017-10-18,28942.0
2017-10-19,28982.0
2017-10-20,29017.0
2017-10-23,29028.0
2017-10-24,29030.0
2017-10-25,29007.0
2017-10-26,28189.0
2017-10-27,28504.0
2017-10-30,28510.0
2017-10-31,28653.0
2017-11-01,28721.0
2017-11-02,28690.0
2017-11-03,28739.0
2017-11-07,28654.0
2017-11-08,28651.0
2017-11-09,28646.0
2017-11-10,29631.0
2017-11-13,29643.0
2017-11-14,29616.0
2017-11-15,29606.0
2017-11-16,29570.0
2017-11-17,29552.0
2017-11-21,29691.0
2017-11-22,30100.0
2017-11-23,30095.0
2017-11-24,30365.0
2017-11-27,30391.0
2017-11-28,30380.0
2017-11-29,30580.0
2017-11-30,30682.0
2017-12-01,30644.0
2017-12-04,30638.0
2017-12-05,30554.0
2017-12-06,30538.0
2017-12-07,30582.0
2017-12-11,30652.0
2017-12-12,30565.0
2017-12-13,30634.0
2017-12-14,30232.0
2017-12-15,30378.0
2017-12-18,30465.0
2017-12-19,30424.0
2017-12-20,30569.0
2017-12-21,30679.0
2017-12-22,30790.0
2017-12-26,30168.0
2017-12-27,30348.0
2017-12-28,30428.0
2017-12-29,30388.0
2018-01-02,30580.0
2018-01-03,30473.0
2018-01-04,30354.0
2018-01-05,30198.0
2018-01-08,30082.0
2018-01-09,30033.0
2018-01-10,29831.0
2018-01-11,29896.0
2018-01-12,29738.0
2018-01-15,29759.0
2018-01-16,33071.0
2018-01-17,32956.0
2018-01-18,37405.0
2018-01-19,37360.0
2018-01-22,37261.0
2018-01-23,37224.0
2018-01-24,35619.0
2018-01-25,35567.0
2018-01-26,35006.0
2018-01-29,34937.0
2018-01-30,34897.0
2018-01-31,33352.0
2018-02-01,33433.0
2018-02-02,33383.0
2018-02-05,33352.0
2018-02-06,33373.0
2018-02-07,31452.0
2018-02-08,31323.0
2018-02-09,31077.0
2018-02-14,31213.0
2018-02-15,31174.0
2018-02-16,31220.0
2018-02-19,31275.0
2018-02-20,31282.0
2018-02-21,31347.0
2018-02-22,29527.0
2018-02-23,29522.0
2018-02-26,29562.0
2018-02-27,29569.0
2018-02-28,29554.0
2018-03-01,29658.0
2018-03-02,29678.0
2018-03-05,29743.0
2018-03-06,29773.0
2018-03-07,29771.0
2018-03-08,29747.0
2018-03-09,29777.0
2018-03-12,29825.0
2018-03-13,29865.0
2018-03-14,29780.0
2018-03-15,29825.0
2018-03-16,29755.0
2018-03-19,29800.0
2018-03-20,29783.0
2018-03-21,29762.0
2018-03-22,29748.0
2018-03-23,29726.0
2018-03-26,29879.0
2018-03-27,29872.0
2018-03-28,29856.0
2018-04-03,30016.0
2018-04-04,30045.0
2018-04-05,30050.0
2018-04-06,30105.0
2018-04-09,30125.0
2018-04-10,30101.0
2018-04-11,30053.0
2018-04-12,30415.0
2018-04-13,30355.0
2018-04-16,30355.0
2018-04-17,30380.0
2018-04-18,30453.0
2018-04-19,30417.0
2018-04-20,30336.0
2018-04-23,30324.0
2018-04-24,30334.0
2018-04-25,30276.0
2018-04-26,30378.0
2018-04-27,30399.0
2018-05-02,30557.0
2018-05-03,30485.0
2018-05-04,30360.0
2018-05-07,30413.0
2018-05-08,30335.0
2018-05-09,30278.0
2018-05-10,30246.0
2018-05-11,30109.0
2018-05-14,29878.0
2018-05-15,29739.0
2018-05-16,29713.0
2018-05-17,29499.0
2018-05-18,30196.0
2018-05-21,30124.0
2018-05-22,30046.0
2018-05-23,29711.0
2018-05-24,29638.0
2018-05-28,29254.0
2018-05-29,29976.0
2018-05-30,29562.0
2018-05-31,29680.0
2018-06-01,29617.0
2018-06-04,29891.0
2018-06-05,29882.0
2018-06-06,29843.0
2018-06-07,29539.0
2018-06-08,30355.0
2018-06-11,30368.0
2018-06-12,30436.0
2018-06-13,29450.0
2018-06-14,29457.0
2018-06-15,29546.0
2018-06-18,29580.0
2018-06-19,29520.0
2018-06-21,30369.0
2018-06-22,30482.0
2018-06-25,30569.0
2018-06-26,30586.0
2018-06-27,30497.0
2018-06-28,30481.0
2018-06-29,30883.0
2018-07-02,30763.0
2018-07-03,30847.0
2018-07-04,30943.0
2018-07-05,30930.0
2018-07-06,30991.0
2018-07-10,30986.0
2018-07-11,30984.0
2018-07-12,30922.0
2018-07-13,30970.0
2018-07-16,30978.0
2018-07-17,30966.0
2018-07-18,31210.0
2018-07-19,31153.0
2018-07-20,31175.0
2018-07-23,31157.0
2018-07-24,31105.0
2018-07-25,31021.0
2018-07-26,30955.0
2018-07-27,31062.0
2018-07-30,31227.0
2018-07-31,30749.0
2018-08-01,30764.0
2018-08-02,30842.0
2018-08-03,30930.0
2018-08-06,30849.0
2018-08-07,30815.0
2018-08-08,30778.0
2018-08-09,30797.0
2018-08-10,31199.0
2018-08-13,31242.0
2018-08-14,31757.0
2018-08-15,31849.0
2018-08-16,31945.0
2018-08-17,32093.0
2018-08-21,32070.0
2018-08-22,32098.0
2018-08-23,32053.0
2018-08-24,32314.0
2018-08-27,32401.0
2018-08-28,32317.0
2018-08-29,32341.0
2018-08-30,32122.0
2018-08-31,31818.0
2018-09-03,31635.0
2018-09-04,31366.0
2018-09-05,31201.0
2018-09-06,31090.0
2018-09-07,30987.0
2018-09-10,30866.0
2018-09-11,30823.0
2018-09-12,30292.0
2018-09-13,30165.0
2018-09-14,30212.0
2018-09-17,30338.0
2018-09-18,30364.0
2018-09-19,30432.0
2018-09-20,30417.0
2018-09-21,30399.0
2018-09-24,30417.0
2018-09-25,30372.0
2018-09-26,30369.0
2018-09-27,30283.0
2018-09-28,30616.0
2018-10-01,30574.0
2018-10-02,30626.0
2018-10-03,30636.0
2018-10-04,30610.0
2018-10-05,30567.0
2018-10-08,30585.0
2018-10-09,30548.0
2018-10-10,30489.0
2018-10-11,30482.0
2018-10-12,30619.0
2018-10-16,30607.0
2018-10-17,30769.0
2018-10-18,30908.0
2018-10-19,30832.0
2018-10-22,30774.0
2018-10-23,30723.0
2018-10-24,30708.0
2018-10-25,30692.0
2018-10-26,30585.0
2018-10-29,30453.0
2018-10-30,30545.0
2018-10-31,30651.0
2018-11-01,30722.0
2018-11-02,30702.0
2018-11-05,30693.0
2018-11-07,30832.0
2018-11-08,31082.0
2018-11-09,30992.0
2018-11-12,30980.0
2018-11-13,30948.0
2018-11-14,30916.0
2018-11-15,30821.0
2018-11-16,30814.0
2018-11-20,30843.0
2018-11-21,30812.0
2018-11-22,30776.0
2018-11-23,30770.0
2018-11-26,30769.0
2018-11-27,30782.0
2018-11-28,30749.0
2018-11-29,31718.0
2018-12-03,32201.0
2018-12-04,32281.0
2018-12-05,32247.0
2018-12-06,32156.0
2018-12-07,32505.0
2018-12-10,32507.0
2018-12-11,32527.0
2018-12-12,32553.0
2018-12-13,32614.0
2018-12-14,32643.0
2018-12-17,32692.0
2018-12-18,32782.0
2018-12-19,32862.0
2018-12-20,32918.0
2018-12-21,33042.0
2018-12-26,33116.0
2018-12-27,32950.0
2018-12-28,33101.0
2019-01-02,33129.0
2019-01-03,33298.0
2019-01-04,33577.0
2019-01-07,33619.0
2019-01-08,33690.0
2019-01-09,33714.0
2019-01-10,33731.0
2019-01-11,33539.0
2019-01-14,33585.0
2019-01-15,33632.0
2019-01-16,33581.0
2019-01-17,33547.0
2019-01-18,33500.0
2019-01-21,33490.0
2019-01-22,33456.0
2019-01-23,33105.0
2019-01-24,32776.0
2019-01-25,32732.0
2019-01-28,32783.0
2019-01-29,32793.0
2019-01-30,32807.0
2019-01-31,32870.0
2019-02-01,32871.0
2019-02-04,32876.0
2019-02-05,32907.0
2019-02-06,32934.0
2019-02-07,33077.0
2019-02-08,33263.0
2019-02-11,33174.0
2019-02-12,33195.0
2019-02-13,33193.0
2019-02-14,33202.0
2019-02-15,32926.0
2019-02-18,32867.0
2019-02-19,32937.0
2019-02-20,33004.0
2019-02-21,33067.0
2019-02-22,33196.0
2019-02-25,33044.0
2019-02-26,33019.0
2019-02-27,32994.0
2019-02-28,33020.0
2019-03-01,33050.0
2019-03-06,33067.0
2019-03-07,33051.0
2019-03-08,33083.0
2019-03-11,33071.0
2019-03-12,33038.0
2019-03-13,33132.0
2019-03-14,33115.0
2019-03-15,35183.0
2019-03-18,35233.0
2019-03-19,35187.0
2019-03-20,35181.0
2019-03-21,35071.0
2019-03-22,35006.0
2019-03-25,35004.0
2019-03-26,34940.0
2019-03-27,35114.0
2019-03-28,34681.0
2019-03-29,34933.0
2019-04-01,35080.0
2019-04-03,34968.0
2019-04-04,34895.0
2019-04-05,34848.0
2019-04-08,34865.0
2019-04-09,34817.0
2019-04-10,34870.0
2019-04-11,34801.0
2019-04-12,34880.0
2019-04-15,34802.0
2019-04-16,34781.0
2019-04-17,34663.0
2019-04-22,34816.0
2019-04-23,34856.0
2019-04-24,34742.0
2019-04-25,34531.0
2019-04-26,34478.0
2019-04-29,34381.0
2019-04-30,34462.0
2019-05-02,34445.0
2019-05-03,34445.0
2019-05-06,34413.0
2019-05-07,35233.0
2019-05-08,35357.0
2019-05-09,35323.0
2019-05-10,35223.0
2019-05-13,35127.0
2019-05-14,35017.0
2019-05-15,34957.0
2019-05-16,34910.0
2019-05-17,34933.0
2019-05-20,34990.0
2019-05-21,35047.0
2019-05-22,34927.0
2019-05-23,34989.0
2019-05-24,35025.0
2019-05-27,35109.0
2019-05-28,35188.0
2019-05-29,35338.0
2019-05-30,35279.0
2019-05-31,35324.0
2019-06-03,35384.0
2019-06-04,35376.0
2019-06-05,35387.0
2019-06-06,35302.0
2019-06-07,35343.0
2019-06-10,35458.0
2019-06-11,35396.0
2019-06-12,35423.0
2019-06-13,34710.0
2019-06-14,34094.0
2019-06-18,34070.0
2019-06-19,34045.0
2019-06-21,34112.0
2019-06-24,34140.0
2019-06-25,34186.0
2019-06-26,34674.0
2019-06-27,34606.0
2019-06-28,34174.0
2019-07-01,34613.0
2019-07-02,34596.0
2019-07-03,33759.0
2019-07-04,33811.0
2019-07-05,33789.0
2019-07-10,33864.0
2019-07-11,33799.0
2019-07-12,33843.0
2019-07-15,33810.0
2019-07-16,34105.0
2019-07-17,34447.0
2019-07-18,34452.0
2019-07-19,34692.0
2019-07-22,34776.0
2019-07-23,34762.0
2019-07-24,34811.0
2019-07-25,34953.0
2019-07-26,35079.0
2019-07-29,35054.0
2019-07-30,35101.0
2019-07-31,35089.0
2019-08-01,35200.0
2019-08-02,35114.0
2019-08-05,35162.0
2019-08-06,35220.0
2019-08-07,35202.0
2019-08-08,35171.0
2019-08-09,35235.0
2019-08-12,34975.0
2019-08-13,34434.0
2019-08-14,33963.0
2019-08-15,33577.0
2019-08-16,33204.0
2019-08-20,32737.0
2019-08-21,32423.0
2019-08-22,32156.0
2019-08-23,31954.0
2019-08-26,31779.0
2019-08-27,31651.0
2019-08-28,31236.0
2019-08-29,30413.0
2019-08-30,29488.0
2019-09-02,28505.0
2019-09-03,27783.0
2019-09-04,27006.0
2019-09-05,26411.0
2019-09-06,26031.0
2019-09-09,25755.0
2019-09-10,25587.0
2019-09-11,25357.0
2019-09-12,25196.0
2019-09-13,24989.0
2019-09-16,24848.0
2019-09-17,24742.0
2019-09-18,24635.0
2019-09-19,24308.0
2019-09-20,24131.0
2019-09-23,24060.0
2019-09-24,23903.0
2019-09-25,23730.0
2019-09-26,23632.0
2019-09-27,23824.0
2019-09-30,23807.0
2019-10-01,23801.0
2019-10-02,23719.0
2019-10-03,23660.0
2019-10-04,23583.0
2019-10-07,23485.0
2019-10-08,23370.0
2019-10-09,23321.0
2019-10-10,23208.0
2019-10-11,23432.0
2019-10-15,23427.0
2019-10-16,23336.0
2019-10-17,23387.0
2019-10-18,23317.0
2019-10-21,23280.0
2019-10-22,23029.0
2019-10-23,22812.0
2019-10-24,22401.0
2019-10-25,22273.0
2019-10-28,21968.0
2019-10-29,21628.0
2019-10-30,21487.0
2019-10-31,21459.0
2019-11-01,21328.0
2019-11-04,21119.0
2019-11-05,21039.0
2019-11-07,21099.0
2019-11-08,21028.0
2019-11-11,21071.0
2019-11-12,20961.0
2019-11-13,20834.0
2019-11-14,20782.0
2019-11-15,20949.0
2019-11-19,20943.0
2019-11-20,20839.0
2019-11-21,20776.0
2019-11-22,20788.0
2019-11-25,20726.0
2019-11-26,20671.0
2019-11-27,20589.0
2019-11-28,20772.0
2019-11-29,20787.0
2019-12-02,20588.0
2019-12-03,20558.0
2019-12-04,20626.0
2019-12-05,20613.0
2019-12-06,20615.0
2019-12-09,20603.0
2019-12-10,20507.0
2019-12-11,20417.0
2019-12-12,20438.0
2019-12-13,20378.0
2019-12-16,20379.0
2019-12-17,20465.0
2019-12-18,20516.0
2019-12-19,20614.0
2019-12-20,20676.0
2019-12-23,20808.0
2019-12-26,21118.0
2019-12-27,21541.0
2019-12-30,21885.0
2020-01-02,21953.0
2020-01-03,21889.0
2020-01-06,21823.0
2020-01-07,21764.0
2020-01-08,21780.0
2020-01-09,21748.0
2020-01-10,21689.0
2020-01-13,21623.0
2020-01-14,21610.0
2020-01-15,21588.0
2020-01-16,21530.0
2020-01-17,21517.0
2020-01-20,21513.0
2020-01-21,21489.0
2020-01-22,21459.0
2020-01-23,21451.0
2020-01-24,21416.0
2020-01-27,21383.0
2020-01-28,21338.0
2020-01-29,21300.0
2020-01-30,21272.0
2020-01-31,21290.0
2020-02-03,21239.0
2020-02-04,21190.0
2020-02-05,21207.0
2020-02-06,21190.0
2020-02-07,21171.0
2020-02-10,21147.0
2020-02-11,21179.0
2020-02-12,21194.0
2020-02-13,21215.0
2020-02-14,21192.0
2020-02-17,21226.0
2020-02-18,21079.0
2020-02-19,21263.0
2020-02-20,21060.0
2020-02-21,21056.0
2020-02-26,21035.0
2020-02-27,21006.0
2020-02-28,21044.0
2020-03-02,21035.0
2020-03-03,20957.0
2020-03-04,20937.0
2020-03-05,20941.0
2020-03-06,20936.0
2020-03-09,20943.0
2020-03-10,20908.0
2020-03-11,20887.0
2020-03-12,20873.0
2020-03-13,20733.0
2020-03-16,20685.0
2020-03-17,20644.0
2020-03-18,20626.0
2020-03-19,20550.0
2020-03-20,20504.0
2020-03-25,20502.0
2020-03-26,20563.0
2020-03-27,20534.0
2020-03-30,20611.0
2020-04-01,20556.0
2020-04-02,20572.0
2020-04-03,20575.0
2020-04-06,20508.0
2020-04-07,20521.0
2020-04-08,20580.0
2020-04-13,20591.0
2020-04-14,20576.0
2020-04-15,20628.0
2020-04-16,20667.0
2020-04-17,20713.0
2020-04-20,20621.0
2020-04-21,20534.0
2020-04-22,20485.0
2020-04-23,20389.0
2020-04-24,20321.0
2020-04-27,20302.0
2020-04-28,20277.0
2020-04-29,20212.0
2020-04-30,20219.0
2020-05-04,20026.0
2020-05-05,19975.0
2020-05-06,19903.0
2020-05-07,19858.0
2020-05-08,19796.0
2020-05-11,19778.0
2020-05-12,19736.0
2020-05-13,19672.0
2020-05-14,19587.0
2020-05-15,19537.0
2020-05-18,19494.0
2020-05-19,19467.0
2020-05-20,19439.0
2020-05-21,19417.0
2020-05-22,19386.0
2020-05-26,19353.0
2020-05-27,19328.0
2020-05-28,19252.0
2020-05-29,19242.0
2020-06-01,19284.0
2020-06-02,19272.0
2020-06-03,19251.0
2020-06-04,19249.0
2020-06-05,19246.0
2020-06-08,19299.0
2020-06-09,19269.0
2020-06-10,19223.0
2020-06-11,19199.0
2020-06-12,19231.0
2020-06-16,19217.0
2020-06-17,19181.0
2020-06-18,19167.0
2020-06-19,19130.0
2020-06-22,19110.0
2020-06-23,19126.0
2020-06-24,19141.0
2020-06-25,19126.0
2020-06-26,19105.0
2020-06-29,19126.0
2020-06-30,19123.0
2020-07-01,19253.0
2020-07-02,19270.0
2020-07-03,19288.0
2020-07-06,19313.0
2020-07-07,19309.0
2020-07-08,19271.0
2020-07-13,19279.0
2020-07-14,19352.0
2020-07-15,19351.0
2020-07-16,19345.0
2020-07-17,19396.0
2020-07-20,19327.0
2020-07-21,19352.0
2020-07-22,19301.0
2020-07-23,19274.0
2020-07-24,19272.0
2020-07-27,19255.0
2020-07-28,19282.0
2020-07-29,19245.0
2020-07-30,19232.0
2020-07-31,19296.0
2020-08-03,19395.0
2020-08-04,19482.0
2020-08-05,19502.0
2020-08-06,19515.0
2020-08-07,19545.0
2020-08-10,19567.0
2020-08-11,19585.0
2020-08-12,19579.0
2020-08-13,19574.0
2020-08-14,19527.0
2020-08-18,19522.0
2020-08-19,19526.0
2020-08-20,19530.0
2020-08-21,19519.0
2020-08-24,19516.0
2020-08-25,19537.0
2020-08-26,19526.0
2020-08-27,19532.0
2020-08-28,19463.0
2020-08-31,19445.0
2020-09-01,19593.0
2020-09-02,19659.0
2020-09-03,19673.0
2020-09-04,19681.0
2020-09-07,19710.0
2020-09-08,19752.0
2020-09-09,19802.0
2020-09-10,19748.0
2020-09-11,19733.0
2020-09-14,19746.0
2020-09-15,19713.0
2020-09-16,19677.0
2020-09-17,19655.0
2020-09-18,19550.0
2020-09-21,19479.0
2020-09-22,19369.0
2020-09-23,19168.0
2020-09-24,18912.0
2020-09-25,18737.0
2020-09-28,18663.0
2020-09-29,18517.0
2020-09-30,18401.0
2020-10-01,18323.0
2020-10-02,18215.0
2020-10-05,18132.0
2020-10-06,18055.0
2020-10-07,18002.0
2020-10-08,17944.0
2020-10-09,17851.0
2020-10-13,17785.0
2020-10-14,17729.0
2020-10-15,17663.0
2020-10-16,17610.0
2020-10-19,17551.0
2020-10-20,17493.0
2020-10-21,17398.0
2020-10-22,17352.0
2020-10-23,17263.0
2020-10-26,17192.0
2020-10-27,17110.0
2020-10-28,17096.0
2020-10-29,17046.0
2020-10-30,16995.0
2020-11-02,17038.0
2020-11-03,17019.0
2020-11-04,16984.0
2020-11-05,16973.0
2020-11-09,16945.0
2020-11-10,16938.0
2020-11-11,16934.0
2020-11-12,16973.0
2020-11-13,16956.0
2020-11-16,16949.0
2020-11-17,16962.0
2020-11-18,16976.0
2020-11-19,16973.0
2020-11-20,17020.0
2020-11-24,16986.0
2020-11-25,17010.0
2020-11-26,17010.0
2020-11-27,17018.0
2020-11-30,16991.0
2020-12-01,17041.0
2020-12-02,17064.0
2020-12-03,17173.0
2020-12-04,17338.0
2020-12-09,17380.0
2020-12-10,17612.0
2020-12-11,17622.0
2020-12-14,17625.0
2020-12-15,17707.0
2020-12-16,17773.0
2020-12-17,17792.0
2020-12-18,17889.0
2020-12-21,17971.0
2020-12-22,17956.0
2020-12-23,18068.0
2020-12-28,18397.0
2020-12-29,18570.0
2020-12-30,18708.0
2021-01-04,18665.0
2021-01-05,18604.0
2021-01-06,18561.0
2021-01-07,18521.0
2021-01-08,18477.0
2021-01-11,18461.0
2021-01-12,18444.0
2021-01-13,18415.0
2021-01-14,18423.0
2021-01-15,18396.0
2021-01-18,18405.0
2021-01-19,18389.0
2021-01-20,18379.0
2021-01-21,18372.0
2021-01-22,18351.0
2021-01-25,18329.0
2021-01-26,18332.0
2021-01-27,18318.0
2021-01-28,18349.0
2021-01-29,18354.0
2021-02-01,18384.0
2021-02-02,18389.0
2021-02-03,18372.0
2021-02-04,18381.0
2021-02-05,18357.0
2021-02-08,18390.0
2021-02-09,18432.0
2021-02-10,18466.0
2021-02-11,18510.0
2021-02-12,18517.0
2021-02-17,18327.0
2021-02-18,18338.0
2021-02-19,18339.0
2021-02-22,18349.0
2021-02-23,18377.0
2021-02-24,18346.0
2021-02-25,18341.0
2021-02-26,18352.0
2021-03-01,18361.0
2021-03-02,18377.0
2021-03-03,18365.0
2021-03-04,18388.0
2021-03-05,18442.0
2021-03-08,18441.0
2021-03-09,18455.0
2021-03-10,18436.0
2021-03-11,18467.0
2021-03-12,18460.0
2021-03-15,18454.0
2021-03-16,18450.0
2021-03-17,18433.0
2021-03-18,18430.0
2021-03-19,18469.0
2021-03-22,18505.0
2021-03-23,18537.0
2021-03-25,18581.0
2021-03-26,18488.0
2021-03-29,18491.0
2021-03-30,18490.0
2021-03-31,18513.0
2021-04-05,18529.0
2021-04-06,18541.0
2021-04-07,18567.0
2021-04-08,18601.0
2021-04-09,18635.0
2021-04-12,18550.0
2021-04-13,18565.0
2021-04-14,18558.0
2021-04-15,18562.0
2021-04-16,18551.0
2021-04-19,18544.0
2021-04-20,18537.0
2021-04-21,18525.0
2021-04-22,18509.0
2021-04-23,18518.0
2021-04-26,18513.0
2021-04-27,18515.0
2021-04-28,18507.0
2021-04-29,18553.0
2021-04-30,18594.0
2021-05-03,18604.0
2021-05-04,18595.0
2021-05-05,18601.0
2021-05-06,18583.0
2021-05-07,18611.0
2021-05-10,18725.0
2021-05-11,18744.0
2021-05-12,18748.0
2021-05-13,18775.0
2021-05-14,18712.0
2021-05-17,18706.0
2021-05-18,18705.0
2021-05-19,18716.0
2021-05-20,18746.0
2021-05-21,18806.0
2021-05-26,18817.0
2021-05-27,18829.0
2021-05-28,18874.0
2021-05-31,18817.0
2021-06-01,18822.0
2021-06-02,18814.0
2021-06-03,18848.0
2021-06-04,18886.0
2021-06-07,18891.0
2021-06-08,18924.0
2021-06-09,18907.0
2021-06-10,19011.0
2021-06-11,18985.0
2021-06-14,18880.0
2021-06-15,18864.0
2021-06-16,18862.0
2021-06-17,18755.0
2021-06-18,18808.0
2021-06-22,18804.0
2021-06-23,18808.0
2021-06-24,18820.0
2021-06-25,18818.0
2021-06-28,18836.0
2021-06-29,18851.0
2021-06-30,18821.0
2021-07-01,18816.0
2021-07-02,18825.0
2021-07-05,18861.0
2021-07-06,18864.0
2021-07-07,18876.0
2021-07-08,18912.0
2021-07-12,18933.0
2021-07-13,18952.0
2021-07-14,18962.0
2021-07-15,18926.0
2021-07-16,18905.0
2021-07-19,18914.0
2021-07-20,18909.0
2021-07-21,18868.0
2021-07-22,18860.0
2021-07-23,18850.0
2021-07-26,18856.0
2021-07-27,18880.0
2021-07-28,18905.0
2021-07-29,18914.0
2021-07-30,18958.0
2021-08-02,19000.0
2021-08-03,19008.0
2021-08-04,18997.0
2021-08-05,18988.0
2021-08-06,19071.0
2021-08-09,19082.0
2021-08-10,19046.0
2021-08-11,19064.0
2021-08-12,18994.0
2021-08-13,18987.0
2021-08-17,18970.0
2021-08-18,18987.0
2021-08-19,18990.0
2021-08-20,18998.0
2021-08-23,18983.0
2021-08-24,19003.0
2021-08-25,18985.0
2021-08-26,18990.0
2021-08-27,18939.0
2021-08-30,18938.0
2021-08-31,19044.0
2021-09-01,19076.0
2021-09-02,18908.0
2021-09-03,18859.0
2021-09-06,18904.0
2021-09-07,18910.0
2021-09-08,18907.0
2021-09-09,18907.0
2021-09-10,18881.0
2021-09-13,18892.0
2021-09-14,18895.0
2021-09-15,18913.0
2021-09-16,18914.0
2021-09-17,18874.0
2021-09-20,18872.0
2021-09-21,18873.0
2021-09-22,18839.0
2021-09-23,18828.0
2021-09-24,19038.0
2021-09-27,19066.0
2021-09-28,19065.0
2021-09-29,19062.0
2021-09-30,19147.0
2021-10-01,19132.0
2021-10-04,19151.0
2021-10-05,19187.0
2021-10-06,19155.0
2021-10-07,19141.0
2021-10-12,19111.0
2021-10-13,19085.0
2021-10-14,19055.0
2021-10-15,19013.0
2021-10-18,19024.0
2021-10-19,18990.0
2021-10-20,18988.0
2021-10-21,18927.0
2021-10-22,18951.0
2021-10-25,18925.0
2021-10-26,18952.0
2021-10-27,18917.0
2021-10-28,18953.0
2021-10-29,18945.0
2021-11-01,18950.0
2021-11-02,18959.0
2021-11-03,18914.0
2021-11-04,19029.0
2021-11-05,18944.0
2021-11-08,18928.0
2021-11-09,18891.0
2021-11-10,18901.0
2021-11-11,18837.0
2021-11-12,18703.0
2021-11-15,18739.0
2021-11-16,18720.0
2021-11-17,18725.0
2021-11-18,18714.0
2021-11-19,18687.0
2021-11-23,18676.0
2021-11-24,18700.0
2021-11-25,18689.0
2021-11-26,18635.0
2021-11-29,18421.0
2021-11-30,18186.0
2021-12-01,18097.0
2021-12-02,18054.0
2021-12-03,18068.0
2021-12-06,18006.0
2021-12-07,18071.0
2021-12-09,18043.0
2021-12-10,18067.0
2021-12-13,18075.0
2021-12-14,17957.0
2021-12-15,18090.0
2021-12-16,18078.0
2021-12-17,18089.0
2021-12-20,18155.0
2021-12-21,18220.0
2021-12-22,18266.0
2021-12-23,18409.0
2021-12-27,18540.0
2021-12-28,18682.0
2021-12-29,18817.0
2021-12-30,18912.0
2022-01-03,18850.0
2022-01-04,18813.0
2022-01-05,18801.0
2022-01-06,18786.0
2022-01-07,18771.0
2022-01-10,18830.0
2022-01-11,18833.0
2022-01-12,18843.0
2022-01-13,18860.0
2022-01-14,18853.0
2022-01-17,18857.0
2022-01-18,18846.0
2022-01-19,18803.0
2022-01-20,18687.0
2022-01-21,18653.0
2022-01-24,18628.0
2022-01-25,18600.0
2022-01-26,18581.0
2022-01-27,18531.0
2022-01-28,18553.0
2022-01-31,18549.0
2022-02-01,18558.0
2022-02-02,18554.0
2022-02-03,18551.0
2022-02-04,18520.0
2022-02-07,18515.0
2022-02-08,18504.0
2022-02-09,18515.0
2022-02-10,18512.0
2022-02-11,18532.0
2022-02-14,18464.0
2022-02-15,18449.0
2022-02-16,18446.0
2022-02-17,18442.0
2022-02-18,18433.0
2022-02-21,18471.0
2022-02-22,18506.0
2022-02-23,18509.0
2022-02-24,18498.0
2022-02-25,18345.0
2022-03-02,18384.0
2022-03-03,18395.0
2022-03-04,18398.0
2022-03-07,18425.0
2022-03-08,18443.0
2022-03-09,18455.0
2022-03-10,18470.0
2022-03-11,18478.0
2022-03-14,18456.0
2022-03-15,18367.0
2022-03-16,18393.0
2022-03-17,18414.0
2022-03-18,18428.0
2022-03-21,18456.0
2022-03-22,18489.0
2022-03-23,18339.0
2022-03-25,18319.0
2022-03-28,18350.0
2022-03-29,18395.0
2022-03-30,18382.0
2022-03-31,18373.0
2022-04-01,18391.0
2022-04-04,18415.0
2022-04-05,18430.0
2022-04-06,18455.0
2022-04-07,18469.0
2022-04-08,18471.0
2022-04-11,18455.0
2022-04-12,18422.0
2022-04-13,18427.0
2022-04-18,18431.0
2022-04-19,18436.0
2022-04-20,18442.0
2022-04-21,18432.0
2022-04-22,18397.0
2022-04-25,18419.0
2022-04-26,18425.0
2022-04-27,18434.0
2022-04-28,18481.0
2022-04-29,18454.0
2022-05-02,18489.0
2022-05-03,18507.0
2022-05-04,18508.0
2022-05-05,18507.0
2022-05-06,18482.0
2022-05-09,18484.0
2022-05-10,18503.0
2022-05-11,18520.0
2022-05-12,18523.0
2022-05-13,18465.0
2022-05-16,18465.0
2022-05-17,18467.0
2022-05-19,18447.0
2022-05-20,18467.0
2022-05-23,18474.0
2022-05-24,18484.0
2022-05-26,18465.0
2022-05-27,18486.0
2022-05-30,18477.0
2022-05-31,18431.0
2022-06-01,18458.0
2022-06-02,18462.0
2022-06-03,18465.0
2022-06-06,18491.0
2022-06-07,18530.0
2022-06-08,18538.0
2022-06-09,18522.0
2022-06-10,18517.0
2022-06-13,18535.0
2022-06-14,18491.0
2022-06-15,18499.0
2022-06-16,18513.0
2022-06-21,18516.0
2022-06-22,18491.0
2022-06-23,18551.0
2022-06-24,18568.0
2022-06-27,18580.0
2022-06-28,18564.0
2022-06-29,18524.0
2022-06-30,18514.0
2022-07-01,18643.0
2022-07-04,18506.0
2022-07-05,18433.0
2022-07-06,18367.0
2022-07-07,18274.0
2022-07-08,18320.0
2022-07-11,18281.0
2022-07-12,18267.0
2022-07-13,18212.0
2022-07-14,18194.0
2022-07-15,18151.0
2022-07-18,18120.0
2022-07-19,18089.0
2022-07-20,18085.0
2022-07-21,17945.0
2022-07-22,17837.0
2022-07-25,17789.0
2022-07-26,17745.0
2022-07-27,17730.0
2022-07-28,17733.0
2022-07-29,17681.0
2022-08-01,17724.0
2022-08-02,17741.0
2022-08-03,17765.0
2022-08-04,17783.0
2022-08-05,17658.0
2022-08-08,17649.0
2022-08-09,17601.0
2022-08-10,17571.0
2022-08-11,17551.0
2022-08-12,17514.0
2022-08-16,17482.0
2022-08-17,17479.0
2022-08-18,17485.0
2022-08-19,17472.0
2022-08-22,17456.0
2022-08-23,17445.0
2022-08-24,17467.0
2022-08-25,17466.0
2022-08-26,17475.0
2022-08-29,17497.0
2022-08-30,17523.0
2022-08-31,17406.0
2022-09-01,17419.0
2022-09-05,17429.0
2022-09-06,17434.0
2022-09-07,17405.0
2022-09-08,17421.0
2022-09-09,17414.0
2022-09-12,17420.0
2022-09-13,17437.0
2022-09-14,17470.0
2022-09-15,17462.0
2022-09-16,17480.0
2022-09-19,17494.0
2022-09-20,17515.0
2022-09-21,17475.0
2022-09-22,17491.0
2022-09-23,17480.0
2022-09-26,17494.0
2022-09-27,17466.0
2022-09-28,17460.0
2022-09-29,17471.0
2022-09-30,17472.0
2022-10-03,17488.0
2022-10-04,17487.0
2022-10-05,17488.0
2022-10-06,17487.0
2022-10-11,17496.0
2022-10-12,17484.0
2022-10-13,17572.0
2022-10-14,17493.0
2022-10-17,17489.0
2022-10-18,17503.0
2022-10-19,17505.0
2022-10-20,17501.0
2022-10-21,17532.0
2022-10-24,17553.0
2022-10-25,17608.0
2022-10-26,17640.0
2022-10-27,17688.0
2022-10-28,17564.0
2022-10-31,17592.0
2022-11-01,17576.0
2022-11-02,17811.0
2022-11-03,17853.0
2022-11-04,17940.0
2022-11-07,17996.0
2022-11-08,17955.0
2022-11-09,17950.0
2022-11-10,17946.0
2022-11-11,17957.0
2022-11-14,18104.0
2022-11-15,18135.0
2022-11-16,18189.0
2022-11-17,18237.0
2022-11-18,18234.0
2022-11-22,18256.0
2022-11-23,18249.0
2022-11-24,18265.0
2022-11-25,18251.0
2022-11-28,18266.0
2022-11-29,18265.0
2022-11-30,18347.0
2022-12-01,18314.0
2022-12-02,18332.0
2022-12-05,18472.0
2022-12-06,18518.0
2022-12-07,18519.0
2022-12-12,18548.0
2022-12-13,18560.0
2022-12-14,18570.0
2022-12-15,18607.0
2022-12-16,18677.0
2022-12-19,18733.0
2022-12-20,18842.0
2022-12-21,18921.0
2022-12-22,18992.0
2022-12-23,19085.0
2022-12-26,19291.0
2022-12-27,19327.0
2022-12-28,19449.0
2022-12-29,19486.0
2022-12-30,19445.0
2023-01-02,19418.0
2023-01-03,19443.0
2023-01-04,19460.0
2023-01-05,19455.0
2023-01-06,19457.0
2023-01-09,19646.0
2023-01-10,19656.0
2023-01-11,19626.0
2023-01-12,19636.0
2023-01-13,19617.0
2023-01-16,19603.0
2023-01-17,19587.0
2023-01-18,19571.0
2023-01-19,19519.0
2023-01-20,19502.0
2023-01-23,19508.0
2023-01-24,19514.0
2023-01-25,19499.0
2023-01-26,19494.0
2023-01-27,19545.0
2023-01-30,19633.0
2023-01-31,19638.0
2023-02-01,19656.0
2023-02-02,19669.0
2023-02-03,19553.0
2023-02-06,19560.0
2023-02-07,19566.0
2023-02-08,19555.0
2023-02-09,19555.0
2023-02-10,19581.0
2023-02-13,19621.0
2023-02-14,19568.0
2023-02-15,19564.0
2023-02-16,19580.0
2023-02-17,19587.0
2023-02-22,19621.0
2023-02-23,19665.0
2023-02-24,19677.0
2023-02-27,19576.0
2023-02-28,19412.0
2023-03-01,19412.0
2023-03-02,19419.0
2023-03-03,19407.0
2023-03-06,19447.0
2023-03-07,19472.0
2023-03-08,19450.0
2023-03-09,19460.0
2023-03-10,19446.0
2023-03-13,19449.0
2023-03-14,19422.0
2023-03-15,19464.0
2023-03-16,19468.0
2023-03-17,19461.0
2023-03-20,19491.0
2023-03-21,19451.0
2023-03-22,19264.0
2023-03-23,19185.0
2023-03-27,19123.0
2023-03-28,18988.0
2023-03-29,18960.0
2023-03-30,18897.0
2023-03-31,18835.0
2023-04-03,18808.0
2023-04-04,18782.0
2023-04-05,18748.0
2023-04-10,18753.0
2023-04-11,18715.0
2023-04-12,18614.0
2023-04-13,18650.0
2023-04-14,18596.0
2023-04-17,18472.0
2023-04-18,18495.0
2023-04-19,18479.0
2023-04-20,18436.0
2023-04-21,18319.0
2023-04-24,18270.0
2023-04-25,18116.0
2023-04-26,17917.0
2023-04-27,17858.0
2023-04-28,17892.0
2023-05-02,17903.0
2023-05-03,17900.0
2023-05-04,17943.0
2023-05-05,17831.0
2023-05-08,17841.0
2023-05-09,17821.0
2023-05-10,17856.0
2023-05-11,17846.0
2023-05-12,17793.0
2023-05-15,17790.0
2023-05-16,17819.0
2023-05-17,17863.0
2023-05-18,17890.0
2023-05-19,17880.0
2023-05-22,17817.0
2023-05-23,17825.0
2023-05-24,17827.0
2023-05-29,17874.0
2023-05-30,17841.0
2023-05-31,17791.0
2023-06-01,17825.0
2023-06-02,17796.0
2023-06-05,17845.0
2023-06-06,17767.0
2023-06-07,17777.0
2023-06-08,17767.0
2023-06-09,17610.0
2023-06-12,17586.0
2023-06-13,17639.0
2023-06-14,17513.0
2023-06-15,17467.0
2023-06-16,17474.0
2023-06-21,17458.0
2023-06-22,17510.0
2023-06-23,17502.0
2023-06-26,17506.0
2023-06-27,17501.0
2023-06-28,17596.0
2023-06-29,17594.0
2023-06-30,17566.0
2023-07-03,17625.0
2023-07-04,17767.0
2023-07-05,17690.0
2023-07-06,17688.0
2023-07-07,17744.0
2023-07-10,17909.0
2023-07-11,17938.0
2023-07-12,17928.0
2023-07-13,17919.0
2023-07-14,17945.0
2023-07-17,17931.0
2023-07-18,17939.0
2023-07-19,17963.0
2023-07-20,17947.0
2023-07-21,17848.0
2023-07-24,17819.0
2023-07-25,17741.0
2023-07-26,17743.0
2023-07-27,17777.0
2023-07-28,17947.0
2023-07-31,17984.0
2023-08-01,18063.0
2023-08-02,17928.0
2023-08-03,17901.0
2023-08-04,17893.0
2023-08-07,17980.0
2023-08-08,17861.0
2023-08-09,17758.0
2023-08-10,17654.0
2023-08-11,17615.0
2023-08-14,17639.0
2023-08-15,17609.0
2023-08-16,17527.0
2023-08-17,17491.0
2023-08-18,17424.0
2023-08-22,17410.0
2023-08-23,17384.0
2023-08-24,17382.0
2023-08-25,17341.0
2023-08-28,17353.0
2023-08-29,17369.0
2023-08-30,17248.0
2023-08-31,17075.0
2023-09-01,17091.0
2023-09-04,17090.0
2023-09-05,17123.0
2023-09-06,17122.0
2023-09-07,17103.0
2023-09-08,17105.0
2023-09-11,17153.0
2023-09-12,17172.0
2023-09-13,17142.0
2023-09-14,17134.0
2023-09-15,17122.0
2023-09-18,17137.0
2023-09-19,17150.0
2023-09-20,17123.0
2023-09-21,17137.0
2023-09-22,17092.0
2023-09-25,17134.0
2023-09-26,17133.0
2023-09-27,17087.0
2023-09-28,17083.0
2023-09-29,17054.0
2023-10-02,17135.0
2023-10-03,17115.0
2023-10-04,17119.0
2023-10-05,17128.0
2023-10-06,17106.0
2023-10-09,17119.0
2023-10-10,16992.0
2023-10-11,16847.0
2023-10-12,16785.0
2023-10-17,16727.0
2023-10-18,16690.0
2023-10-19,16636.0
2023-10-20,16551.0
2023-10-23,16581.0
2023-10-24,16609.0
2023-10-25,16599.0
2023-10-26,16670.0
2023-10-27,16675.0
2023-10-30,16734.0
2023-10-31,16696.0
2023-11-01,16710.0
2023-11-02,16720.0
2023-11-03,16728.0
2023-11-07,16812.0
2023-11-08,16760.0
2023-11-09,16821.0
2023-11-10,16788.0
2023-11-13,16818.0
2023-11-14,16838.0
2023-11-15,16769.0
2023-11-16,16705.0
2023-11-17,16587.0
2023-11-21,16588.0
2023-11-22,16639.0
2023-11-23,16600.0
2023-11-24,16563.0
2023-11-27,16562.0
2023-11-28,16584.0
2023-11-29,16622.0
2023-11-30,16484.0
2023-12-01,16509.0
2023-12-04,16513.0
2023-12-05,16527.0
2023-12-06,16448.0
2023-12-07,16479.0
2023-12-11,16457.0
2023-12-12,16450.0
2023-12-13,16436.0
2023-12-14,16474.0
2023-12-15,16564.0
2023-12-18,16651.0
2023-12-19,16732.0
2023-12-20,16794.0
2023-12-21,16942.0
2023-12-22,17068.0
2023-12-26,17262.0
2023-12-27,17559.0
2023-12-28,17854.0
2023-12-29,18155.0
2024-01-02,18084.0
2024-01-03,18061.0
2024-01-04,18057.0
2024-01-05,18036.0
2024-01-08,18072.0
2024-01-09,18314.0
2024-01-10,18326.0
2024-01-11,18346.0
2024-01-12,18353.0
2024-01-15,18356.0
2024-01-16,18384.0
2024-01-17,18419.0
2024-01-18,18400.0
2024-01-19,18420.0
2024-01-22,18419.0
2024-01-23,18381.0
2024-01-24,18350.0
2024-01-25,18358.0
2024-01-26,18380.0
2024-01-29,18471.0
2024-01-30,18522.0
2024-01-31,18565.0
2024-02-01,18638.0
2024-02-02,18519.0
2024-02-05,18477.0
2024-02-06,18502.0
2024-02-07,18520.0
2024-02-08,18448.0
2024-02-09,18423.0
2024-02-14,18434.0
2024-02-15,18460.0
2024-02-16,18488.0
2024-02-19,18520.0
2024-02-20,18530.0
2024-02-21,18556.0
2024-02-22,18586.0
2024-02-23,18634.0
2024-02-26,18715.0
2024-02-27,18757.0
2024-02-28,18789.0
2024-02-29,18484.0
2024-03-01,18478.0
2024-03-04,18457.0
2024-03-05,18508.0
2024-03-06,18537.0
2024-03-07,18541.0
2024-03-08,18533.0
2024-03-11,18554.0
2024-03-12,18541.0
2024-03-13,18562.0
2024-03-14,18616.0
2024-03-15,18644.0
2024-03-18,18685.0
2024-03-19,18745.0
2024-03-20,18776.0
2024-03-21,18794.0
2024-03-22,18784.0
2024-03-25,18833.0
2024-03-26,18905.0
2024-03-27,18924.0
2024-04-03,18957.0
2024-04-04,19015.0
2024-04-05,19042.0
2024-04-08,19016.0
2024-04-09,19042.0
2024-04-10,19056.0
2024-04-11,19059.0
2024-04-12,19070.0
2024-04-15,19062.0
2024-04-16,19145.0
2024-04-17,19155.0
2024-04-18,19176.0
2024-04-19,19191.0
2024-04-22,19277.0
2024-04-23,19290.0
2024-04-24,19325.0
2024-04-25,19183.0
2024-04-26,19200.0
2024-04-29,19212.0
2024-04-30,19213.0
2024-05-02,19245.0
2024-05-03,19220.0
2024-05-06,19234.0
2024-05-07,19236.0
2024-05-08,19256.0
2024-05-09,19257.0
2024-05-10,19285.0
2024-05-13,19331.0
2024-05-14,19361.0
2024-05-15,19342.0
2024-05-16,19330.0
2024-05-17,19423.0
2024-05-20,19417.0
2024-05-21,19482.0
2024-05-22,19514.0
2024-05-23,19506.0
2024-05-24,19530.0
2024-05-27,19546.0
2024-05-28,19614.0
2024-05-29,19609.0
2024-05-30,19534.0
2024-05-31,19607.0
2024-06-03,19498.0
2024-06-04,19529.0
2024-06-05,19527.0
2024-06-06,19548.0
2024-06-07,19560.0
2024-06-10,19559.0
2024-06-11,19605.0
2024-06-12,19609.0
2024-06-13,19585.0
2024-06-14,19482.0
2024-06-18,19581.0
2024-06-19,19621.0
2024-06-24,19662.0
2024-06-25,19696.0
2024-06-26,19742.0
2024-06-27,19778.0
2024-06-28,19757.0
2024-07-01,19741.0
2024-07-02,19757.0
2024-07-03,19710.0
2024-07-04,19733.0
2024-07-05,19758.0
2024-07-08,19764.0
2024-07-10,20270.0
2024-07-11,20410.0
2024-07-12,20461.0
2024-07-15,20479.0
2024-07-16,20501.0
2024-07-17,20550.0
2024-07-18,20614.0
2024-07-19,20639.0
2024-07-22,20866.0
2024-07-23,20859.0
2024-07-24,20874.0
2024-07-25,20840.0
2024-07-26,20827.0
2024-07-29,20825.0
2024-07-30,20832.0
2024-07-31,20950.0
2024-08-01,20955.0
2024-08-02,20960.0
2024-08-05,20923.0
2024-08-06,20912.0
2024-08-07,20931.0
2024-08-08,20924.0
2024-08-09,20942.0
2024-08-12,20929.0
2024-08-13,20976.0
2024-08-14,20994.0
2024-08-15,21063.0
2024-08-16,21015.0
2024-08-19,21076.0
2024-08-20,21152.0
2024-08-21,21216.0
2024-08-22,21258.0
2024-08-23,21374.0
2024-08-26,21398.0
2024-08-27,21518.0
2024-08-28,21574.0
2024-08-29,21700.0
2024-08-30,21465.0
2024-09-02,21665.0
2024-09-03,21826.0
2024-09-04,21947.0
2024-09-05,22107.0
2024-09-06,22229.0
2024-09-09,22424.0
2024-09-10,22706.0
2024-09-11,22972.0
2024-09-12,23331.0
2024-09-13,23614.0
2024-09-16,24038.0
2024-09-17,24520.0
2024-09-18,25059.0
2024-09-19,25791.0
2024-09-20,26610.0
2024-09-23,27695.0
2024-09-24,29066.0
2024-09-25,30769.0
2024-09-26,31959.0
2024-09-27,32870.0
2024-09-30,33573.0
2024-10-01,33266.0
2024-10-02,33217.0
2024-10-03,33005.0
2024-10-04,32865.0
2024-10-07,32752.0
2024-10-08,32589.0
2024-10-09,32490.0
2024-10-10,32569.0
2024-10-14,32557.0
2024-10-15,32586.0
2024-10-16,32709.0
2024-10-17,32852.0
2024-10-18,32997.0
2024-10-21,33093.0
2024-10-22,33266.0
2024-10-23,33470.0
2024-10-24,33792.0
2024-10-25,34157.0
2024-10-28,34691.0
2024-10-29,35532.0
2024-10-30,36097.0
2024-10-31,36777.0
2024-11-01,36535.0
2024-11-04,36302.0
2024-11-05,36130.0
2024-11-07,36205.0
2024-11-08,36284.0
2024-11-11,36096.0
2024-11-12,35932.0
2024-11-13,35856.0
2024-11-14,35700.0
2024-11-15,35627.0
2024-11-19,35500.0
2024-11-20,35456.0
2024-11-21,35338.0
2024-11-22,35309.0
2024-11-25,35166.0
2024-11-26,35134.0
2024-11-27,34952.0
2024-11-28,34790.0
2024-11-29,34718.0
2024-12-02,34795.0
2024-12-03,34745.0
2024-12-04,34457.0
2024-12-05,34401.0
2024-12-06,34313.0
2024-12-09,34082.0
2024-12-10,33906.0
2024-12-11,33871.0
2024-12-12,33777.0
2024-12-13,33749.0
2024-12-16,33688.0
2024-12-17,33616.0
2024-12-18,33547.0
2024-12-19,33828.0
2024-12-20,33884.0
2024-12-23,33859.0
2024-12-26,33840.0
2024-12-27,33835.0
2024-12-30,33836.0
2025-01-02,33956.0
2025-01-03,33900.0
2025-01-06,33809.0
2025-01-07,33788.0
2025-01-08,33754.0
2025-01-09,34636.0
2025-01-10,34662.0
2025-01-13,34700.0
2025-01-14,34702.0
2025-01-15,34680.0
2025-01-16,34640.0
2025-01-17,34479.0
2025-01-20,34396.0
2025-01-21,34329.0
2025-01-22,34267.0
2025-01-23,34161.0
2025-01-24,34202.0
2025-01-27,34291.0
2025-01-28,34213.0
2025-01-29,34087.0
2025-01-30,34063.0
2025-01-31,34019.0
2025-02-03,33822.0
2025-02-04,33823.0
2025-02-05,33675.0
2025-02-06,33529.0
2025-02-07,33439.0
2025-02-10,33329.0
2025-02-11,33366.0
2025-02-12,33232.0
2025-02-13,33174.0
2025-02-14,33133.0
2025-02-17,33117.0
2025-02-18,33019.0
2025-02-19,33095.0
2025-02-20,33101.0
2025-02-21,33124.0
2025-02-24,33025.0
2025-02-25,32996.0
2025-02-26,32924.0
2025-02-27,32526.0
2025-02-28,32721.0
2025-03-05,32520.0
2025-03-06,32365.0
2025-03-07,32315.0
2025-03-10,32202.0
2025-03-11,32182.0
2025-03-12,32084.0
2025-03-13,32030.0
2025-03-14,31989.0
2025-03-17,31955.0
2025-03-18,31889.0
2025-03-19,31920.0
2025-03-20,31976.0
2025-03-21,31944.0
2025-03-25,31887.0
2025-03-26,31838.0
2025-03-27,31767.0
2025-03-28,31640.0
2025-03-31,31657.0
2025-04-01,31756.0
2025-04-03,31639.0
2025-04-04,31593.0
2025-04-07,31506.0
2025-04-08,31426.0
2025-04-09,31425.0
2025-04-10,31449.0
2025-04-11,31385.0
2025-04-14,31994.0
2025-04-15,32093.0
2025-04-16,32409.0
2025-04-21,32450.0
2025-04-22,32566.0
2025-04-23,32564.0
2025-04-24,32672.0
2025-04-25,32705.0
2025-04-28,32701.0
2025-04-29,32679.0
2025-04-30,32830.0
2025-05-05,32773.0
2025-05-06,32758.0
2025-05-07,32848.0
2025-05-08,32891.0
2025-05-09,33193.0
2025-05-12,33041.0
2025-05-13,33093.0
2025-05-14,33174.0
2025-05-15,33118.0
2025-05-16,33132.0
2025-05-19,33161.0
2025-05-20,33212.0
2025-05-21,33212.0
2025-05-22,33317.0
2025-05-23,33382.0
2025-05-26,33408.0
2025-05-27,33269.0
2025-05-28,33331.0
2025-05-29,32954.0
2025-05-30,32979.0
2025-06-02,32996.0
2025-06-03,32859.0
2025-06-04,32888.0
2025-06-05,32902.0
2025-06-06,32871.0
2025-06-09,32783.0
2025-06-10,32763.0
2025-06-11,32763.0
2025-06-12,32825.0
2025-06-13,32826.0
2025-06-17,32868.0
2025-06-18,32963.0
2025-06-19,33052.0
2025-06-23,33013.0
2025-06-24,33071.0
2025-06-25,33133.0
2025-06-26,33165.0
2025-06-27,33203.0
2025-06-30,33417.0
2025-07-01,33560.0
2025-07-02,33574.0
2025-07-03,33640.0
2025-07-04,33762.0
2025-07-07,33780.0
2025-07-08,33888.0
2025-07-10,35053.0
2025-07-11,35125.0
2025-07-14,35393.0
2025-07-15,35362.0
2025-07-16,35338.0
2025-07-17,35502.0
2025-07-18,35406.0
2025-07-21,35505.0
2025-07-22,35623.0
2025-07-23,35621.0
2025-07-24,35647.0
2025-07-25,35531.0
2025-07-28,35458.0
2025-07-29,35342.0
2025-07-30,35397.0
2025-07-31,35415.0
2025-08-01,35332.0
2025-08-04,35210.0
2025-08-05,34876.0
2025-08-06,35063.0
2025-08-07,35096.0
2025-08-08,35096.0
2025-08-11,35168.0
2025-08-12,35286.0
2025-08-13,35277.0
2025-08-14,35165.0
2025-08-18,35247.0
2025-08-19,35304.0
2025-08-20,35354.0
2025-08-21,35330.0
2025-08-22,35287.0
2025-08-25,35195.0
2025-08-26,35238.0
2025-08-27,35005.0
2025-08-28,34980.0
2025-08-29,35001.0
2025-09-01,34940.0
2025-09-02,34938.0
2025-09-03,34847.0
2025-09-04,34889.0
2025-09-05,34800.0
2025-09-08,34807.0
2025-09-09,34825.0
2025-09-10,34807.0
2025-09-11,34754.0
2025-09-12,34830.0
2025-09-15,34698.0
2025-09-16,34714.0
2025-09-17,34705.0
2025-09-18,34833.0
2025-09-19,35013.0
2025-09-22,34983.0
2025-09-23,35156.0
2025-09-24,35347.0
2025-09-25,35711.0
2025-09-26,36085.0
2025-09-29,36225.0
2025-09-30,36455.0
2025-10-01,36680.0
2025-10-02,36823.0
2025-10-03,36926.0
2025-10-06,36817.0
2025-10-07,36949.0
2025-10-08,36910.0
2025-10-09,36946.0
2025-10-13,37431.0
2025-10-14,37368.0
2025-10-15,37455.0
2025-10-16,37497.0
2025-10-17,37443.0
2025-10-20,37494.0
2025-10-21,37569.0
2025-10-22,37631.0
2025-10-23,37596.0
2025-10-24,37538.0
2025-10-27,37668.0
2025-10-28,37582.0
2025-10-29,37501.0
2025-10-30,37376.0
2025-10-31,37438.0
2025-11-03,37406.0
2025-11-04,37373.0
2025-11-05,37367.0
2025-11-07,37355.0
2025-11-10,37359.0
2025-11-11,37426.0
2025-11-12,37429.0
2025-11-13,37466.0
2025-11-14,37460.0
2025-11-17,37537.0
2025-11-18,37798.0
2025-11-19,37935.0
2025-11-20,37949.0
2025-11-25,38031.0
2025-11-26,38730.0
2025-11-27,38764.0
2025-11-28,38698.0
2025-12-01,39707.0
2025-12-02,39647.0
2025-12-03,39567.0
2025-12-04,39525.0
2025-12-05,39304.0
2025-12-09,39240.0
2025-12-10,39372.0
2025-12-11,39246.0
2025-12-12,38821.0
2025-12-15,38922.0
2025-12-16,38949.0
2025-12-17,39078.0
2025-12-18,39282.0
2025-12-19,39439.0
2025-12-22,39510.0
2025-12-23,39566.0
2025-12-26,39611.0
2025-12-29,39571.0
2025-12-30,39781.0
2026-01-02,39903.0
2026-01-05,39932.0
2026-01-06,39886.0
2026-01-07,40105.0
2026-01-08,40122.0
2026-01-09,41203.0
2026-01-12,41172.0
2026-01-13,41118.0
2026-01-14,40967.0
2026-01-15,40871.0
2026-01-16,41076.0
2026-01-19,41089.0
2026-01-20,41098.0
2026-01-21,41154.0
2026-01-22,41155.0
2026-01-23,41316.0
2026-01-26,41230.0
2026-01-27,41192.0
2026-01-28,41116.0
2026-01-29,41176.0
2026-01-30,41123.0
2026-02-02,40966.0
2026-02-03,41132.0
2026-02-04,41029.0
2026-02-05,40958.0
2026-02-06,40847.0
2026-02-09,40908.0
2026-02-10,40868.0
2026-02-11,40802.0
2026-02-12,40865.0
2026-02-13,40855.0
2026-02-18,40924.0
2026-02-19,41021.0
2026-02-20,41913.0
2026-02-23,41877.0
2026-02-24,41953.0
2026-02-25,41929.0
2026-02-26,41624.0
2026-02-27,41575.0
2026-03-02,42394.0
2026-03-03,42284.0
2026-03-04,42191.0
2026-03-05,42228.0
2026-03-06,42167.0
2026-03-09,42004.0
2026-03-10,41971.0
2026-03-11,41935.0
2026-03-12,41901.0
2026-03-13,41902.0
2026-03-16,41870.0
2026-03-17,41839.0
2026-03-18,41744.0
2026-03-19,41661.0
2026-03-20,41711.0
2026-03-25,41793.0
2026-03-26,41855.0
2026-03-27,41926.0
2026-03-30,41896.0
2026-03-31,41667.0
2026-04-01,41860.0
2026-04-06,41849.0
2026-04-07,41932.0
2026-04-08,41975.0
2026-04-09,41976.0
2026-04-10,42034.0
2026-04-13,42116.0
2026-04-14,42323.0
2026-04-15,42036.0
2026-04-16,41955.0
2026-04-17,41779.0
2026-04-20,41869.0
2026-04-21,41892.0
2026-04-22,41913.0
2026-04-23,41986.0
2026-04-24,41992.0
2026-04-27,41968.0
2026-04-28,42030.0
2026-04-29,42000.0
2026-04-30,41784.0
2026-05-04,41765.0
2026-05-05,41661.0
2026-05-06,41694.0
2026-05-07,41732.0
2026-05-08,41726.0
2026-05-11,41741.0
2026-05-12,41707.0
2026-05-13,41943.0
2026-05-14,41927.0
2026-05-15,41610.0
2026-05-18,41624.0
2026-05-19,41677.0
2026-05-20,41710.0
2026-05-21,41681.0
2026-05-22,41951.0
2026-05-26,41850.0
2026-05-27,41742.0
