fecha,embi_latam
1998-01-02,466
1998-01-05,484
1998-01-06,509
1998-01-07,501
1998-01-08,518
1998-01-09,535
1998-01-12,553
1998-01-13,533
1998-01-14,524
1998-01-15,542
1998-01-16,518
1998-01-19,518
1998-01-20,515
1998-01-21,535
1998-01-22,530
1998-01-23,522
1998-01-26,518
1998-01-27,500
1998-01-28,504
1998-01-29,493
1998-01-30,479
1998-02-02,468
1998-02-03,468
1998-02-04,464
1998-02-05,460
1998-02-06,451
1998-02-09,454
1998-02-10,452
1998-02-11,448
1998-02-12,456
1998-02-13,459
1998-02-16,459
1998-02-17,462
1998-02-18,458
1998-02-19,457
1998-02-20,460
1998-02-23,456
1998-02-24,455
1998-02-25,452
1998-02-26,447
1998-02-27,443
1998-03-02,438
1998-03-03,435
1998-03-04,436
1998-03-05,447
1998-03-06,441
1998-03-09,447
1998-03-10,440
1998-03-11,439
1998-03-12,437
1998-03-13,432
1998-03-16,428
1998-03-17,434
1998-03-18,418
1998-03-19,411
1998-03-20,412
1998-03-23,401
1998-03-24,412
1998-03-25,418
1998-03-26,412
1998-03-27,405
1998-03-30,411
1998-03-31,415
1998-04-01,420
1998-04-02,431
1998-04-03,457
1998-04-06,447
1998-04-07,435
1998-04-08,432
1998-04-09,425
1998-04-10,425
1998-04-13,425
1998-04-14,423
1998-04-15,426
1998-04-16,431
1998-04-17,431
1998-04-20,433
1998-04-21,428
1998-04-22,429
1998-04-23,427
1998-04-24,434
1998-04-27,450
1998-04-28,448
1998-04-29,442
1998-04-30,433
1998-05-01,429
1998-05-04,434
1998-05-05,440
1998-05-06,453
1998-05-07,451
1998-05-08,451
1998-05-11,455
1998-05-12,469
1998-05-13,469
1998-05-14,467
1998-05-15,459
1998-05-18,497
1998-05-19,494
1998-05-20,487
1998-05-21,481
1998-05-22,486
1998-05-25,486
1998-05-26,516
1998-05-27,521
1998-05-28,504
1998-05-29,509
1998-06-01,521
1998-06-02,496
1998-06-03,499
1998-06-04,492
1998-06-05,490
1998-06-08,499
1998-06-09,506
1998-06-10,523
1998-06-11,553
1998-06-12,552
1998-06-15,577
1998-06-16,556
1998-06-17,526
1998-06-18,544
1998-06-19,540
1998-06-22,551
1998-06-23,546
1998-06-24,553
1998-06-25,568
1998-06-26,595
1998-06-29,589
1998-06-30,579
1998-07-01,572
1998-07-02,579
1998-07-03,579
1998-07-06,604
1998-07-07,588
1998-07-08,576
1998-07-09,582
1998-07-10,560
1998-07-13,544
1998-07-14,527
1998-07-15,532
1998-07-16,525
1998-07-17,516
1998-07-20,508
1998-07-21,515
1998-07-22,522
1998-07-23,537
1998-07-24,544
1998-07-27,560
1998-07-28,559
1998-07-29,553
1998-07-30,554
1998-07-31,551
1998-08-03,570
1998-08-04,580
1998-08-05,596
1998-08-06,603
1998-08-07,671
1998-08-10,739
1998-08-11,747
1998-08-12,775
1998-08-13,708
1998-08-14,692
1998-08-17,771
1998-08-18,752
1998-08-19,790
1998-08-20,917
1998-08-21,1116
1998-08-24,1118
1998-08-25,1038
1998-08-26,1129
1998-08-27,1360
1998-08-28,1312
1998-08-31,1320
1998-10-01,1213
1998-10-02,1127
1998-10-05,1208
1998-10-06,1149
1998-10-07,1158
1998-10-08,1137
1998-10-09,1080
1998-10-12,1080
1998-10-13,1048
1998-10-14,1048
1998-10-15,1028
1998-10-16,1007
1998-10-19,980
1998-10-20,939
1998-10-21,954
1998-10-22,945
1998-10-23,947
1998-10-26,969
1998-10-27,1007
1998-10-28,1034
1998-10-29,1067
1998-10-30,986
1998-11-02,935
1998-11-03,927
1998-11-04,907
1998-11-05,881
1998-11-06,847
1998-11-09,866
1998-11-10,904
1998-11-11,904
1998-11-12,940
1998-11-13,927
1998-11-16,902
1998-11-17,875
1998-11-18,886
1998-11-19,859
1998-11-20,817
1998-11-23,813
1998-11-24,830
1998-11-25,834
1998-11-26,834
1998-11-27,817
1998-11-30,864
1998-12-01,904
1998-12-02,920
1998-12-03,963
1998-12-04,961
1998-12-07,942
1998-12-08,936
1998-12-09,953
1998-12-10,956
1998-12-11,979
1998-12-14,1025
1998-12-15,975
1998-12-16,991
1998-12-17,994
1998-12-18,996
1998-12-21,959
1998-12-22,939
1998-12-23,926
1998-12-24,920
1998-12-25,920
1998-12-28,926
1998-12-29,947
1998-12-30,958
1998-12-31,941
1999-01-01,941
1999-01-04,899
1999-01-05,864
1999-01-06,863
1999-01-07,915
1999-01-08,940
1999-01-11,975
1999-01-12,1029
1999-01-13,1223
1999-01-14,1314
1999-01-15,1108
1999-01-18,1108
1999-01-19,1034
1999-01-20,1021
1999-01-21,1131
1999-01-22,1172
1999-01-25,1216
1999-01-26,1161
1999-01-27,1168
1999-01-28,1111
1999-01-29,1102
1999-02-01,1023
1999-02-02,1003
1999-02-03,1008
1999-02-04,998
1999-02-05,1036
1999-02-08,1050
1999-02-09,1038
1999-02-10,1028
1999-02-11,1000
1999-02-12,977
1999-02-15,977
1999-02-16,954
1999-02-17,974
1999-02-18,975
1999-02-19,970
1999-02-22,983
1999-02-23,999
1999-02-24,989
1999-02-25,1010
1999-02-26,1019
1999-03-01,992
1999-03-02,1033
1999-03-03,1055
1999-03-04,1012
1999-03-05,986
1999-03-08,984
1999-03-09,973
1999-03-10,943
1999-03-11,931
1999-03-12,929
1999-03-15,893
1999-03-16,908
1999-03-17,904
1999-03-18,887
1999-03-19,876
1999-03-22,875
1999-03-23,890
1999-03-24,901
1999-03-25,882
1999-03-26,872
1999-03-29,847
1999-03-30,842
1999-03-31,830
1999-04-01,805
1999-04-02,805
1999-04-05,797
1999-04-06,803
1999-04-07,794
1999-04-08,776
1999-04-09,797
1999-04-12,777
1999-04-13,746
1999-04-14,738
1999-04-15,747
1999-04-16,705
1999-04-19,705
1999-04-20,719
1999-04-21,712
1999-04-22,706
1999-04-23,713
1999-04-26,718
1999-04-27,729
1999-04-28,730
1999-04-29,731
1999-04-30,696
1999-05-03,685
1999-05-04,686
1999-05-05,704
1999-05-06,700
1999-05-07,683
1999-05-10,680
1999-05-11,689
1999-05-12,704
1999-05-13,715
1999-05-14,725
1999-05-17,748
1999-05-18,764
1999-05-19,814
1999-05-20,823
1999-05-21,876
1999-05-24,909
1999-05-25,881
1999-05-26,836
1999-05-27,865
1999-05-28,857
1999-05-31,857
1999-06-01,869
1999-06-02,860
1999-06-03,848
1999-06-04,834
1999-06-07,818
1999-06-08,822
1999-06-09,839
1999-06-10,849
1999-06-11,856
1999-06-14,851
1999-06-15,829
1999-06-16,800
1999-06-17,784
1999-06-18,786
1999-06-21,778
1999-06-22,785
1999-06-23,801
1999-06-24,810
1999-06-25,833
1999-06-28,836
1999-06-29,831
1999-06-30,812
1999-07-01,819
1999-07-02,825
1999-07-05,825
1999-07-06,810
1999-07-07,825
1999-07-08,853
1999-07-09,869
1999-07-12,937
1999-07-13,933
1999-07-14,905
1999-07-15,906
1999-07-16,913
1999-07-19,900
1999-07-20,916
1999-07-21,919
1999-07-22,914
1999-07-23,925
1999-07-26,932
1999-07-27,917
1999-07-28,911
1999-07-29,907
1999-07-30,900
1999-08-02,923
1999-08-03,937
1999-08-04,954
1999-08-05,985
1999-08-06,963
1999-08-09,962
1999-08-10,971
1999-08-11,938
1999-08-12,919
1999-08-13,919
1999-08-16,910
1999-08-17,901
1999-08-18,922
1999-08-19,920
1999-08-20,949
1999-08-23,945
1999-08-24,944
1999-08-25,928
1999-08-26,930
1999-08-27,917
1999-08-30,919
1999-08-31,916
1999-10-01,829
1999-10-04,815
1999-10-05,819
1999-10-06,795
1999-10-07,789
1999-10-08,790
1999-10-11,790
1999-10-12,802
1999-10-13,805
1999-10-14,805
1999-10-15,830
1999-10-18,825
1999-10-19,806
1999-10-20,794
1999-10-21,784
1999-10-22,750
1999-10-25,754
1999-10-26,736
1999-10-27,751
1999-10-28,742
1999-10-29,743
1999-11-01,738
1999-11-02,727
1999-11-03,721
1999-11-04,713
1999-11-05,718
1999-11-08,699
1999-11-09,697
1999-11-10,700
1999-11-11,700
1999-11-12,699
1999-11-15,701
1999-11-16,697
1999-11-17,713
1999-11-18,698
1999-11-19,716
1999-11-22,706
1999-11-23,706
1999-11-24,698
1999-11-25,698
1999-11-26,689
1999-11-29,697
1999-11-30,715
1999-12-01,723
1999-12-02,713
1999-12-03,693
1999-12-06,690
1999-12-07,688
1999-12-08,688
1999-12-09,686
1999-12-10,669
1999-12-13,640
1999-12-14,638
1999-12-15,628
1999-12-16,631
1999-12-17,624
1999-12-20,618
1999-12-21,611
1999-12-22,611
1999-12-23,609
1999-12-24,609
1999-12-27,606
1999-12-28,606
1999-12-29,608
1999-12-30,606
1999-12-31,598
2000-01-03,586
2000-01-04,623
2000-01-05,618
2000-01-06,634
2000-01-07,630
2000-01-10,623
2000-01-11,638
2000-01-12,646
2000-01-13,638
2000-01-14,634
2000-01-17,634
2000-01-18,627
2000-01-19,624
2000-01-20,625
2000-01-21,622
2000-01-24,626
2000-01-25,635
2000-01-26,637
2000-01-27,642
2000-01-28,670
2000-01-31,679
2000-02-01,673
2000-02-02,680
2000-02-03,680
2000-02-04,641
2000-02-07,621
2000-02-08,618
2000-02-09,615
2000-02-10,605
2000-02-11,617
2000-02-14,626
2000-02-15,619
2000-02-16,627
2000-02-17,624
2000-02-18,637
2000-02-21,637
2000-02-22,657
2000-02-23,633
2000-02-24,642
2000-02-25,629
2000-02-28,619
2000-02-29,608
2000-03-01,606
2000-03-02,585
2000-03-03,581
2000-03-06,580
2000-03-07,568
2000-03-08,562
2000-03-09,562
2000-03-10,562
2000-03-13,576
2000-03-14,582
2000-03-15,599
2000-03-16,593
2000-03-17,589
2000-03-20,589
2000-03-21,590
2000-03-22,582
2000-03-23,595
2000-03-24,579
2000-03-27,580
2000-03-28,582
2000-03-29,588
2000-03-30,620
2000-03-31,615
2000-04-03,626
2000-04-04,652
2000-04-05,656
2000-04-06,652
2000-04-07,658
2000-04-10,665
2000-04-11,664
2000-04-12,658
2000-04-13,667
2000-04-14,684
2000-04-17,689
2000-04-18,672
2000-04-19,673
2000-04-20,673
2000-04-21,673
2000-04-24,684
2000-04-25,652
2000-04-26,662
2000-04-27,656
2000-04-28,651
2000-05-01,644
2000-05-02,649
2000-05-03,668
2000-05-04,680
2000-05-05,699
2000-05-08,707
2000-05-09,713
2000-05-10,743
2000-05-11,740
2000-05-12,761
2000-05-15,745
2000-05-16,751
2000-05-17,743
2000-05-18,733
2000-05-19,761
2000-05-22,780
2000-05-23,769
2000-05-24,757
2000-05-25,756
2000-05-26,757
2000-05-29,757
2000-05-30,734
2000-05-31,734
2000-06-01,712
2000-06-02,679
2000-06-05,687
2000-06-06,693
2000-06-07,691
2000-06-08,691
2000-06-09,682
2000-06-12,687
2000-06-13,673
2000-06-14,666
2000-06-15,674
2000-06-16,679
2000-06-19,676
2000-06-20,674
2000-06-21,669
2000-06-22,674
2000-06-23,685
2000-06-26,690
2000-06-27,685
2000-06-28,676
2000-06-29,680
2000-06-30,679
2000-07-03,663
2000-07-04,663
2000-07-05,656
2000-07-06,652
2000-07-07,655
2000-07-10,651
2000-07-11,657
2000-07-12,649
2000-07-13,651
2000-07-14,646
2000-07-17,642
2000-07-18,645
2000-07-19,653
2000-07-20,655
2000-07-21,650
2000-07-24,646
2000-07-25,647
2000-07-26,649
2000-07-27,654
2000-07-28,655
2000-07-31,652
2000-08-01,658
2000-08-02,656
2000-08-03,654
2000-08-04,649
2000-08-07,647
2000-08-08,647
2000-08-09,640
2000-08-10,646
2000-08-11,634
2000-08-14,635
2000-08-15,638
2000-08-16,650
2000-08-17,638
2000-08-18,654
2000-08-21,659
2000-08-22,648
2000-08-23,649
2000-08-24,644
2000-08-25,636
2000-08-28,634
2000-08-29,633
2000-08-30,629
2000-08-31,614
2000-10-02,631
2000-10-03,615
2000-10-04,610
2000-10-05,615
2000-10-06,628
2000-10-09,628
2000-10-10,634
2000-10-11,644
2000-10-12,666
2000-10-13,674
2000-10-16,671
2000-10-17,704
2000-10-18,711
2000-10-19,702
2000-10-20,709
2000-10-23,726
2000-10-24,727
2000-10-25,741
2000-10-26,745
2000-10-27,728
2000-10-30,717
2000-10-31,702
2000-11-01,713
2000-11-02,701
2000-11-03,720
2000-11-06,722
2000-11-07,742
2000-11-08,764
2000-11-09,768
2000-11-10,738
2000-11-13,727
2000-11-14,723
2000-11-15,714
2000-11-16,717
2000-11-17,722
2000-11-20,710
2000-11-21,710
2000-11-22,728
2000-11-23,728
2000-11-24,726
2000-11-27,726
2000-11-28,737
2000-11-29,729
2000-11-30,753
2000-12-01,734
2000-12-04,737
2000-12-05,727
2000-12-06,730
2000-12-07,727
2000-12-08,712
2000-12-11,711
2000-12-12,719
2000-12-13,726
2000-12-14,729
2000-12-15,732
2000-12-18,726
2000-12-19,706
2000-12-20,718
2000-12-21,717
2000-12-22,714
2000-12-25,714
2000-12-26,712
2000-12-27,703
2000-12-28,696
2000-12-29,702
2001-01-01,702
2001-01-02,717
2001-01-03,683
2001-01-04,683
2001-01-05,686
2001-01-08,693
2001-01-09,686
2001-01-10,683
2001-01-11,674
2001-01-12,661
2001-01-15,661
2001-01-16,667
2001-01-17,664
2001-01-18,667
2001-01-19,660
2001-01-22,653
2001-01-23,645
2001-01-24,643
2001-01-25,646
2001-01-26,634
2001-01-29,625
2001-01-30,630
2001-01-31,627
2001-02-01,635
2001-02-02,634
2001-02-05,645
2001-02-06,641
2001-02-07,651
2001-02-08,644
2001-02-09,648
2001-02-12,645
2001-02-13,642
2001-02-14,639
2001-02-15,632
2001-02-16,645
2001-02-19,645
2001-02-20,661
2001-02-21,679
2001-02-22,675
2001-02-23,680
2001-02-26,684
2001-02-27,697
2001-02-28,700
2001-03-01,691
2001-03-02,680
2001-03-05,660
2001-03-06,659
2001-03-07,658
2001-03-08,672
2001-03-09,661
2001-03-12,675
2001-03-13,681
2001-03-14,693
2001-03-15,710
2001-03-16,722
2001-03-19,744
2001-03-20,735
2001-03-21,733
2001-03-22,772
2001-03-23,801
2001-03-26,756
2001-03-27,732
2001-03-28,727
2001-03-29,745
2001-03-30,757
2001-04-02,753
2001-04-03,754
2001-04-04,747
2001-04-05,735
2001-04-06,734
2001-04-09,718
2001-04-10,695
2001-04-11,704
2001-04-12,703
2001-04-13,703
2001-04-16,713
2001-04-17,721
2001-04-18,719
2001-04-19,736
2001-04-20,786
2001-04-23,865
2001-04-24,831
2001-04-25,834
2001-04-26,788
2001-04-27,760
2001-04-30,765
2001-05-01,777
2001-05-02,788
2001-05-03,779
2001-05-04,766
2001-05-07,749
2001-05-08,754
2001-05-09,764
2001-05-10,755
2001-05-11,769
2001-05-14,784
2001-05-15,773
2001-05-16,756
2001-05-17,742
2001-05-18,729
2001-05-21,729
2001-05-22,718
2001-05-23,725
2001-05-24,721
2001-05-25,728
2001-05-28,728
2001-05-29,732
2001-05-30,748
2001-05-31,748
2001-06-01,756
2001-06-04,729
2001-06-05,742
2001-06-06,735
2001-06-07,729
2001-06-08,713
2001-06-11,710
2001-06-12,719
2001-06-13,728
2001-06-14,748
2001-06-15,743
2001-06-18,774
2001-06-19,774
2001-06-20,769
2001-06-21,758
2001-06-22,765
2001-06-25,752
2001-06-26,757
2001-06-27,763
2001-06-28,764
2001-06-29,790
2001-07-02,794
2001-07-03,800
2001-07-04,800
2001-07-05,821
2001-07-06,838
2001-07-09,830
2001-07-10,862
2001-07-11,914
2001-07-12,1028
2001-07-13,1010
2001-07-16,1026
2001-07-17,961
2001-07-18,986
2001-07-19,1004
2001-07-20,956
2001-07-23,919
2001-07-24,931
2001-07-25,937
2001-07-26,951
2001-07-27,997
2001-07-30,994
2001-07-31,1001
2001-08-01,1040
2001-08-02,986
2001-08-03,983
2001-08-06,982
2001-08-07,974
2001-08-08,953
2001-08-09,944
2001-08-10,936
2001-08-13,946
2001-08-14,965
2001-08-15,947
2001-08-16,927
2001-08-17,978
2001-08-20,993
2001-08-21,1030
2001-08-22,950
2001-08-23,939
2001-08-24,951
2001-08-27,951
2001-08-28,938
2001-08-29,928
2001-08-30,946
2001-08-31,936
2001-10-01,1095
2001-10-02,1119
2001-10-03,1132
2001-10-04,1166
2001-10-05,1175
2001-10-08,1175
2001-10-09,1173
2001-10-10,1152
2001-10-11,1119
2001-10-12,1141
2001-10-15,1122
2001-10-16,1092
2001-10-17,1072
2001-10-18,1092
2001-10-19,1068
2001-10-22,1059
2001-10-23,1063
2001-10-24,1083
2001-10-25,1087
2001-10-26,1107
2001-10-29,1179
2001-10-30,1187
2001-10-31,1196
2001-11-01,1234
2001-11-02,1274
2001-11-05,1230
2001-11-06,1227
2001-11-07,1183
2001-11-08,1188
2001-11-09,1207
2001-11-12,1207
2001-11-13,1199
2001-11-14,1217
2001-11-15,1178
2001-11-16,1205
2001-11-19,1224
2001-11-20,1232
2001-11-21,1211
2001-11-22,1211
2001-11-23,1201
2001-11-26,1156
2001-11-27,1187
2001-11-28,1203
2001-11-29,1272
2001-11-30,1252
2001-12-03,1203
2001-12-04,915
2001-12-05,886
2001-12-06,890
2001-12-07,884
2001-12-10,886
2001-12-11,877
2001-12-12,871
2001-12-13,874
2001-12-14,868
2001-12-17,879
2001-12-18,885
2001-12-19,895
2001-12-20,916
2001-12-21,912
2001-12-24,929
2001-12-25,929
2001-12-26,924
2001-12-27,910
2001-12-28,897
2001-12-31,889
2002-01-01,889
2002-01-02,870
2002-01-03,843
2002-01-04,841
2002-01-07,853
2002-01-08,866
2002-01-09,873
2002-01-10,897
2002-01-11,901
2002-01-14,905
2002-01-15,904
2002-01-16,907
2002-01-17,891
2002-01-18,884
2002-01-21,884
2002-01-22,878
2002-01-23,863
2002-01-24,864
2002-01-25,865
2002-01-28,866
2002-01-29,890
2002-01-30,897
2002-01-31,799
2002-02-01,805
2002-02-04,813
2002-02-05,803
2002-02-06,802
2002-02-07,808
2002-02-08,806
2002-02-11,800
2002-02-12,784
2002-02-13,767
2002-02-14,763
2002-02-15,771
2002-02-18,771
2002-02-19,765
2002-02-20,761
2002-02-21,768
2002-02-22,768
2002-02-25,762
2002-02-26,759
2002-02-27,757
2002-02-28,738
2002-03-01,725
2002-03-04,720
2002-03-05,720
2002-03-06,724
2002-03-07,716
2002-03-08,706
2002-03-11,700
2002-03-12,698
2002-03-13,700
2002-03-14,681
2002-03-15,684
2002-03-18,689
2002-03-19,687
2002-03-20,685
2002-03-21,697
2002-03-22,704
2002-03-25,707
2002-03-26,708
2002-03-27,706
2002-03-28,689
2002-03-29,689
2002-04-01,688
2002-04-02,687
2002-04-03,692
2002-04-04,691
2002-04-05,697
2002-04-08,701
2002-04-09,699
2002-04-10,694
2002-04-11,689
2002-04-12,671
2002-04-15,696
2002-04-16,691
2002-04-17,685
2002-04-18,689
2002-04-19,689
2002-04-22,697
2002-04-23,704
2002-04-24,717
2002-04-25,722
2002-04-26,726
2002-04-29,727
2002-04-30,736
2002-05-01,743
2002-05-02,751
2002-05-03,755
2002-05-06,762
2002-05-07,760
2002-05-08,753
2002-05-09,774
2002-05-10,781
2002-05-13,785
2002-05-14,773
2002-05-15,764
2002-05-16,761
2002-05-17,765
2002-05-20,769
2002-05-21,777
2002-05-22,793
2002-05-23,799
2002-05-24,802
2002-05-27,802
2002-05-28,801
2002-05-29,803
2002-05-30,811
2002-05-31,806
2002-06-03,812
2002-06-04,837
2002-06-05,857
2002-06-06,895
2002-06-07,886
2002-06-10,874
2002-06-11,902
2002-06-12,936
2002-06-13,910
2002-06-14,943
2002-06-17,917
2002-06-18,928
2002-06-19,966
2002-06-20,1017
2002-06-21,1098
2002-06-24,1057
2002-06-25,1052
2002-06-26,1099
2002-06-27,1064
2002-06-28,1034
2002-07-01,1045
2002-07-02,1082
2002-07-03,1099
2002-07-04,1099
2002-07-05,1088
2002-07-08,1089
2002-07-09,1074
2002-07-10,1070
2002-07-11,1059
2002-07-12,1034
2002-07-15,1048
2002-07-16,1040
2002-07-17,1055
2002-07-18,1038
2002-07-19,1046
2002-07-22,1067
2002-07-23,1122
2002-07-24,1130
2002-07-25,1176
2002-07-26,1205
2002-07-29,1273
2002-07-30,1318
2002-07-31,1307
2002-08-01,1248
2002-08-02,1241
2002-08-05,1274
2002-08-06,1262
2002-08-07,1207
2002-08-08,1143
2002-08-09,1222
2002-08-12,1285
2002-08-13,1304
2002-08-14,1290
2002-08-15,1271
2002-08-16,1233
2002-08-19,1202
2002-08-20,1208
2002-08-21,1169
2002-08-22,1175
2002-08-23,1146
2002-08-26,1133
2002-08-27,1114
2002-08-28,1114
2002-08-29,1117
2002-08-30,1099
2002-10-01,1273
2002-10-02,1243
2002-10-03,1226
2002-10-04,1212
2002-10-07,1232
2002-10-08,1237
2002-10-09,1286
2002-10-10,1291
2002-10-11,1267
2002-10-14,1267
2002-10-15,1253
2002-10-16,1247
2002-10-17,1209
2002-10-18,1178
2002-10-21,1169
2002-10-22,1163
2002-10-23,1144
2002-10-24,1129
2002-10-25,1123
2002-10-28,1131
2002-10-29,1172
2002-10-30,1137
2002-10-31,1113
2002-11-01,1095
2002-11-04,1093
2002-11-05,1100
2002-11-06,1126
2002-11-07,1112
2002-11-08,1107
2002-11-11,1107
2002-11-12,1122
2002-11-13,1136
2002-11-14,1105
2002-11-15,1084
2002-11-18,1062
2002-11-19,1046
2002-11-20,1030
2002-11-21,1014
2002-11-22,1014
2002-11-25,1027
2002-11-26,1051
2002-11-27,1035
2002-11-28,1035
2002-11-29,1019
2002-12-02,997
2002-12-03,1007
2002-12-04,1029
2002-12-05,1058
2002-12-06,1045
2002-12-09,1035
2002-12-10,1037
2002-12-11,1026
2002-12-12,1017
2002-12-13,1008
2002-12-16,985
2002-12-17,992
2002-12-18,975
2002-12-19,976
2002-12-20,972
2002-12-23,968
2002-12-24,977
2002-12-25,977
2002-12-26,978
2002-12-27,984
2002-12-30,995
2002-12-31,981
2003-01-01,981
2003-01-02,950
2003-01-03,941
2003-01-06,915
2003-01-07,915
2003-01-08,916
2003-01-09,911
2003-01-10,899
2003-01-13,896
2003-01-14,906
2003-01-15,923
2003-01-16,921
2003-01-17,937
2003-01-20,937
2003-01-21,962
2003-01-22,980
2003-01-23,975
2003-01-24,997
2003-01-27,990
2003-01-28,976
2003-01-29,961
2003-01-30,960
2003-01-31,954
2003-02-03,945
2003-02-04,961
2003-02-05,951
2003-02-06,958
2003-02-07,959
2003-02-10,954
2003-02-11,948
2003-02-12,963
2003-02-13,978
2003-02-14,968
2003-02-17,968
2003-02-18,954
2003-02-19,956
2003-02-20,953
2003-02-21,942
2003-02-24,937
2003-02-25,940
2003-02-26,938
2003-02-27,931
2003-02-28,891
2003-03-03,888
2003-03-04,895
2003-03-05,887
2003-03-06,863
2003-03-07,866
2003-03-10,876
2003-03-11,871
2003-03-12,865
2003-03-13,842
2003-03-14,844
2003-03-17,832
2003-03-18,819
2003-03-19,834
2003-03-20,830
2003-03-21,811
2003-03-24,828
2003-03-25,815
2003-03-26,811
2003-03-27,823
2003-03-28,816
2003-03-31,810
2003-04-01,792
2003-04-02,764
2003-04-03,745
2003-04-04,747
2003-04-07,732
2003-04-08,751
2003-04-09,760
2003-04-10,767
2003-04-11,753
2003-04-14,732
2003-04-15,728
2003-04-16,733
2003-04-17,725
2003-04-18,725
2003-04-21,718
2003-04-22,714
2003-04-23,706
2003-04-24,715
2003-04-25,716
2003-04-28,708
2003-04-29,697
2003-04-30,674
2003-05-01,669
2003-05-02,648
2003-05-05,651
2003-05-06,668
2003-05-07,657
2003-05-08,650
2003-05-09,640
2003-05-12,629
2003-05-13,619
2003-05-14,641
2003-05-15,665
2003-05-16,676
2003-05-19,685
2003-05-20,706
2003-05-21,686
2003-05-22,674
2003-05-23,669
2003-05-26,669
2003-05-27,666
2003-05-28,671
2003-05-29,666
2003-05-30,672
2003-06-02,667
2003-06-03,668
2003-06-04,657
2003-06-05,644
2003-06-06,635
2003-06-09,636
2003-06-10,644
2003-06-11,647
2003-06-12,640
2003-06-13,632
2003-06-16,615
2003-06-17,607
2003-06-18,623
2003-06-19,635
2003-06-20,648
2003-06-23,651
2003-06-24,648
2003-06-25,645
2003-06-26,658
2003-06-27,667
2003-06-30,662
2003-07-01,658
2003-07-02,661
2003-07-03,669
2003-07-04,669
2003-07-07,693
2003-07-08,687
2003-07-09,679
2003-07-10,679
2003-07-11,685
2003-07-14,669
2003-07-15,668
2003-07-16,664
2003-07-17,651
2003-07-18,641
2003-07-21,625
2003-07-22,619
2003-07-23,628
2003-07-24,630
2003-07-25,627
2003-07-28,625
2003-07-29,639
2003-07-30,651
2003-07-31,659
2003-08-01,690
2003-08-04,712
2003-08-05,692
2003-08-06,714
2003-08-07,691
2003-08-08,668
2003-08-11,661
2003-08-12,661
2003-08-13,658
2003-08-14,654
2003-08-15,654
2003-08-18,649
2003-08-19,637
2003-08-20,631
2003-08-21,623
2003-08-22,619
2003-08-25,617
2003-08-26,612
2003-08-27,603
2003-08-28,615
2003-08-29,624
2003-10-01,634
2003-10-02,627
2003-10-03,612
2003-10-06,610
2003-10-07,602
2003-10-08,593
2003-10-09,588
2003-10-10,588
2003-10-13,588
2003-10-14,574
2003-10-15,571
2003-10-16,572
2003-10-17,588
2003-10-20,590
2003-10-21,589
2003-10-22,604
2003-10-23,607
2003-10-24,612
2003-10-27,612
2003-10-28,610
2003-10-29,598
2003-10-30,594
2003-10-31,589
2003-11-03,580
2003-11-04,578
2003-11-05,578
2003-11-06,573
2003-11-07,570
2003-11-10,568
2003-11-11,568
2003-11-12,566
2003-11-13,575
2003-11-14,582
2003-11-17,586
2003-11-18,583
2003-11-19,582
2003-11-20,582
2003-11-21,579
2003-11-24,571
2003-11-25,574
2003-11-26,573
2003-11-27,563
2003-11-28,563
2003-12-01,548
2003-12-02,551
2003-12-03,546
2003-12-04,538
2003-12-05,549
2003-12-08,534
2003-12-09,525
2003-12-10,535
2003-12-11,546
2003-12-12,547
2003-12-15,541
2003-12-16,538
2003-12-17,536
2003-12-18,530
2003-12-19,530
2003-12-22,527
2003-12-23,528
2003-12-24,526
2003-12-25,526
2003-12-26,533
2003-12-29,528
2003-12-30,523
2003-12-31,518
2004-01-01,518
2004-01-02,505
2004-01-05,488
2004-01-06,487
2004-01-07,479
2004-01-08,472
2004-01-09,475
2004-01-12,474
2004-01-13,488
2004-01-14,498
2004-01-15,493
2004-01-16,500
2004-01-19,500
2004-01-20,500
2004-01-21,495
2004-01-22,500
2004-01-23,497
2004-01-26,497
2004-01-27,495
2004-01-28,503
2004-01-29,528
2004-01-30,531
2004-02-02,548
2004-02-03,539
2004-02-04,544
2004-02-05,555
2004-02-06,553
2004-02-09,542
2004-02-10,545
2004-02-11,536
2004-02-12,531
2004-02-13,536
2004-02-16,536
2004-02-17,543
2004-02-18,551
2004-02-19,564
2004-02-20,564
2004-02-23,561
2004-02-24,557
2004-02-25,567
2004-02-26,559
2004-02-27,554
2004-03-01,545
2004-03-02,547
2004-03-03,538
2004-03-04,537
2004-03-05,539
2004-03-08,530
2004-03-09,532
2004-03-10,539
2004-03-11,544
2004-03-12,544
2004-03-15,540
2004-03-16,545
2004-03-17,540
2004-03-18,535
2004-03-19,524
2004-03-22,535
2004-03-23,533
2004-03-24,541
2004-03-25,537
2004-03-26,532
2004-03-29,536
2004-03-30,526
2004-03-31,531
2004-04-01,521
2004-04-02,523
2004-04-05,522
2004-04-06,510
2004-04-07,514
2004-04-08,514
2004-04-09,514
2004-04-12,511
2004-04-13,507
2004-04-14,518
2004-04-15,543
2004-04-16,537
2004-04-19,538
2004-04-20,544
2004-04-21,557
2004-04-22,549
2004-04-23,540
2004-04-26,541
2004-04-27,559
2004-04-28,586
2004-04-29,595
2004-04-30,588
2004-05-03,613
2004-05-04,603
2004-05-05,602
2004-05-06,637
2004-05-07,652
2004-05-10,686
2004-05-11,654
2004-05-12,659
2004-05-13,647
2004-05-14,613
2004-05-17,617
2004-05-18,610
2004-05-19,608
2004-05-20,639
2004-05-21,633
2004-05-24,626
2004-05-25,612
2004-05-26,622
2004-05-27,619
2004-05-28,614
2004-05-31,616
2004-06-01,616
2004-06-02,605
2004-06-03,614
2004-06-04,598
2004-06-07,582
2004-06-08,588
2004-06-09,594
2004-06-10,603
2004-06-11,603
2004-06-14,615
2004-06-15,610
2004-06-16,602
2004-06-17,596
2004-06-18,598
2004-06-21,593
2004-06-22,594
2004-06-23,589
2004-06-24,589
2004-06-25,598
2004-06-28,599
2004-06-29,598
2004-06-30,600
2004-07-01,599
2004-07-02,587
2004-07-05,587
2004-07-06,584
2004-07-07,589
2004-07-08,596
2004-07-09,590
2004-07-12,586
2004-07-13,581
2004-07-14,575
2004-07-15,571
2004-07-16,560
2004-07-19,560
2004-07-20,559
2004-07-21,569
2004-07-22,569
2004-07-23,568
2004-07-26,576
2004-07-27,575
2004-07-28,568
2004-07-29,558
2004-07-30,556
2004-08-02,560
2004-08-03,557
2004-08-04,556
2004-08-05,559
2004-08-06,557
2004-08-09,552
2004-08-10,549
2004-08-11,552
2004-08-12,549
2004-08-13,542
2004-08-16,542
2004-08-17,538
2004-08-18,535
2004-08-19,535
2004-08-20,522
2004-08-23,519
2004-08-24,514
2004-08-25,517
2004-08-26,524
2004-08-27,519
2004-08-30,513
2004-08-31,518
2004-10-01,487
2004-10-04,475
2004-10-05,472
2004-10-06,474
2004-10-07,476
2004-10-08,469
2004-10-11,469
2004-10-12,466
2004-10-13,475
2004-10-14,492
2004-10-15,483
2004-10-18,484
2004-10-19,494
2004-10-20,499
2004-10-21,495
2004-10-22,496
2004-10-25,508
2004-10-26,504
2004-10-27,490
2004-10-28,489
2004-10-29,481
2004-11-01,473
2004-11-02,468
2004-11-03,468
2004-11-04,461
2004-11-05,460
2004-11-08,461
2004-11-09,463
2004-11-10,458
2004-11-11,458
2004-11-12,452
2004-11-15,449
2004-11-16,450
2004-11-17,447
2004-11-18,447
2004-11-19,448
2004-11-22,449
2004-11-23,445
2004-11-24,439
2004-11-25,439
2004-11-26,436
2004-11-29,440
2004-11-30,433
2004-12-01,429
2004-12-02,432
2004-12-03,436
2004-12-06,435
2004-12-07,433
2004-12-08,440
2004-12-09,440
2004-12-10,438
2004-12-13,436
2004-12-14,435
2004-12-15,428
2004-12-16,423
2004-12-17,417
2004-12-20,413
2004-12-21,414
2004-12-22,412
2004-12-23,412
2004-12-24,412
2004-12-27,403
2004-12-28,408
2004-12-29,407
2004-12-30,409
2004-12-31,415
2005-01-03,417
2005-01-04,423
2005-01-05,435
2005-01-06,439
2005-01-07,436
2005-01-10,445
2005-01-11,445
2005-01-12,436
2005-01-13,439
2005-01-14,445
2005-01-17,445
2005-01-18,452
2005-01-19,452
2005-01-20,450
2005-01-21,445
2005-01-24,443
2005-01-25,436
2005-01-26,433
2005-01-27,434
2005-01-28,439
2005-01-31,434
2005-02-01,438
2005-02-02,440
2005-02-03,437
2005-02-04,431
2005-02-07,427
2005-02-08,429
2005-02-09,432
2005-02-10,429
2005-02-11,425
2005-02-14,425
2005-02-15,426
2005-02-16,423
2005-02-17,417
2005-02-18,416
2005-02-21,416
2005-02-22,420
2005-02-23,420
2005-02-24,415
2005-02-25,415
2005-02-28,413
2005-03-01,414
2005-03-02,411
2005-03-03,409
2005-03-04,405
2005-03-07,400
2005-03-08,398
2005-03-09,402
2005-03-10,406
2005-03-11,408
2005-03-14,420
2005-03-15,429
2005-03-16,439
2005-03-17,435
2005-03-18,435
2005-03-21,442
2005-03-22,448
2005-03-23,462
2005-03-24,472
2005-03-25,472
2005-03-28,475
2005-03-29,471
2005-03-30,463
2005-03-31,459
2005-04-01,459
2005-04-04,470
2005-04-05,465
2005-04-06,456
2005-04-07,455
2005-04-08,452
2005-04-11,454
2005-04-12,451
2005-04-13,448
2005-04-14,464
2005-04-15,486
2005-04-18,484
2005-04-19,474
2005-04-20,476
2005-04-21,461
2005-04-22,466
2005-04-25,466
2005-04-26,464
2005-04-27,467
2005-04-28,479
2005-04-29,473
2005-05-02,473
2005-05-03,465
2005-05-04,456
2005-05-05,458
2005-05-06,451
2005-05-09,449
2005-05-10,461
2005-05-11,465
2005-05-12,465
2005-05-13,471
2005-05-16,472
2005-05-17,479
2005-05-18,473
2005-05-19,467
2005-05-20,463
2005-05-23,462
2005-05-24,466
2005-05-25,455
2005-05-26,451
2005-05-27,450
2005-05-30,450
2005-05-31,448
2005-06-01,454
2005-06-02,448
2005-06-03,446
2005-06-06,455
2005-06-07,461
2005-06-08,461
2005-06-09,462
2005-06-10,450
2005-06-13,362
2005-06-14,358
2005-06-15,358
2005-06-16,356
2005-06-17,353
2005-06-20,351
2005-06-21,353
2005-06-22,358
2005-06-23,362
2005-06-24,364
2005-06-27,366
2005-06-28,359
2005-06-29,355
2005-06-30,337
2005-07-01,330
2005-07-04,330
2005-07-05,330
2005-07-06,334
2005-07-07,334
2005-07-08,326
2005-07-11,327
2005-07-12,319
2005-07-13,318
2005-07-14,317
2005-07-15,318
2005-07-18,317
2005-07-19,321
2005-07-20,321
2005-07-21,317
2005-07-22,324
2005-07-25,327
2005-07-26,328
2005-07-27,323
2005-07-28,320
2005-07-29,316
2005-08-01,313
2005-08-02,308
2005-08-03,307
2005-08-04,305
2005-08-05,301
2005-08-08,305
2005-08-09,302
2005-08-10,299
2005-08-11,308
2005-08-12,315
2005-08-15,309
2005-08-16,312
2005-08-17,310
2005-08-18,314
2005-08-19,321
2005-08-22,316
2005-08-23,319
2005-08-24,323
2005-08-25,321
2005-08-26,319
2005-08-29,318
2005-08-30,322
2005-08-31,320
2005-10-03,263
2005-10-04,272
2005-10-05,279
2005-10-06,296
2005-10-07,287
2005-10-10,287
2005-10-11,289
2005-10-12,300
2005-10-13,304
2005-10-14,305
2005-10-17,297
2005-10-18,293
2005-10-19,294
2005-10-20,295
2005-10-21,301
2005-10-24,294
2005-10-25,284
2005-10-26,281
2005-10-27,286
2005-10-28,281
2005-10-31,274
2005-11-01,272
2005-11-02,270
2005-11-03,271
2005-11-04,273
2005-11-07,271
2005-11-08,274
2005-11-09,268
2005-11-10,272
2005-11-11,272
2005-11-14,271
2005-11-15,271
2005-11-16,271
2005-11-17,269
2005-11-18,268
2005-11-21,267
2005-11-22,267
2005-11-23,262
2005-11-24,262
2005-11-25,263
2005-11-28,268
2005-11-29,267
2005-11-30,274
2005-12-01,269
2005-12-02,267
2005-12-05,267
2005-12-06,266
2005-12-07,267
2005-12-08,273
2005-12-09,268
2005-12-12,268
2005-12-13,266
2005-12-14,268
2005-12-15,269
2005-12-16,272
2005-12-19,272
2005-12-20,271
2005-12-21,266
2005-12-22,266
2005-12-23,270
2005-12-26,270
2005-12-27,268
2005-12-28,270
2005-12-29,268
2005-12-30,272
2006-01-02,272
2006-01-03,265
2006-01-04,260
2006-01-05,261
2006-01-06,254
2006-01-09,254
2006-01-10,253
2006-01-11,249
2006-01-12,255
2006-01-13,257
2006-01-16,257
2006-01-17,258
2006-01-18,255
2006-01-19,247
2006-01-20,246
2006-01-23,245
2006-01-24,241
2006-01-25,237
2006-01-26,233
2006-01-27,230
2006-01-30,230
2006-01-31,233
2006-02-01,230
2006-02-02,230
2006-02-03,230
2006-02-06,227
2006-02-07,229
2006-02-08,227
2006-02-09,226
2006-02-10,212
2006-02-13,213
2006-02-14,211
2006-02-15,214
2006-02-16,213
2006-02-17,215
2006-02-20,215
2006-02-21,214
2006-02-22,215
2006-02-23,207
2006-02-24,205
2006-02-27,198
2006-02-28,204
2006-03-01,201
2006-03-02,200
2006-03-03,200
2006-03-06,205
2006-03-07,215
2006-03-08,219
2006-03-09,218
2006-03-10,211
2006-03-13,211
2006-03-14,214
2006-03-15,209
2006-03-16,210
2006-03-17,210
2006-03-20,213
2006-03-21,215
2006-03-22,215
2006-03-23,215
2006-03-24,219
2006-03-27,219
2006-03-28,216
2006-03-29,213
2006-03-30,211
2006-03-31,208
2006-04-03,209
2006-04-04,209
2006-04-05,214
2006-04-06,214
2006-04-07,216
2006-04-10,216
2006-04-11,218
2006-04-12,214
2006-04-13,212
2006-04-14,212
2006-04-17,214
2006-04-18,208
2006-04-19,201
2006-04-20,200
2006-04-21,201
2006-04-24,203
2006-04-25,199
2006-04-26,197
2006-04-27,195
2006-04-28,194
2006-05-01,189
2006-05-02,190
2006-05-03,190
2006-05-04,190
2006-05-05,192
2006-05-08,192
2006-05-09,193
2006-05-10,190
2006-05-11,193
2006-05-12,201
2006-05-15,214
2006-05-16,209
2006-05-17,218
2006-05-18,221
2006-05-19,225
2006-05-22,237
2006-05-23,232
2006-05-24,243
2006-05-25,229
2006-05-26,228
2006-05-29,228
2006-05-30,233
2006-05-31,230
2006-06-01,224
2006-06-02,233
2006-06-05,227
2006-06-06,232
2006-06-07,229
2006-06-08,236
2006-06-09,233
2006-06-12,236
2006-06-13,245
2006-06-14,238
2006-06-15,229
2006-06-16,231
2006-06-19,230
2006-06-20,230
2006-06-21,233
2006-06-22,235
2006-06-23,236
2006-06-26,239
2006-06-27,246
2006-06-28,238
2006-06-29,235
2006-06-30,231
2006-07-03,224
2006-07-04,224
2006-07-05,224
2006-07-06,219
2006-07-07,220
2006-07-10,217
2006-07-11,217
2006-07-12,219
2006-07-13,226
2006-07-14,226
2006-07-17,225
2006-07-18,217
2006-07-19,214
2006-07-20,213
2006-07-21,211
2006-07-24,207
2006-07-25,207
2006-07-26,204
2006-07-27,202
2006-07-28,205
2006-07-31,206
2006-08-01,207
2006-08-02,205
2006-08-03,205
2006-08-04,204
2006-08-07,201
2006-08-08,199
2006-08-09,193
2006-08-10,196
2006-08-11,191
2006-08-14,189
2006-08-15,195
2006-08-16,194
2006-08-17,194
2006-08-18,197
2006-08-21,198
2006-08-22,199
2006-08-23,203
2006-08-24,206
2006-08-25,208
2006-08-28,205
2006-08-29,207
2006-08-30,204
2006-08-31,205
2006-10-02,217
2006-10-03,221
2006-10-04,220
2006-10-05,214
2006-10-06,209
2006-10-09,209
2006-10-10,204
2006-10-11,204
2006-10-12,201
2006-10-13,198
2006-10-16,195
2006-10-17,197
2006-10-18,195
2006-10-19,193
2006-10-20,195
2006-10-23,194
2006-10-24,194
2006-10-25,193
2006-10-26,194
2006-10-27,197
2006-10-30,199
2006-10-31,204
2006-11-01,205
2006-11-02,202
2006-11-03,195
2006-11-06,194
2006-11-07,197
2006-11-08,198
2006-11-09,199
2006-11-10,202
2006-11-13,200
2006-11-14,200
2006-11-15,197
2006-11-16,196
2006-11-17,201
2006-11-20,202
2006-11-21,202
2006-11-22,204
2006-11-23,204
2006-11-24,206
2006-11-27,212
2006-11-28,213
2006-11-29,209
2006-11-30,211
2006-12-01,216
2006-12-04,211
2006-12-05,206
2006-12-06,202
2006-12-07,202
2006-12-08,195
2006-12-11,195
2006-12-12,197
2006-12-13,190
2006-12-14,188
2006-12-15,187
2006-12-18,188
2006-12-19,185
2006-12-20,184
2006-12-21,184
2006-12-22,184
2006-12-25,184
2006-12-26,187
2006-12-27,183
2006-12-28,179
2006-12-29,180
2007-01-01,180
2007-01-02,182
2007-01-03,181
2007-01-04,186
2007-01-05,188
2007-01-08,187
2007-01-09,191
2007-01-10,190
2007-01-11,186
2007-01-12,182
2007-01-15,182
2007-01-16,182
2007-01-17,176
2007-01-18,182
2007-01-19,180
2007-01-22,182
2007-01-23,179
2007-01-24,179
2007-01-25,178
2007-01-26,180
2007-01-29,182
2007-01-30,181
2007-01-31,183
2007-02-01,177
2007-02-02,177
2007-02-05,177
2007-02-06,178
2007-02-07,183
2007-02-08,183
2007-02-09,181
2007-02-12,179
2007-02-13,175
2007-02-14,177
2007-02-15,178
2007-02-16,179
2007-02-19,179
2007-02-20,179
2007-02-21,177
2007-02-22,173
2007-02-23,177
2007-02-26,181
2007-02-27,202
2007-02-28,193
2007-03-01,194
2007-03-02,199
2007-03-05,200
2007-03-06,196
2007-03-07,197
2007-03-08,195
2007-03-09,187
2007-03-12,188
2007-03-13,194
2007-03-14,191
2007-03-15,190
2007-03-16,188
2007-03-19,185
2007-03-20,186
2007-03-21,184
2007-03-22,178
2007-03-23,177
2007-03-26,178
2007-03-27,177
2007-03-28,176
2007-03-29,175
2007-03-30,173
2007-04-02,173
2007-04-03,171
2007-04-04,171
2007-04-05,171
2007-04-06,164
2007-04-09,164
2007-04-10,165
2007-04-11,164
2007-04-12,166
2007-04-13,167
2007-04-16,166
2007-04-17,169
2007-04-18,169
2007-04-19,166
2007-04-20,164
2007-04-23,166
2007-04-24,167
2007-04-25,165
2007-04-26,164
2007-04-27,164
2007-04-30,169
2007-05-01,167
2007-05-02,168
2007-05-03,168
2007-05-04,174
2007-05-07,173
2007-05-08,171
2007-05-09,168
2007-05-10,171
2007-05-11,170
2007-05-14,170
2007-05-15,168
2007-05-16,165
2007-05-17,162
2007-05-18,158
2007-05-21,160
2007-05-22,157
2007-05-23,157
2007-05-24,161
2007-05-25,159
2007-05-28,159
2007-05-29,162
2007-05-30,164
2007-05-31,161
2007-06-01,157
2007-06-04,162
2007-06-05,162
2007-06-06,166
2007-06-07,166
2007-06-08,168
2007-06-11,168
2007-06-12,165
2007-06-13,170
2007-06-14,167
2007-06-15,161
2007-06-18,159
2007-06-19,161
2007-06-20,162
2007-06-21,164
2007-06-22,168
2007-06-25,176
2007-06-26,178
2007-06-27,182
2007-06-28,176
2007-06-29,196
2007-07-02,193
2007-07-03,193
2007-07-04,193
2007-07-05,187
2007-07-06,180
2007-07-09,180
2007-07-10,193
2007-07-11,188
2007-07-12,183
2007-07-13,187
2007-07-16,190
2007-07-17,187
2007-07-18,194
2007-07-19,191
2007-07-20,199
2007-07-23,203
2007-07-24,212
2007-07-25,218
2007-07-26,253
2007-07-27,246
2007-07-30,240
2007-07-31,240
2007-08-01,241
2007-08-02,238
2007-08-03,241
2007-08-06,239
2007-08-07,234
2007-08-08,216
2007-08-09,226
2007-08-10,231
2007-08-13,229
2007-08-14,240
2007-08-15,249
2007-08-16,280
2007-08-17,263
2007-08-20,271
2007-08-21,272
2007-08-22,261
2007-08-23,259
2007-08-24,254
2007-08-27,251
2007-08-28,260
2007-08-29,255
2007-08-30,260
2007-08-31,250
2007-10-01,225
2007-10-02,227
2007-10-03,226
2007-10-04,227
2007-10-05,221
2007-10-08,221
2007-10-09,213
2007-10-10,212
2007-10-11,208
2007-10-12,205
2007-10-15,206
2007-10-16,207
2007-10-17,216
2007-10-18,217
2007-10-19,228
2007-10-22,230
2007-10-23,228
2007-10-24,234
2007-10-25,230
2007-10-26,223
2007-10-29,220
2007-10-30,218
2007-10-31,210
2007-11-01,223
2007-11-02,231
2007-11-05,233
2007-11-06,230
2007-11-07,239
2007-11-08,248
2007-11-09,251
2007-11-12,251
2007-11-13,252
2007-11-14,248
2007-11-15,256
2007-11-16,265
2007-11-19,276
2007-11-20,278
2007-11-21,289
2007-11-22,289
2007-11-23,288
2007-11-26,309
2007-11-27,300
2007-11-28,285
2007-11-29,291
2007-11-30,279
2007-12-03,285
2007-12-04,288
2007-12-05,285
2007-12-06,275
2007-12-07,268
2007-12-10,259
2007-12-11,271
2007-12-12,269
2007-12-13,261
2007-12-14,258
2007-12-17,266
2007-12-18,271
2007-12-19,277
2007-12-20,281
2007-12-21,268
2007-12-24,261
2007-12-25,261
2007-12-26,258
2007-12-27,259
2007-12-28,267
2007-12-31,275
2008-01-01,275
2008-01-02,284
2008-01-03,282
2008-01-04,288
2008-01-07,285
2008-01-08,280
2008-01-09,290
2008-01-10,290
2008-01-11,282
2008-01-14,285
2008-01-15,292
2008-01-16,291
2008-01-17,302
2008-01-18,304
2008-01-21,304
2008-01-22,322
2008-01-23,328
2008-01-24,305
2008-01-25,312
2008-01-28,311
2008-01-29,306
2008-01-30,298
2008-01-31,309
2008-02-01,312
2008-02-04,306
2008-02-05,316
2008-02-06,316
2008-02-07,307
2008-02-08,325
2008-02-11,326
2008-02-12,317
2008-02-13,313
2008-02-14,308
2008-02-15,316
2008-02-18,316
2008-02-19,313
2008-02-20,306
2008-02-21,313
2008-02-22,306
2008-02-25,296
2008-02-26,295
2008-02-27,297
2008-02-28,310
2008-02-29,323
2008-03-03,327
2008-03-04,318
2008-03-05,311
2008-03-06,317
2008-03-07,330
2008-03-10,339
2008-03-11,321
2008-03-12,330
2008-03-13,330
2008-03-14,345
2008-03-17,362
2008-03-18,340
2008-03-19,348
2008-03-20,348
2008-03-21,348
2008-03-24,332
2008-03-25,334
2008-03-26,337
2008-03-27,334
2008-03-28,340
2008-03-31,347
2008-04-01,335
2008-04-02,330
2008-04-03,326
2008-04-04,330
2008-04-07,321
2008-04-08,319
2008-04-09,327
2008-04-10,320
2008-04-11,323
2008-04-14,320
2008-04-15,313
2008-04-16,299
2008-04-17,301
2008-04-18,301
2008-04-21,307
2008-04-22,309
2008-04-23,308
2008-04-24,303
2008-04-25,302
2008-04-28,305
2008-04-29,303
2008-04-30,301
2008-05-01,295
2008-05-02,287
2008-05-05,286
2008-05-06,282
2008-05-07,288
2008-05-08,296
2008-05-09,301
2008-05-12,302
2008-05-13,294
2008-05-14,292
2008-05-15,297
2008-05-16,292
2008-05-19,291
2008-05-20,296
2008-05-21,293
2008-05-22,286
2008-05-23,293
2008-05-26,293
2008-05-27,288
2008-05-28,287
2008-05-29,277
2008-05-30,275
2008-06-02,277
2008-06-03,282
2008-06-04,277
2008-06-05,273
2008-06-06,282
2008-06-09,284
2008-06-10,272
2008-06-11,275
2008-06-12,271
2008-06-13,268
2008-06-16,272
2008-06-17,272
2008-06-18,276
2008-06-19,274
2008-06-20,283
2008-06-23,283
2008-06-24,291
2008-06-25,294
2008-06-26,309
2008-06-27,317
2008-06-30,313
2008-07-01,317
2008-07-02,321
2008-07-03,319
2008-07-04,319
2008-07-07,323
2008-07-08,329
2008-07-09,332
2008-07-10,336
2008-07-11,328
2008-07-14,335
2008-07-15,339
2008-07-16,330
2008-07-17,319
2008-07-18,315
2008-07-21,315
2008-07-22,314
2008-07-23,309
2008-07-24,320
2008-07-25,312
2008-07-28,319
2008-07-29,316
2008-07-30,316
2008-07-31,332
2008-08-01,336
2008-08-04,336
2008-08-05,332
2008-08-06,328
2008-08-07,339
2008-08-08,344
2008-08-11,338
2008-08-12,345
2008-08-13,343
2008-08-14,346
2008-08-15,347
2008-08-18,351
2008-08-19,348
2008-08-20,353
2008-08-21,350
2008-08-22,348
2008-08-25,354
2008-08-26,354
2008-08-27,354
2008-08-28,349
2008-08-29,344
2008-10-01,480
2008-10-02,501
2008-10-03,498
2008-10-06,573
2008-10-07,578
2008-10-08,622
2008-10-09,635
2008-10-10,700
2008-10-13,700
2008-10-14,615
2008-10-15,651
2008-10-16,687
2008-10-17,689
2008-10-20,703
2008-10-21,762
2008-10-22,884
2008-10-23,914
2008-10-24,901
2008-10-27,869
2008-10-28,818
2008-10-29,774
2008-10-30,744
2008-10-31,709
2008-11-03,692
2008-11-04,666
2008-11-05,694
2008-11-06,708
2008-11-07,701
2008-11-10,690
2008-11-11,690
2008-11-12,724
2008-11-13,740
2008-11-14,740
2008-11-17,734
2008-11-18,745
2008-11-19,771
2008-11-20,812
2008-11-21,816
2008-11-24,775
2008-11-25,760
2008-11-26,761
2008-11-27,761
2008-11-28,765
2008-12-01,802
2008-12-02,805
2008-12-03,800
2008-12-04,813
2008-12-05,804
2008-12-08,780
2008-12-09,781
2008-12-10,778
2008-12-11,777
2008-12-12,791
2008-12-15,803
2008-12-16,805
2008-12-17,771
2008-12-18,768
2008-12-19,760
2008-12-22,757
2008-12-23,749
2008-12-24,748
2008-12-25,748
2008-12-26,749
2008-12-29,754
2008-12-30,747
2008-12-31,746
2009-01-01,746
2009-01-02,723
2009-01-05,701
2009-01-06,682
2009-01-07,691
2009-01-08,709
2009-01-09,706
2009-01-12,721
2009-01-13,724
2009-01-14,736
2009-01-15,743
2009-01-16,733
2009-01-19,733
2009-01-20,747
2009-01-21,736
2009-01-22,728
2009-01-23,724
2009-01-26,718
2009-01-27,725
2009-01-28,708
2009-01-29,706
2009-01-30,693
2009-02-02,709
2009-02-03,700
2009-02-04,706
2009-02-05,714
2009-02-06,697
2009-02-09,692
2009-02-10,715
2009-02-11,730
2009-02-12,741
2009-02-13,718
2009-02-16,718
2009-02-17,743
2009-02-18,727
2009-02-19,700
2009-02-20,707
2009-02-23,718
2009-02-24,712
2009-02-25,695
2009-02-26,692
2009-02-27,689
2009-03-02,710
2009-03-03,709
2009-03-04,698
2009-03-05,726
2009-03-06,728
2009-03-09,728
2009-03-10,714
2009-03-11,717
2009-03-12,709
2009-03-13,706
2009-03-16,695
2009-03-17,694
2009-03-18,710
2009-03-19,691
2009-03-20,694
2009-03-23,692
2009-03-24,695
2009-03-25,693
2009-03-26,687
2009-03-27,688
2009-03-30,700
2009-03-31,695
2009-04-01,695
2009-04-02,670
2009-04-03,638
2009-04-06,632
2009-04-07,639
2009-04-08,628
2009-04-09,618
2009-04-10,618
2009-04-13,615
2009-04-14,624
2009-04-15,624
2009-04-16,613
2009-04-17,610
2009-04-20,632
2009-04-21,626
2009-04-22,618
2009-04-23,620
2009-04-24,605
2009-04-27,617
2009-04-28,605
2009-04-29,593
2009-04-30,584
2009-05-01,580
2009-05-04,570
2009-05-05,554
2009-05-06,534
2009-05-07,524
2009-05-08,525
2009-05-11,543
2009-05-12,550
2009-05-13,567
2009-05-14,559
2009-05-15,558
2009-05-18,543
2009-05-19,535
2009-05-20,532
2009-05-21,531
2009-05-22,527
2009-05-25,527
2009-05-26,518
2009-05-27,499
2009-05-28,503
2009-05-29,514
2009-06-01,478
2009-06-02,485
2009-06-03,497
2009-06-04,484
2009-06-05,473
2009-06-08,469
2009-06-09,462
2009-06-10,461
2009-06-11,457
2009-06-12,461
2009-06-15,474
2009-06-16,483
2009-06-17,497
2009-06-18,489
2009-06-19,495
2009-06-22,513
2009-06-23,516
2009-06-24,504
2009-06-25,505
2009-06-26,500
2009-06-29,490
2009-06-30,464
2009-07-01,457
2009-07-02,469
2009-07-03,469
2009-07-06,471
2009-07-07,474
2009-07-08,493
2009-07-09,479
2009-07-10,491
2009-07-13,485
2009-07-14,472
2009-07-15,457
2009-07-16,455
2009-07-17,441
2009-07-20,444
2009-07-21,453
2009-07-22,444
2009-07-23,422
2009-07-24,427
2009-07-27,417
2009-07-28,420
2009-07-29,426
2009-07-30,424
2009-07-31,433
2009-08-03,407
2009-08-04,395
2009-08-05,384
2009-08-06,390
2009-08-07,375
2009-08-10,387
2009-08-11,402
2009-08-12,401
2009-08-13,410
2009-08-14,413
2009-08-17,419
2009-08-18,412
2009-08-19,419
2009-08-20,422
2009-08-21,406
2009-08-24,408
2009-08-25,416
2009-08-26,422
2009-08-27,420
2009-08-28,423
2009-08-31,428
2009-10-01,386
2009-10-02,385
2009-10-05,368
2009-10-06,362
2009-10-07,371
2009-10-08,355
2009-10-09,343
2009-10-12,343
2009-10-13,353
2009-10-14,345
2009-10-15,348
2009-10-16,355
2009-10-19,359
2009-10-20,363
2009-10-21,362
2009-10-22,363
2009-10-23,362
2009-10-26,363
2009-10-27,384
2009-10-28,393
2009-10-29,377
2009-10-30,376
2009-11-02,379
2009-11-03,379
2009-11-04,370
2009-11-05,372
2009-11-06,373
2009-11-09,363
2009-11-10,361
2009-11-11,361
2009-11-12,364
2009-11-13,366
2009-11-16,371
2009-11-17,370
2009-11-18,363
2009-11-19,366
2009-11-20,364
2009-11-23,360
2009-11-24,363
2009-11-25,363
2009-11-26,363
2009-11-27,375
2009-11-30,383
2009-12-01,373
2009-12-02,377
2009-12-03,376
2009-12-04,368
2009-12-07,367
2009-12-08,375
2009-12-09,375
2009-12-10,370
2009-12-11,363
2009-12-14,358
2009-12-15,355
2009-12-16,357
2009-12-17,373
2009-12-18,368
2009-12-21,356
2009-12-22,352
2009-12-23,353
2009-12-24,349
2009-12-25,349
2009-12-28,342
2009-12-29,345
2009-12-30,345
2009-12-31,356
2010-01-01,356
2010-01-04,346
2010-01-05,348
2010-01-06,340
2010-01-07,341
2010-01-08,341
2010-01-11,326
2010-01-12,336
2010-01-13,339
2010-01-14,348
2010-01-15,348
2010-01-18,348
2010-01-19,352
2010-01-20,360
2010-01-21,372
2010-01-22,375
2010-01-25,368
2010-01-26,372
2010-01-27,374
2010-01-28,378
2010-01-29,381
2010-02-01,376
2010-02-02,375
2010-02-03,373
2010-02-04,390
2010-02-05,399
2010-02-08,393
2010-02-09,387
2010-02-10,378
2010-02-11,368
2010-02-12,376
2010-02-15,376
2010-02-16,376
2010-02-17,369
2010-02-18,366
2010-02-19,366
2010-02-22,364
2010-02-23,379
2010-02-24,373
2010-02-25,370
2010-02-26,366
2010-03-01,354
2010-03-02,353
2010-03-03,357
2010-03-04,355
2010-03-05,342
2010-03-08,335
2010-03-09,331
2010-03-10,327
2010-03-11,326
2010-03-12,328
2010-03-15,328
2010-03-16,330
2010-03-17,328
2010-03-18,327
2010-03-19,326
2010-03-22,330
2010-03-23,328
2010-03-24,318
2010-03-25,314
2010-03-26,319
2010-03-29,318
2010-03-30,316
2010-03-31,317
2010-04-01,317
2010-04-02,315
2010-04-05,298
2010-04-06,302
2010-04-07,313
2010-04-08,311
2010-04-09,310
2010-04-12,313
2010-04-13,313
2010-04-14,302
2010-04-15,296
2010-04-16,308
2010-04-19,305
2010-04-20,301
2010-04-21,307
2010-04-22,308
2010-04-23,305
2010-04-26,304
2010-04-27,323
2010-04-28,317
2010-04-29,325
2010-04-30,329
2010-05-03,324
2010-05-04,345
2010-05-05,360
2010-05-06,397
2010-05-07,393
2010-05-10,364
2010-05-11,360
2010-05-12,350
2010-05-13,346
2010-05-14,365
2010-05-17,366
2010-05-18,385
2010-05-19,395
2010-05-20,417
2010-05-21,417
2010-05-24,413
2010-05-25,428
2010-05-26,417
2010-05-27,401
2010-05-28,407
2010-05-31,407
2010-06-01,405
2010-06-02,396
2010-06-03,389
2010-06-04,413
2010-06-07,416
2010-06-08,427
2010-06-09,420
2010-06-10,402
2010-06-11,409
2010-06-14,401
2010-06-15,393
2010-06-16,391
2010-06-17,392
2010-06-18,382
2010-06-21,380
2010-06-22,390
2010-06-23,396
2010-06-24,395
2010-06-25,397
2010-06-28,399
2010-06-29,409
2010-06-30,415
2010-07-01,421
2010-07-02,416
2010-07-05,416
2010-07-06,416
2010-07-07,407
2010-07-08,399
2010-07-09,392
2010-07-12,390
2010-07-13,382
2010-07-14,390
2010-07-15,395
2010-07-16,395
2010-07-19,389
2010-07-20,386
2010-07-21,391
2010-07-22,380
2010-07-23,373
2010-07-26,365
2010-07-27,360
2010-07-28,365
2010-07-29,362
2010-07-30,370
2010-08-02,356
2010-08-03,356
2010-08-04,347
2010-08-05,351
2010-08-06,357
2010-08-09,346
2010-08-10,351
2010-08-11,355
2010-08-12,356
2010-08-13,362
2010-08-16,372
2010-08-17,355
2010-08-18,348
2010-08-19,355
2010-08-20,358
2010-08-23,354
2010-08-24,371
2010-08-25,372
2010-08-26,382
2010-08-27,374
2010-08-30,388
2010-08-31,389
2010-10-01,360
2010-10-04,363
2010-10-05,361
2010-10-06,363
2010-10-07,361
2010-10-08,357
2010-10-11,357
2010-10-12,344
2010-10-13,336
2010-10-14,335
2010-10-15,335
2010-10-18,344
2010-10-19,353
2010-10-20,352
2010-10-21,350
2010-10-22,343
2010-10-25,336
2010-10-26,330
2010-10-27,323
2010-10-28,324
2010-10-29,337
2010-11-01,333
2010-11-02,335
2010-11-03,331
2010-11-04,331
2010-11-05,328
2010-11-08,336
2010-11-09,333
2010-11-10,338
2010-11-11,338
2010-11-12,341
2010-11-15,338
2010-11-16,359
2010-11-17,350
2010-11-18,347
2010-11-19,349
2010-11-22,356
2010-11-23,364
2010-11-24,349
2010-11-25,349
2010-11-26,349
2010-11-29,368
2010-11-30,388
2010-12-01,368
2010-12-02,360
2010-12-03,352
2010-12-06,355
2010-12-07,338
2010-12-08,344
2010-12-09,343
2010-12-10,341
2010-12-13,344
2010-12-14,333
2010-12-15,343
2010-12-16,351
2010-12-17,362
2010-12-20,357
2010-12-21,358
2010-12-22,352
2010-12-23,350
2010-12-24,350
2010-12-27,348
2010-12-28,347
2010-12-29,354
2010-12-30,349
2010-12-31,357
2011-01-03,348
2011-01-04,336
2011-01-05,332
2011-01-06,336
2011-01-07,344
2011-01-10,348
2011-01-11,341
2011-01-12,337
2011-01-13,339
2011-01-14,340
2011-01-17,340
2011-01-18,337
2011-01-19,346
2011-01-20,341
2011-01-21,341
2011-01-24,338
2011-01-25,347
2011-01-26,338
2011-01-27,345
2011-01-28,361
2011-01-31,355
2011-02-01,341
2011-02-02,334
2011-02-03,334
2011-02-04,328
2011-02-07,331
2011-02-08,329
2011-02-09,339
2011-02-10,340
2011-02-11,345
2011-02-14,354
2011-02-15,358
2011-02-16,350
2011-02-17,349
2011-02-18,349
2011-02-21,349
2011-02-22,362
2011-02-23,363
2011-02-24,367
2011-02-25,364
2011-02-28,371
2011-03-01,370
2011-03-02,363
2011-03-03,350
2011-03-04,354
2011-03-07,353
2011-03-08,345
2011-03-09,351
2011-03-10,365
2011-03-11,362
2011-03-14,367
2011-03-15,374
2011-03-16,386
2011-03-17,382
2011-03-18,378
2011-03-21,371
2011-03-22,374
2011-03-23,369
2011-03-24,363
2011-03-25,358
2011-03-28,357
2011-03-29,359
2011-03-30,357
2011-03-31,373
2011-04-01,368
2011-04-04,369
2011-04-05,367
2011-04-06,360
2011-04-07,359
2011-04-08,355
2011-04-11,356
2011-04-12,364
2011-04-13,366
2011-04-14,367
2011-04-15,371
2011-04-18,378
2011-04-19,380
2011-04-20,374
2011-04-21,374
2011-04-22,374
2011-04-25,379
2011-04-26,382
2011-04-27,382
2011-04-28,382
2011-04-29,377
2011-05-02,373
2011-05-03,377
2011-05-04,379
2011-05-05,383
2011-05-06,381
2011-05-09,382
2011-05-10,377
2011-05-11,382
2011-05-12,374
2011-05-13,375
2011-05-16,376
2011-05-17,379
2011-05-18,372
2011-05-19,370
2011-05-20,372
2011-05-23,375
2011-05-24,379
2011-05-25,380
2011-05-26,391
2011-05-27,391
2011-05-30,391
2011-05-31,387
2011-06-01,394
2011-06-02,389
2011-06-03,390
2011-06-06,392
2011-06-07,388
2011-06-08,394
2011-06-09,387
2011-06-10,390
2011-06-13,390
2011-06-14,378
2011-06-15,393
2011-06-16,401
2011-06-17,401
2011-06-20,397
2011-06-21,392
2011-06-22,386
2011-06-23,395
2011-06-24,398
2011-06-27,385
2011-06-28,375
2011-06-29,366
2011-06-30,355
2011-07-01,349
2011-07-04,349
2011-07-05,357
2011-07-06,361
2011-07-07,352
2011-07-08,364
2011-07-11,377
2011-07-12,381
2011-07-13,382
2011-07-14,377
2011-07-15,380
2011-07-18,379
2011-07-19,379
2011-07-20,374
2011-07-21,364
2011-07-22,367
2011-07-25,364
2011-07-26,365
2011-07-27,361
2011-07-28,358
2011-07-29,361
2011-08-01,354
2011-08-02,360
2011-08-03,363
2011-08-04,385
2011-08-05,384
2011-08-08,427
2011-08-09,432
2011-08-10,439
2011-08-11,437
2011-08-12,434
2011-08-15,420
2011-08-16,426
2011-08-17,423
2011-08-18,436
2011-08-19,435
2011-08-22,436
2011-08-23,438
2011-08-24,426
2011-08-25,430
2011-08-26,435
2011-08-29,424
2011-08-30,427
2011-08-31,414
2011-10-03,540
2011-10-04,542
2011-10-05,533
2011-10-06,514
2011-10-07,506
2011-10-10,506
2011-10-11,489
2011-10-12,472
2011-10-13,481
2011-10-14,468
2011-10-17,473
2011-10-18,475
2011-10-19,474
2011-10-20,478
2011-10-21,471
2011-10-24,465
2011-10-25,468
2011-10-26,457
2011-10-27,427
2011-10-28,440
2011-10-31,454
2011-11-01,464
2011-11-02,462
2011-11-03,444
2011-11-04,446
2011-11-07,451
2011-11-08,440
2011-11-09,458
2011-11-10,450
2011-11-11,450
2011-11-14,451
2011-11-15,452
2011-11-16,455
2011-11-17,468
2011-11-18,467
2011-11-21,479
2011-11-22,480
2011-11-23,490
2011-11-24,490
2011-11-25,490
2011-11-28,483
2011-11-29,479
2011-11-30,463
2011-12-01,456
2011-12-02,459
2011-12-05,455
2011-12-06,447
2011-12-07,452
2011-12-08,455
2011-12-09,442
2011-12-12,446
2011-12-13,448
2011-12-14,458
2011-12-15,459
2011-12-16,466
2011-12-19,469
2011-12-20,457
2011-12-21,452
2011-12-22,450
2011-12-23,442
2011-12-26,442
2011-12-27,443
2011-12-28,452
2011-12-29,455
2011-12-30,468
2012-01-02,468
2012-01-03,458
2012-01-04,457
2012-01-05,456
2012-01-06,461
2012-01-09,462
2012-01-10,465
2012-01-11,478
2012-01-12,475
2012-01-13,482
2012-01-16,482
2012-01-17,479
2012-01-18,472
2012-01-19,459
2012-01-20,452
2012-01-23,447
2012-01-24,447
2012-01-25,443
2012-01-26,450
2012-01-27,452
2012-01-30,456
2012-01-31,449
2012-02-01,438
2012-02-02,439
2012-02-03,424
2012-02-06,426
2012-02-07,420
2012-02-08,421
2012-02-09,416
2012-02-10,424
2012-02-13,412
2012-02-14,419
2012-02-15,421
2012-02-16,417
2012-02-17,413
2012-02-20,413
2012-02-21,405
2012-02-22,400
2012-02-23,404
2012-02-24,402
2012-02-27,403
2012-02-28,396
2012-02-29,390
2012-03-01,384
2012-03-02,381
2012-03-05,385
2012-03-06,396
2012-03-07,391
2012-03-08,381
2012-03-09,379
2012-03-12,375
2012-03-13,364
2012-03-14,355
2012-03-15,356
2012-03-16,356
2012-03-19,352
2012-03-20,354
2012-03-21,361
2012-03-22,366
2012-03-23,371
2012-03-26,373
2012-03-27,378
2012-03-28,376
2012-03-29,381
2012-03-30,377
2012-04-02,379
2012-04-03,371
2012-04-04,380
2012-04-05,388
2012-04-06,388
2012-04-09,400
2012-04-10,407
2012-04-11,401
2012-04-12,394
2012-04-13,401
2012-04-16,403
2012-04-17,396
2012-04-18,403
2012-04-19,395
2012-04-20,390
2012-04-23,396
2012-04-24,392
2012-04-25,389
2012-04-26,390
2012-04-27,388
2012-04-30,383
2012-05-01,379
2012-05-02,377
2012-05-03,373
2012-05-04,383
2012-05-07,384
2012-05-08,390
2012-05-09,397
2012-05-10,395
2012-05-11,407
2012-05-14,423
2012-05-15,432
2012-05-16,441
2012-05-17,450
2012-05-18,452
2012-05-21,446
2012-05-22,443
2012-05-23,457
2012-05-24,457
2012-05-25,459
2012-05-28,459
2012-05-29,461
2012-05-30,473
2012-05-31,480
2012-06-01,488
2012-06-04,478
2012-06-05,462
2012-06-06,443
2012-06-07,444
2012-06-08,443
2012-06-11,451
2012-06-12,441
2012-06-13,440
2012-06-14,437
2012-06-15,428
2012-06-18,434
2012-06-19,430
2012-06-20,432
2012-06-21,440
2012-06-22,436
2012-06-25,445
2012-06-26,442
2012-06-27,439
2012-06-28,445
2012-06-29,428
2012-07-02,431
2012-07-03,419
2012-07-04,419
2012-07-05,420
2012-07-06,425
2012-07-09,424
2012-07-10,424
2012-07-11,420
2012-07-12,419
2012-07-13,412
2012-07-16,409
2012-07-17,403
2012-07-18,407
2012-07-19,404
2012-07-20,412
2012-07-23,419
2012-07-24,427
2012-07-25,426
2012-07-26,421
2012-07-27,403
2012-07-30,402
2012-07-31,398
2012-08-01,388
2012-08-02,392
2012-08-03,376
2012-08-06,375
2012-08-07,371
2012-08-08,369
2012-08-09,372
2012-08-10,378
2012-08-13,377
2012-08-14,375
2012-08-15,368
2012-08-16,368
2012-08-17,370
2012-08-20,372
2012-08-21,369
2012-08-22,372
2012-08-23,375
2012-08-24,375
2012-08-27,377
2012-08-28,376
2012-08-29,375
2012-08-30,378
2012-08-31,381
2012-10-01,363
2012-10-02,365
2012-10-03,362
2012-10-04,358
2012-10-05,348
2012-10-08,348
2012-10-09,361
2012-10-10,364
2012-10-11,362
2012-10-12,358
2012-10-15,352
2012-10-16,346
2012-10-17,340
2012-10-18,336
2012-10-19,344
2012-10-22,343
2012-10-23,343
2012-10-24,344
2012-10-25,341
2012-10-26,356
2012-10-29,361
2012-10-30,361
2012-10-31,365
2012-11-01,363
2012-11-02,363
2012-11-05,360
2012-11-06,354
2012-11-07,362
2012-11-08,367
2012-11-09,371
2012-11-12,371
2012-11-13,377
2012-11-14,380
2012-11-15,383
2012-11-16,381
2012-11-19,374
2012-11-20,371
2012-11-21,366
2012-11-22,366
2012-11-23,366
2012-11-26,370
2012-11-27,362
2012-11-28,362
2012-11-29,357
2012-11-30,355
2012-12-03,352
2012-12-04,347
2012-12-05,347
2012-12-06,342
2012-12-07,342
2012-12-10,333
2012-12-11,333
2012-12-12,328
2012-12-13,328
2012-12-14,328
2012-12-17,328
2012-12-18,324
2012-12-19,324
2012-12-20,324
2012-12-21,330
2012-12-24,328
2012-12-25,328
2012-12-26,329
2012-12-27,332
2012-12-28,332
2012-12-31,326
2013-01-01,326
2013-01-02,311
2013-01-03,302
2013-01-04,304
2013-01-07,313
2013-01-08,323
2013-01-09,327
2013-01-10,323
2013-01-11,326
2013-01-14,326
2013-01-15,328
2013-01-16,327
2013-01-17,323
2013-01-18,325
2013-01-21,325
2013-01-22,325
2013-01-23,323
2013-01-24,323
2013-01-25,317
2013-01-28,317
2013-01-29,317
2013-01-30,321
2013-01-31,328
2013-02-01,323
2013-02-04,327
2013-02-05,324
2013-02-06,327
2013-02-07,325
2013-02-08,321
2013-02-11,322
2013-02-12,328
2013-02-13,325
2013-02-14,326
2013-02-15,327
2013-02-18,327
2013-02-19,325
2013-02-20,331
2013-02-21,338
2013-02-22,339
2013-02-25,342
2013-02-26,343
2013-02-27,340
2013-02-28,342
2013-03-01,343
2013-03-04,339
2013-03-05,336
2013-03-06,336
2013-03-07,339
2013-03-08,335
2013-03-11,335
2013-03-12,333
2013-03-13,336
2013-03-14,335
2013-03-15,343
2013-03-18,347
2013-03-19,357
2013-03-20,353
2013-03-21,355
2013-03-22,357
2013-03-25,356
2013-03-26,357
2013-03-27,362
2013-03-28,358
2013-03-29,358
2013-04-01,359
2013-04-02,354
2013-04-03,355
2013-04-04,349
2013-04-05,347
2013-04-08,340
2013-04-09,334
2013-04-10,331
2013-04-11,330
2013-04-12,335
2013-04-15,343
2013-04-16,355
2013-04-17,355
2013-04-18,354
2013-04-19,349
2013-04-22,349
2013-04-23,347
2013-04-24,349
2013-04-25,351
2013-04-26,353
2013-04-29,350
2013-04-30,346
2013-05-01,347
2013-05-02,344
2013-05-03,339
2013-05-06,337
2013-05-07,336
2013-05-08,339
2013-05-09,335
2013-05-10,337
2013-05-13,340
2013-05-14,336
2013-05-15,341
2013-05-16,346
2013-05-17,340
2013-05-20,345
2013-05-21,348
2013-05-22,342
2013-05-23,351
2013-05-24,355
2013-05-27,355
2013-05-28,357
2013-05-29,370
2013-05-30,372
2013-05-31,376
2013-06-03,385
2013-06-04,387
2013-06-05,396
2013-06-06,403
2013-06-07,390
2013-06-10,396
2013-06-11,417
2013-06-12,412
2013-06-13,392
2013-06-14,395
2013-06-17,400
2013-06-18,408
2013-06-19,420
2013-06-20,445
2013-06-21,444
2013-06-24,460
2013-06-25,449
2013-06-26,436
2013-06-27,428
2013-06-28,424
2013-07-01,413
2013-07-02,413
2013-07-03,417
2013-07-04,417
2013-07-05,410
2013-07-08,416
2013-07-09,421
2013-07-10,422
2013-07-11,426
2013-07-12,421
2013-07-15,413
2013-07-16,408
2013-07-17,397
2013-07-18,381
2013-07-19,387
2013-07-22,385
2013-07-23,381
2013-07-24,384
2013-07-25,389
2013-07-26,399
2013-07-29,403
2013-07-30,405
2013-07-31,406
2013-08-01,400
2013-08-02,403
2013-08-05,399
2013-08-06,396
2013-08-07,404
2013-08-08,402
2013-08-09,402
2013-08-12,398
2013-08-13,391
2013-08-14,391
2013-08-15,393
2013-08-16,391
2013-08-19,402
2013-08-20,411
2013-08-21,418
2013-08-22,413
2013-08-23,419
2013-08-26,420
2013-08-27,433
2013-08-28,432
2013-08-29,435
2013-08-30,432
2013-10-01,412
2013-10-02,420
2013-10-03,422
2013-10-04,411
2013-10-07,408
2013-10-08,406
2013-10-09,405
2013-10-10,399
2013-10-11,396
2013-10-14,396
2013-10-15,391
2013-10-16,399
2013-10-17,401
2013-10-18,393
2013-10-21,392
2013-10-22,397
2013-10-23,396
2013-10-24,399
2013-10-25,398
2013-10-28,397
2013-10-29,399
2013-10-30,394
2013-10-31,390
2013-11-01,394
2013-11-04,394
2013-11-05,399
2013-11-06,402
2013-11-07,413
2013-11-08,413
2013-11-11,413
2013-11-12,432
2013-11-13,434
2013-11-14,429
2013-11-15,421
2013-11-18,421
2013-11-19,426
2013-11-20,421
2013-11-21,424
2013-11-22,420
2013-11-25,421
2013-11-26,428
2013-11-27,427
2013-11-28,427
2013-11-29,427
2013-12-02,433
2013-12-03,435
2013-12-04,433
2013-12-05,428
2013-12-06,421
2013-12-09,417
2013-12-10,416
2013-12-11,415
2013-12-12,407
2013-12-13,400
2013-12-16,394
2013-12-17,406
2013-12-18,404
2013-12-19,398
2013-12-20,399
2013-12-23,396
2013-12-24,392
2013-12-25,392
2013-12-26,391
2013-12-27,394
2013-12-30,396
2013-12-31,393
2014-01-01,393
2014-01-02,395
2014-01-03,393
2014-01-06,398
2014-01-07,405
2014-01-08,404
2014-01-09,403
2014-01-10,413
2014-01-13,417
2014-01-14,412
2014-01-15,405
2014-01-16,415
2014-01-17,419
2014-01-20,419
2014-01-21,422
2014-01-22,428
2014-01-23,442
2014-01-24,451
2014-01-27,450
2014-01-28,447
2014-01-29,460
2014-01-30,463
2014-01-31,479
2014-02-03,488
2014-02-04,475
2014-02-05,470
2014-02-06,468
2014-02-07,456
2014-02-10,461
2014-02-11,456
2014-02-12,450
2014-02-13,455
2014-02-14,456
2014-02-17,456
2014-02-18,466
2014-02-19,464
2014-02-20,459
2014-02-21,454
2014-02-24,444
2014-02-25,441
2014-02-26,446
2014-02-27,438
2014-02-28,424
2014-03-03,433
2014-03-04,416
2014-03-05,414
2014-03-06,409
2014-03-07,403
2014-03-10,407
2014-03-11,409
2014-03-12,409
2014-03-13,418
2014-03-14,417
2014-03-17,413
2014-03-18,414
2014-03-19,411
2014-03-20,413
2014-03-21,407
2014-03-24,402
2014-03-25,396
2014-03-26,394
2014-03-27,389
2014-03-28,392
2014-03-31,393
2014-04-01,386
2014-04-02,384
2014-04-03,381
2014-04-04,378
2014-04-07,379
2014-04-08,375
2014-04-09,369
2014-04-10,369
2014-04-11,374
2014-04-14,374
2014-04-15,376
2014-04-16,372
2014-04-17,362
2014-04-18,362
2014-04-21,358
2014-04-22,362
2014-04-23,366
2014-04-24,369
2014-04-25,375
2014-04-28,369
2014-04-29,364
2014-04-30,366
2014-05-01,366
2014-05-02,365
2014-05-05,366
2014-05-06,364
2014-05-07,358
2014-05-08,354
2014-05-09,357
2014-05-12,356
2014-05-13,359
2014-05-14,364
2014-05-15,373
2014-05-16,371
2014-05-19,368
2014-05-20,375
2014-05-21,370
2014-05-22,370
2014-05-23,369
2014-05-26,369
2014-05-27,371
2014-05-28,367
2014-05-29,361
2014-05-30,359
2014-06-02,357
2014-06-03,356
2014-06-04,356
2014-06-05,349
2014-06-06,337
2014-06-09,336
2014-06-10,340
2014-06-11,347
2014-06-12,352
2014-06-13,345
2014-06-16,350
2014-06-17,349
2014-06-18,343
2014-06-19,341
2014-06-20,335
2014-06-23,334
2014-06-24,336
2014-06-25,334
2014-06-26,335
2014-06-27,336
2014-06-30,340
2014-07-01,336
2014-07-02,332
2014-07-03,331
2014-07-04,331
2014-07-07,331
2014-07-08,332
2014-07-09,330
2014-07-10,334
2014-07-11,335
2014-07-14,335
2014-07-15,336
2014-07-16,337
2014-07-17,346
2014-07-18,339
2014-07-21,341
2014-07-22,338
2014-07-23,331
2014-07-24,326
2014-07-25,336
2014-07-28,340
2014-07-29,347
2014-07-30,336
2014-07-31,352
2014-08-01,365
2014-08-04,368
2014-08-05,375
2014-08-06,374
2014-08-07,377
2014-08-08,377
2014-08-11,376
2014-08-12,377
2014-08-13,376
2014-08-14,373
2014-08-15,374
2014-08-18,369
2014-08-19,368
2014-08-20,369
2014-08-21,374
2014-08-22,379
2014-08-25,378
2014-08-26,374
2014-08-27,370
2014-08-28,371
2014-08-29,369
2014-10-01,426
2014-10-02,420
2014-10-03,424
2014-10-06,428
2014-10-07,434
2014-10-08,430
2014-10-09,431
2014-10-10,439
2014-10-13,439
2014-10-14,454
2014-10-15,474
2014-10-16,470
2014-10-17,454
2014-10-20,455
2014-10-21,459
2014-10-22,457
2014-10-23,451
2014-10-24,455
2014-10-27,455
2014-10-28,441
2014-10-29,431
2014-10-30,430
2014-10-31,424
2014-11-03,424
2014-11-04,437
2014-11-05,439
2014-11-06,443
2014-11-07,454
2014-11-10,454
2014-11-11,454
2014-11-12,458
2014-11-13,464
2014-11-14,465
2014-11-17,470
2014-11-18,471
2014-11-19,461
2014-11-20,464
2014-11-21,455
2014-11-24,455
2014-11-25,459
2014-11-26,453
2014-11-27,453
2014-11-28,453
2014-12-01,473
2014-12-02,472
2014-12-03,466
2014-12-04,469
2014-12-05,472
2014-12-08,494
2014-12-09,513
2014-12-10,534
2014-12-11,538
2014-12-12,566
2014-12-15,589
2014-12-16,602
2014-12-17,555
2014-12-18,537
2014-12-19,520
2014-12-22,515
2014-12-23,505
2014-12-24,506
2014-12-25,506
2014-12-26,507
2014-12-29,509
2014-12-30,510
2014-12-31,508
2015-01-01,508
2015-01-02,514
2015-01-05,544
2015-01-06,558
2015-01-07,545
2015-01-08,537
2015-01-09,543
2015-01-12,557
2015-01-13,562
2015-01-14,571
2015-01-15,577
2015-01-16,580
2015-01-19,580
2015-01-20,580
2015-01-21,578
2015-01-22,573
2015-01-23,567
2015-01-26,565
2015-01-27,565
2015-01-28,572
2015-01-29,566
2015-01-30,571
2015-02-02,561
2015-02-03,548
2015-02-04,550
2015-02-05,546
2015-02-06,533
2015-02-09,530
2015-02-10,538
2015-02-11,546
2015-02-12,540
2015-02-13,526
2015-02-16,526
2015-02-17,516
2015-02-18,519
2015-02-19,521
2015-02-20,522
2015-02-23,530
2015-02-24,528
2015-02-25,524
2015-02-26,523
2015-02-27,500
2015-03-02,493
2015-03-03,491
2015-03-04,494
2015-03-05,499
2015-03-06,499
2015-03-09,511
2015-03-10,528
2015-03-11,531
2015-03-12,523
2015-03-13,537
2015-03-16,544
2015-03-17,551
2015-03-18,555
2015-03-19,540
2015-03-20,531
2015-03-23,525
2015-03-24,525
2015-03-25,523
2015-03-26,518
2015-03-27,520
2015-03-30,515
2015-03-31,516
2015-04-01,515
2015-04-02,509
2015-04-03,513
2015-04-06,502
2015-04-07,501
2015-04-08,496
2015-04-09,488
2015-04-10,482
2015-04-13,481
2015-04-14,483
2015-04-15,484
2015-04-16,488
2015-04-17,499
2015-04-20,494
2015-04-21,487
2015-04-22,476
2015-04-23,475
2015-04-24,470
2015-04-27,473
2015-04-28,473
2015-04-29,472
2015-04-30,472
2015-05-01,470
2015-05-04,467
2015-05-05,467
2015-05-06,458
2015-05-07,468
2015-05-08,460
2015-05-11,455
2015-05-12,464
2015-05-13,461
2015-05-14,466
2015-05-15,471
2015-05-18,465
2015-05-19,475
2015-05-20,475
2015-05-21,471
2015-05-22,470
2015-05-25,470
2015-05-26,482
2015-05-27,487
2015-05-28,490
2015-05-29,492
2015-06-01,491
2015-06-02,488
2015-06-03,485
2015-06-04,494
2015-06-05,496
2015-06-08,506
2015-06-09,505
2015-06-10,505
2015-06-11,508
2015-06-12,503
2015-06-15,512
2015-06-16,520
2015-06-17,521
2015-06-18,506
2015-06-19,510
2015-06-22,500
2015-06-23,494
2015-06-24,498
2015-06-25,503
2015-06-26,501
2015-06-29,518
2015-06-30,513
2015-07-01,504
2015-07-02,503
2015-07-03,503
2015-07-06,520
2015-07-07,526
2015-07-08,532
2015-07-09,521
2015-07-10,512
2015-07-13,514
2015-07-14,517
2015-07-15,523
2015-07-16,520
2015-07-17,524
2015-07-20,523
2015-07-21,525
2015-07-22,528
2015-07-23,540
2015-07-24,546
2015-07-27,559
2015-07-28,554
2015-07-29,541
2015-07-30,534
2015-07-31,533
2015-08-03,544
2015-08-04,541
2015-08-05,536
2015-08-06,549
2015-08-07,554
2015-08-10,550
2015-08-11,562
2015-08-12,557
2015-08-13,556
2015-08-14,558
2015-08-17,561
2015-08-18,562
2015-08-19,573
2015-08-20,581
2015-08-21,591
2015-08-24,614
2015-08-25,599
2015-08-26,602
2015-08-27,581
2015-08-28,573
2015-08-31,566
2015-10-01,618
2015-10-02,612
2015-10-05,592
2015-10-06,589
2015-10-07,586
2015-10-08,581
2015-10-09,574
2015-10-12,574
2015-10-13,586
2015-10-14,589
2015-10-15,577
2015-10-16,569
2015-10-19,577
2015-10-20,581
2015-10-21,589
2015-10-22,585
2015-10-23,573
2015-10-26,569
2015-10-27,578
2015-10-28,566
2015-10-29,563
2015-10-30,560
2015-11-02,553
2015-11-03,537
2015-11-04,536
2015-11-05,544
2015-11-06,548
2015-11-09,555
2015-11-10,555
2015-11-11,555
2015-11-12,560
2015-11-13,573
2015-11-16,568
2015-11-17,566
2015-11-18,565
2015-11-19,557
2015-11-20,549
2015-11-23,544
2015-11-24,544
2015-11-25,549
2015-11-26,549
2015-11-27,551
2015-11-30,561
2015-12-01,568
2015-12-02,568
2015-12-03,571
2015-12-04,572
2015-12-07,571
2015-12-08,576
2015-12-09,570
2015-12-10,575
2015-12-11,608
2015-12-14,609
2015-12-15,594
2015-12-16,602
2015-12-17,604
2015-12-18,618
2015-12-21,623
2015-12-22,617
2015-12-23,609
2015-12-24,609
2015-12-25,609
2015-12-28,608
2015-12-29,596
2015-12-30,599
2015-12-31,605
2016-01-01,605
2016-01-04,612
2016-01-05,606
2016-01-06,617
2016-01-07,624
2016-01-08,633
2016-01-11,638
2016-01-12,654
2016-01-13,670
2016-01-14,671
2016-01-15,694
2016-01-18,694
2016-01-19,692
2016-01-20,710
2016-01-21,697
2016-01-22,678
2016-01-25,687
2016-01-26,683
2016-01-27,676
2016-01-28,672
2016-01-29,677
2016-02-01,680
2016-02-02,695
2016-02-03,689
2016-02-04,685
2016-02-05,680
2016-02-08,702
2016-02-09,708
2016-02-10,714
2016-02-11,735
2016-02-12,721
2016-02-15,721
2016-02-16,706
2016-02-17,682
2016-02-18,678
2016-02-19,678
2016-02-22,667
2016-02-23,671
2016-02-24,667
2016-02-25,662
2016-02-26,648
2016-02-29,639
2016-03-01,623
2016-03-02,613
2016-03-03,609
2016-03-04,600
2016-03-07,599
2016-03-08,608
2016-03-09,594
2016-03-10,591
2016-03-11,581
2016-03-14,584
2016-03-15,594
2016-03-16,591
2016-03-17,575
2016-03-18,566
2016-03-21,559
2016-03-22,559
2016-03-23,576
2016-03-24,583
2016-03-25,583
2016-03-28,583
2016-03-29,591
2016-03-30,581
2016-03-31,573
2016-04-01,572
2016-04-04,575
2016-04-05,588
2016-04-06,583
2016-04-07,596
2016-04-08,590
2016-04-11,582
2016-04-12,569
2016-04-13,556
2016-04-14,549
2016-04-15,554
2016-04-18,554
2016-04-19,543
2016-04-20,534
2016-04-21,537
2016-04-22,542
2016-04-25,546
2016-04-26,545
2016-04-27,548
2016-04-28,542
2016-04-29,541
2016-05-02,539
2016-05-03,552
2016-05-04,557
2016-05-05,558
2016-05-06,554
2016-05-09,555
2016-05-10,553
2016-05-11,549
2016-05-12,545
2016-05-13,545
2016-05-16,543
2016-05-17,544
2016-05-18,542
2016-05-19,560
2016-05-20,556
2016-05-23,561
2016-05-24,557
2016-05-25,552
2016-05-26,556
2016-05-27,553
2016-05-30,553
2016-05-31,553
2016-06-01,549
2016-06-02,546
2016-06-03,543
2016-06-06,536
2016-06-07,531
2016-06-08,528
2016-06-09,532
2016-06-10,542
2016-06-13,548
2016-06-14,559
2016-06-15,555
2016-06-16,561
2016-06-17,556
2016-06-20,543
2016-06-21,541
2016-06-22,536
2016-06-23,520
2016-06-24,539
2016-06-27,552
2016-06-28,542
2016-06-29,525
2016-06-30,522
2016-07-01,515
2016-07-04,515
2016-07-05,517
2016-07-06,515
2016-07-07,515
2016-07-08,507
2016-07-11,497
2016-07-12,489
2016-07-13,492
2016-07-14,488
2016-07-15,484
2016-07-18,484
2016-07-19,480
2016-07-20,476
2016-07-21,482
2016-07-22,482
2016-07-25,486
2016-07-26,495
2016-07-27,499
2016-07-28,500
2016-07-29,501
2016-08-01,498
2016-08-02,499
2016-08-03,500
2016-08-04,494
2016-08-05,484
2016-08-08,480
2016-08-09,482
2016-08-10,481
2016-08-11,474
2016-08-12,474
2016-08-15,468
2016-08-16,462
2016-08-17,464
2016-08-18,461
2016-08-19,460
2016-08-22,465
2016-08-23,461
2016-08-24,464
2016-08-25,467
2016-08-26,457
2016-08-29,460
2016-08-30,459
2016-08-31,459
2016-10-03,450
2016-10-04,445
2016-10-05,444
2016-10-06,444
2016-10-07,449
2016-10-10,449
2016-10-11,449
2016-10-12,449
2016-10-13,451
2016-10-14,453
2016-10-17,459
2016-10-18,464
2016-10-19,460
2016-10-20,452
2016-10-21,451
2016-10-24,445
2016-10-25,447
2016-10-26,455
2016-10-27,462
2016-10-28,465
2016-10-31,467
2016-11-01,473
2016-11-02,478
2016-11-03,473
2016-11-04,475
2016-11-07,460
2016-11-08,448
2016-11-09,457
2016-11-10,487
2016-11-11,487
2016-11-14,516
2016-11-15,494
2016-11-16,498
2016-11-17,497
2016-11-18,501
2016-11-21,502
2016-11-22,501
2016-11-23,505
2016-11-24,505
2016-11-25,505
2016-11-28,505
2016-11-29,509
2016-11-30,510
2016-12-01,512
2016-12-02,512
2016-12-05,501
2016-12-06,494
2016-12-07,486
2016-12-08,486
2016-12-09,481
2016-12-12,484
2016-12-13,481
2016-12-14,478
2016-12-15,480
2016-12-16,476
2016-12-19,477
2016-12-20,473
2016-12-21,471
2016-12-22,473
2016-12-23,472
2016-12-26,472
2016-12-27,467
2016-12-28,470
2016-12-29,472
2016-12-30,473
2017-01-02,473
2017-01-03,472
2017-01-04,469
2017-01-05,468
2017-01-06,463
2017-01-09,465
2017-01-10,470
2017-01-11,476
2017-01-12,469
2017-01-13,462
2017-01-16,462
2017-01-17,460
2017-01-18,459
2017-01-19,462
2017-01-20,461
2017-01-23,464
2017-01-24,460
2017-01-25,456
2017-01-26,456
2017-01-27,451
2017-01-30,454
2017-01-31,455
2017-02-01,450
2017-02-02,444
2017-02-03,439
2017-02-06,443
2017-02-07,449
2017-02-08,452
2017-02-09,445
2017-02-10,439
2017-02-13,436
2017-02-14,437
2017-02-15,441
2017-02-16,446
2017-02-17,450
2017-02-20,450
2017-02-21,443
2017-02-22,438
2017-02-23,436
2017-02-24,441
2017-02-27,438
2017-02-28,436
2017-03-01,427
2017-03-02,427
2017-03-03,423
2017-03-06,421
2017-03-07,419
2017-03-08,429
2017-03-09,436
2017-03-10,432
2017-03-13,434
2017-03-14,443
2017-03-15,438
2017-03-16,431
2017-03-17,429
2017-03-20,431
2017-03-21,435
2017-03-22,438
2017-03-23,433
2017-03-24,430
2017-03-27,432
2017-03-28,427
2017-03-29,428
2017-03-30,428
2017-03-31,436
2017-04-03,440
2017-04-04,440
2017-04-05,438
2017-04-06,435
2017-04-07,429
2017-04-10,431
2017-04-11,436
2017-04-12,433
2017-04-13,432
2017-04-14,432
2017-04-17,429
2017-04-18,435
2017-04-19,434
2017-04-20,434
2017-04-21,432
2017-04-24,423
2017-04-25,419
2017-04-26,424
2017-04-27,425
2017-04-28,419
2017-05-01,416
2017-05-02,417
2017-05-03,416
2017-05-04,420
2017-05-05,422
2017-05-08,420
2017-05-09,421
2017-05-10,416
2017-05-11,414
2017-05-12,416
2017-05-15,411
2017-05-16,414
2017-05-17,423
2017-05-18,432
2017-05-19,427
2017-05-22,428
2017-05-23,422
2017-05-24,420
2017-05-25,421
2017-05-26,420
2017-05-29,420
2017-05-30,421
2017-05-31,426
2017-06-01,424
2017-06-02,425
2017-06-05,419
2017-06-06,420
2017-06-07,422
2017-06-08,420
2017-06-09,421
2017-06-12,423
2017-06-13,423
2017-06-14,425
2017-06-15,428
2017-06-16,431
2017-06-19,429
2017-06-20,440
2017-06-21,444
2017-06-22,443
2017-06-23,440
2017-06-26,437
2017-06-27,435
2017-06-28,434
2017-06-29,437
2017-06-30,435
2017-07-03,432
2017-07-04,432
2017-07-05,436
2017-07-06,441
2017-07-07,440
2017-07-10,434
2017-07-11,435
2017-07-12,433
2017-07-13,432
2017-07-14,431
2017-07-17,430
2017-07-18,431
2017-07-19,430
2017-07-20,433
2017-07-21,434
2017-07-24,442
2017-07-25,435
2017-07-26,434
2017-07-27,436
2017-07-28,440
2017-07-31,434
2017-08-01,440
2017-08-02,437
2017-08-03,431
2017-08-04,431
2017-08-07,430
2017-08-08,429
2017-08-09,438
2017-08-10,446
2017-08-11,445
2017-08-14,438
2017-08-15,434
2017-08-16,433
2017-08-17,439
2017-08-18,437
2017-08-21,436
2017-08-22,435
2017-08-23,439
2017-08-24,431
2017-08-25,427
2017-08-28,433
2017-08-29,435
2017-08-30,430
2017-08-31,424
2017-10-02,406
2017-10-03,404
2017-10-04,404
2017-10-05,403
2017-10-06,406
2017-10-09,406
2017-10-10,409
2017-10-11,410
2017-10-12,410
2017-10-13,413
2017-10-16,413
2017-10-17,410
2017-10-18,404
2017-10-19,407
2017-10-20,407
2017-10-23,410
2017-10-24,407
2017-10-25,405
2017-10-26,412
2017-10-27,405
2017-10-30,406
2017-10-31,403
2017-11-01,401
2017-11-02,399
2017-11-03,420
2017-11-06,424
2017-11-07,436
2017-11-08,435
2017-11-09,437
2017-11-10,426
2017-11-13,423
2017-11-14,430
2017-11-15,430
2017-11-16,423
2017-11-17,422
2017-11-20,422
2017-11-21,422
2017-11-22,423
2017-11-23,423
2017-11-24,422
2017-11-27,420
2017-11-28,416
2017-11-29,417
2017-11-30,417
2017-12-01,421
2017-12-04,420
2017-12-05,420
2017-12-06,422
2017-12-07,421
2017-12-08,420
2017-12-11,420
2017-12-12,420
2017-12-13,423
2017-12-14,423
2017-12-15,421
2017-12-18,416
2017-12-19,413
2017-12-20,412
2017-12-21,416
2017-12-22,416
2017-12-25,416
2017-12-26,415
2017-12-27,419
2017-12-28,417
2017-12-29,419
2018-01-01,419
2018-01-02,417
2018-01-03,417
2018-01-04,416
2018-01-05,414
2018-01-08,415
2018-01-09,410
2018-01-10,415
2018-01-11,415
2018-01-12,410
2018-01-15,410
2018-01-16,408
2018-01-17,405
2018-01-18,405
2018-01-19,409
2018-01-22,408
2018-01-23,411
2018-01-24,410
2018-01-25,409
2018-01-26,405
2018-01-29,407
2018-01-30,407
2018-01-31,399
2018-02-01,397
2018-02-02,399
2018-02-05,416
2018-02-06,415
2018-02-07,406
2018-02-08,422
2018-02-09,442
2018-02-12,436
2018-02-13,439
2018-02-14,435
2018-02-15,423
2018-02-16,415
2018-02-19,415
2018-02-20,420
2018-02-21,419
2018-02-22,422
2018-02-23,423
2018-02-26,417
2018-02-27,414
2018-02-28,418
2018-03-01,427
2018-03-02,424
2018-03-05,420
2018-03-06,418
2018-03-07,420
2018-03-08,418
2018-03-09,412
2018-03-12,416
2018-03-13,419
2018-03-14,419
2018-03-15,421
2018-03-16,419
2018-03-19,424
2018-03-20,423
2018-03-21,422
2018-03-22,428
2018-03-23,435
2018-03-26,430
2018-03-27,429
2018-03-28,429
2018-03-29,426
2018-03-30,426
2018-04-02,429
2018-04-03,422
2018-04-04,423
2018-04-05,415
2018-04-06,420
2018-04-09,420
2018-04-10,418
2018-04-11,418
2018-04-12,413
2018-04-13,415
2018-04-16,417
2018-04-17,419
2018-04-18,415
2018-04-19,418
2018-04-20,419
2018-04-23,422
2018-04-24,423
2018-04-25,425
2018-04-26,431
2018-04-27,435
2018-04-30,443
2018-05-01,445
2018-05-02,455
2018-05-03,465
2018-05-04,461
2018-05-07,461
2018-05-08,471
2018-05-09,467
2018-05-10,452
2018-05-11,451
2018-05-14,450
2018-05-15,451
2018-05-16,444
2018-05-17,450
2018-05-18,461
2018-05-21,460
2018-05-22,453
2018-05-23,453
2018-05-24,452
2018-05-25,453
2018-05-28,453
2018-05-29,477
2018-05-30,473
2018-05-31,479
2018-06-01,475
2018-06-04,465
2018-06-05,468
2018-06-06,466
2018-06-07,477
2018-06-08,477
2018-06-11,481
2018-06-12,485
2018-06-13,484
2018-06-14,490
2018-06-15,490
2018-06-18,498
2018-06-19,503
2018-06-20,494
2018-06-21,491
2018-06-22,483
2018-06-25,489
2018-06-26,490
2018-06-27,499
2018-06-28,497
2018-06-29,497
2018-07-02,498
2018-07-03,491
2018-07-04,491
2018-07-05,484
2018-07-06,476
2018-07-09,470
2018-07-10,467
2018-07-11,474
2018-07-12,471
2018-07-13,467
2018-07-16,467
2018-07-17,469
2018-07-18,465
2018-07-19,471
2018-07-20,467
2018-07-23,466
2018-07-24,467
2018-07-25,464
2018-07-26,456
2018-07-27,455
2018-07-30,460
2018-07-31,465
2018-08-01,469
2018-08-02,469
2018-08-03,469
2018-08-06,472
2018-08-07,473
2018-08-08,478
2018-08-09,485
2018-08-10,504
2018-08-13,514
2018-08-14,502
2018-08-15,505
2018-08-16,497
2018-08-17,496
2018-08-20,499
2018-08-21,496
2018-08-22,497
2018-08-23,500
2018-08-24,502
2018-08-27,497
2018-08-28,495
2018-08-29,501
2018-08-30,512
2018-08-31,514
2018-10-01,474
2018-10-02,475
2018-10-03,470
2018-10-04,479
2018-10-05,482
2018-10-08,482
2018-10-09,480
2018-10-10,485
2018-10-11,492
2018-10-12,486
2018-10-15,483
2018-10-16,481
2018-10-17,481
2018-10-18,491
2018-10-19,493
2018-10-22,498
2018-10-23,500
2018-10-24,510
2018-10-25,506
2018-10-26,510
2018-10-29,518
2018-10-30,518
2018-10-31,512
2018-11-01,509
2018-11-02,499
2018-11-05,499
2018-11-06,498
2018-11-07,495
2018-11-08,501
2018-11-09,508
2018-11-12,508
2018-11-13,522
2018-11-14,526
2018-11-15,531
2018-11-16,531
2018-11-19,539
2018-11-20,553
2018-11-21,549
2018-11-22,549
2018-11-23,550
2018-11-26,551
2018-11-27,557
2018-11-28,547
2018-11-29,544
2018-11-30,544
2018-12-03,534
2018-12-04,548
2018-12-05,548
2018-12-06,550
2018-12-07,547
2018-12-10,549
2018-12-11,544
2018-12-12,531
2018-12-13,530
2018-12-14,534
2018-12-17,535
2018-12-18,540
2018-12-19,549
2018-12-20,552
2018-12-21,558
2018-12-24,563
2018-12-25,563
2018-12-26,560
2018-12-27,564
2018-12-28,563
2018-12-31,568
2019-01-01,568
2019-01-02,565
2019-01-03,567
2019-01-04,546
2019-01-07,532
2019-01-08,531
2019-01-09,524
2019-01-10,527
2019-01-11,528
2019-01-14,523
2019-01-15,520
2019-01-16,517
2019-01-17,515
2019-01-18,503
2019-01-21,503
2019-01-22,508
2019-01-23,495
2019-01-24,496
2019-01-25,490
2019-01-28,490
2019-01-29,498
2019-01-30,503
2019-01-31,498
2019-02-01,487
2019-02-04,483
2019-02-05,477
2019-02-06,482
2019-02-07,492
2019-02-08,496
2019-02-11,498
2019-02-12,492
2019-02-13,489
2019-02-14,491
2019-02-15,500
2019-02-18,500
2019-02-19,502
2019-02-20,503
2019-02-21,502
2019-02-22,499
2019-02-25,498
2019-02-26,497
2019-02-27,491
2019-02-28,484
2019-03-01,485
2019-03-04,490
2019-03-05,493
2019-03-06,492
2019-03-07,500
2019-03-08,499
2019-03-11,489
2019-03-12,489
2019-03-13,490
2019-03-14,485
2019-03-15,484
2019-03-18,481
2019-03-19,479
2019-03-20,483
2019-03-21,478
2019-03-22,488
2019-03-25,491
2019-03-26,489
2019-03-27,492
2019-03-28,492
2019-03-29,488
2019-04-01,481
2019-04-02,485
2019-04-03,480
2019-04-04,482
2019-04-05,483
2019-04-08,485
2019-04-09,484
2019-04-10,487
2019-04-11,484
2019-04-12,482
2019-04-15,485
2019-04-16,480
2019-04-17,483
2019-04-18,487
2019-04-19,487
2019-04-22,484
2019-04-23,484
2019-04-24,495
2019-04-25,495
2019-04-26,495
2019-04-29,492
2019-04-30,495
2019-05-01,495
2019-05-02,498
2019-05-03,493
2019-05-06,494
2019-05-07,501
2019-05-08,496
2019-05-09,502
2019-05-10,501
2019-05-13,510
2019-05-14,505
2019-05-15,504
2019-05-16,504
2019-05-17,509
2019-05-20,506
2019-05-21,498
2019-05-22,502
2019-05-23,512
2019-05-24,509
2019-05-27,509
2019-05-28,514
2019-05-29,515
2019-05-30,517
2019-05-31,527
2019-06-03,533
2019-06-04,519
2019-06-05,515
2019-06-06,516
2019-06-07,519
2019-06-10,509
2019-06-11,505
2019-06-12,503
2019-06-13,506
2019-06-14,509
2019-06-17,511
2019-06-18,504
2019-06-19,503
2019-06-20,497
2019-06-21,497
2019-06-24,505
2019-06-25,511
2019-06-26,508
2019-06-27,510
2019-06-28,517
2019-07-01,509
2019-07-02,511
2019-07-03,509
2019-07-04,509
2019-07-05,503
2019-07-08,510
2019-07-09,510
2019-07-10,512
2019-07-11,512
2019-07-12,509
2019-07-15,508
2019-07-16,509
2019-07-17,515
2019-07-18,519
2019-07-19,517
2019-07-22,514
2019-07-23,512
2019-07-24,513
2019-07-25,511
2019-07-26,509
2019-07-29,507
2019-07-30,510
2019-07-31,467
2019-08-01,479
2019-08-02,482
2019-08-05,501
2019-08-06,498
2019-08-07,493
2019-08-08,487
2019-08-09,480
2019-08-12,531
2019-08-13,540
2019-08-14,554
2019-08-15,551
2019-08-16,543
2019-08-19,550
2019-08-20,553
2019-08-21,546
2019-08-22,542
2019-08-23,549
2019-08-26,548
2019-08-27,557
2019-08-28,558
2019-08-29,557
2019-08-30,513
2019-10-01,470
2019-10-02,477
2019-10-03,479
2019-10-04,475
2019-10-07,468
2019-10-08,475
2019-10-09,470
2019-10-10,459
2019-10-11,453
2019-10-14,453
2019-10-15,454
2019-10-16,458
2019-10-17,457
2019-10-18,457
2019-10-21,456
2019-10-22,458
2019-10-23,458
2019-10-24,456
2019-10-25,454
2019-10-28,455
2019-10-29,453
2019-10-30,461
2019-10-31,424
2019-11-01,419
2019-11-04,416
2019-11-05,416
2019-11-06,420
2019-11-07,416
2019-11-08,417
2019-11-11,417
2019-11-12,424
2019-11-13,427
2019-11-14,428
2019-11-15,428
2019-11-18,438
2019-11-19,445
2019-11-20,448
2019-11-21,443
2019-11-22,438
2019-11-25,437
2019-11-26,435
2019-11-27,435
2019-11-28,435
2019-11-29,394
2019-12-02,398
2019-12-03,409
2019-12-04,400
2019-12-05,397
2019-12-06,388
2019-12-09,384
2019-12-10,380
2019-12-11,381
2019-12-12,369
2019-12-13,371
2019-12-16,363
2019-12-17,356
2019-12-18,350
2019-12-19,355
2019-12-20,354
2019-12-23,350
2019-12-24,352
2019-12-25,352
2019-12-26,350
2019-12-27,349
2019-12-30,349
2019-12-31,346
2020-01-01,346
2020-01-02,350
2020-01-03,358
2020-01-06,354
2020-01-07,353
2020-01-08,349
2020-01-09,351
2020-01-10,353
2020-01-13,352
2020-01-14,356
2020-01-15,355
2020-01-16,350
2020-01-17,349
2020-01-20,349
2020-01-21,356
2020-01-22,356
2020-01-23,362
2020-01-24,369
2020-01-27,381
2020-01-28,372
2020-01-29,370
2020-01-30,371
2020-01-31,372
2020-02-03,371
2020-02-04,365
2020-02-05,359
2020-02-06,358
2020-02-07,363
2020-02-10,366
2020-02-11,364
2020-02-12,357
2020-02-13,361
2020-02-14,359
2020-02-17,359
2020-02-18,362
2020-02-19,357
2020-02-20,362
2020-02-21,365
2020-02-24,376
2020-02-25,385
2020-02-26,389
2020-02-27,403
2020-02-28,428
2020-03-02,423
2020-03-03,418
2020-03-04,407
2020-03-05,430
2020-03-06,460
2020-03-09,547
2020-03-10,534
2020-03-11,564
2020-03-12,628
2020-03-13,596
2020-03-16,679
2020-03-17,664
2020-03-18,760
2020-03-19,798
2020-03-20,770
2020-03-23,827
2020-03-24,782
2020-03-25,706
2020-03-26,666
2020-03-27,714
2020-03-30,723
2020-03-31,703
2020-04-01,743
2020-04-02,741
2020-04-03,742
2020-04-06,744
2020-04-07,733
2020-04-08,736
2020-04-09,699
2020-04-10,699
2020-04-13,683
2020-04-14,680
2020-04-15,717
2020-04-16,727
2020-04-17,712
2020-04-20,726
2020-04-21,746
2020-04-22,748
2020-04-23,759
2020-04-24,771
2020-04-27,777
2020-04-28,773
2020-04-29,744
2020-04-30,702
2020-05-01,699
2020-05-04,699
2020-05-05,680
2020-05-06,681
2020-05-07,677
2020-05-08,660
2020-05-11,649
2020-05-12,648
2020-05-13,668
2020-05-14,678
2020-05-15,663
2020-05-18,630
2020-05-19,631
2020-05-20,616
2020-05-21,601
2020-05-22,608
2020-05-25,608
2020-05-26,585
2020-05-27,590
2020-05-28,587
2020-05-29,581
2020-06-01,573
2020-06-02,562
2020-06-03,539
2020-06-04,541
2020-06-05,525
2020-06-08,515
2020-06-09,526
2020-06-10,536
2020-06-11,562
2020-06-12,556
2020-06-15,560
2020-06-16,538
2020-06-17,545
2020-06-18,550
2020-06-19,546
2020-06-22,548
2020-06-23,544
2020-06-24,553
2020-06-25,554
2020-06-26,561
2020-06-29,561
2020-06-30,552
2020-07-01,543
2020-07-02,537
2020-07-03,537
2020-07-06,522
2020-07-07,527
2020-07-08,524
2020-07-09,536
2020-07-10,534
2020-07-13,529
2020-07-14,538
2020-07-15,528
2020-07-16,528
2020-07-17,521
2020-07-20,514
2020-07-21,506
2020-07-22,501
2020-07-23,508
2020-07-24,511
2020-07-27,507
2020-07-28,510
2020-07-29,503
2020-07-30,508
2020-07-31,500
2020-08-03,495
2020-08-04,491
2020-08-05,481
2020-08-06,477
2020-08-07,476
2020-08-10,471
2020-08-11,465
2020-08-12,467
2020-08-13,468
2020-08-14,475
2020-08-17,477
2020-08-18,480
2020-08-19,480
2020-08-20,485
2020-08-21,484
2020-08-24,480
2020-08-25,483
2020-08-26,483
2020-08-27,482
2020-08-28,479
2020-08-31,480
2020-10-01,478
2020-10-02,478
2020-10-05,468
2020-10-06,467
2020-10-07,462
2020-10-08,456
2020-10-09,450
2020-10-12,450
2020-10-13,454
2020-10-14,456
2020-10-15,457
2020-10-16,455
2020-10-19,458
2020-10-20,459
2020-10-21,463
2020-10-22,460
2020-10-23,462
2020-10-26,466
2020-10-27,464
2020-10-28,470
2020-10-29,470
2020-10-30,467
2020-11-02,467
2020-11-03,458
2020-11-04,450
2020-11-05,442
2020-11-06,439
2020-11-09,417
2020-11-10,419
2020-11-11,419
2020-11-12,424
2020-11-13,424
2020-11-16,421
2020-11-17,428
2020-11-18,428
2020-11-19,430
2020-11-20,429
2020-11-23,428
2020-11-24,425
2020-11-25,426
2020-11-26,426
2020-11-27,428
2020-11-30,433
2020-12-01,422
2020-12-02,421
2020-12-03,419
2020-12-04,413
2020-12-07,419
2020-12-08,421
2020-12-09,419
2020-12-10,417
2020-12-11,414
2020-12-14,411
2020-12-15,406
2020-12-16,404
2020-12-17,400
2020-12-18,398
2020-12-21,403
2020-12-22,403
2020-12-23,398
2020-12-24,399
2020-12-25,399
2020-12-28,398
2020-12-29,396
2020-12-30,396
2020-12-31,386
2021-01-01,386
2021-01-04,388
2021-01-05,390
2021-01-06,388
2021-01-07,388
2021-01-08,385
2021-01-11,391
2021-01-12,400
2021-01-13,402
2021-01-14,400
2021-01-15,406
2021-01-18,406
2021-01-19,406
2021-01-20,406
2021-01-21,404
2021-01-22,403
2021-01-25,406
2021-01-26,406
2021-01-27,411
2021-01-28,406
2021-01-29,396
2021-02-01,396
2021-02-02,392
2021-02-03,391
2021-02-04,388
2021-02-05,382
2021-02-08,384
2021-02-09,386
2021-02-10,387
2021-02-11,383
2021-02-12,381
2021-02-15,381
2021-02-16,386
2021-02-17,386
2021-02-18,386
2021-02-19,386
2021-02-22,393
2021-02-23,394
2021-02-24,392
2021-02-25,396
2021-02-26,404
2021-03-01,398
2021-03-02,400
2021-03-03,401
2021-03-04,402
2021-03-05,414
2021-03-08,425
2021-03-09,425
2021-03-10,416
2021-03-11,407
2021-03-12,403
2021-03-15,403
2021-03-16,394
2021-03-17,394
2021-03-18,390
2021-03-19,387
2021-03-22,386
2021-03-23,388
2021-03-24,388
2021-03-25,397
2021-03-26,396
2021-03-29,393
2021-03-30,398
2021-03-31,390
2021-04-01,388
2021-04-02,388
2021-04-05,384
2021-04-06,384
2021-04-07,386
2021-04-08,388
2021-04-09,386
2021-04-12,379
2021-04-13,382
2021-04-14,379
2021-04-15,379
2021-04-16,376
2021-04-19,374
2021-04-20,381
2021-04-21,382
2021-04-22,383
2021-04-23,381
2021-04-26,384
2021-04-27,383
2021-04-28,383
2021-04-29,379
2021-04-30,372
2021-05-03,376
2021-05-04,378
2021-05-05,378
2021-05-06,376
2021-05-07,370
2021-05-10,367
2021-05-11,370
2021-05-12,370
2021-05-13,370
2021-05-14,368
2021-05-17,367
2021-05-18,366
2021-05-19,369
2021-05-20,372
2021-05-21,373
2021-05-24,376
2021-05-25,377
2021-05-26,373
2021-05-27,372
2021-05-28,369
2021-05-31,369
2021-06-01,366
2021-06-02,363
2021-06-03,366
2021-06-04,368
2021-06-07,368
2021-06-08,368
2021-06-09,366
2021-06-10,369
2021-06-11,366
2021-06-14,368
2021-06-15,372
2021-06-16,369
2021-06-17,372
2021-06-18,375
2021-06-21,375
2021-06-22,377
2021-06-23,375
2021-06-24,376
2021-06-25,373
2021-06-28,377
2021-06-29,379
2021-06-30,380
2021-07-01,378
2021-07-02,381
2021-07-05,381
2021-07-06,385
2021-07-07,386
2021-07-08,389
2021-07-09,385
2021-07-12,385
2021-07-13,383
2021-07-14,386
2021-07-15,390
2021-07-16,387
2021-07-19,398
2021-07-20,394
2021-07-21,391
2021-07-22,394
2021-07-23,392
2021-07-26,394
2021-07-27,400
2021-07-28,399
2021-07-29,397
2021-07-30,395
2021-08-02,397
2021-08-03,396
2021-08-04,396
2021-08-05,393
2021-08-06,389
2021-08-09,391
2021-08-10,391
2021-08-11,391
2021-08-12,387
2021-08-13,392
2021-08-16,396
2021-08-17,396
2021-08-18,395
2021-08-19,399
2021-08-20,398
2021-08-23,396
2021-08-24,390
2021-08-25,385
2021-08-26,387
2021-08-27,386
2021-08-30,382
2021-08-31,381
2021-10-01,403
2021-10-04,405
2021-10-05,400
2021-10-06,402
2021-10-07,396
2021-10-08,396
2021-10-11,396
2021-10-12,400
2021-10-13,400
2021-10-14,397
2021-10-15,393
2021-10-18,397
2021-10-19,393
2021-10-20,394
2021-10-21,395
2021-10-22,397
2021-10-25,397
2021-10-26,397
2021-10-27,398
2021-10-28,397
2021-10-29,401
2021-11-01,404
2021-11-02,408
2021-11-03,403
2021-11-04,405
2021-11-05,406
2021-11-08,396
2021-11-09,399
2021-11-10,396
2021-11-11,396
2021-11-12,396
2021-11-15,393
2021-11-16,395
2021-11-17,398
2021-11-18,400
2021-11-19,401
2021-11-22,400
2021-11-23,406
2021-11-24,413
2021-11-25,413
2021-11-26,439
2021-11-29,433
2021-11-30,434
2021-12-01,424
2021-12-02,420
2021-12-03,423
2021-12-06,412
2021-12-07,401
2021-12-08,397
2021-12-09,397
2021-12-10,399
2021-12-13,405
2021-12-14,403
2021-12-15,403
2021-12-16,406
2021-12-17,408
2021-12-20,412
2021-12-21,407
2021-12-22,408
2021-12-23,404
2021-12-24,404
2021-12-27,404
2021-12-28,402
2021-12-29,396
2021-12-30,400
2021-12-31,399
2022-01-03,392
2022-01-04,395
2022-01-05,396
2022-01-06,402
2022-01-07,403
2022-01-10,407
2022-01-11,410
2022-01-12,409
2022-01-13,415
2022-01-14,415
2022-01-17,415
2022-01-18,418
2022-01-19,416
2022-01-20,413
2022-01-21,418
2022-01-24,424
2022-01-25,420
2022-01-26,413
2022-01-27,418
2022-01-28,418
2022-01-31,408
2022-02-01,408
2022-02-02,405
2022-02-03,405
2022-02-04,405
2022-02-07,411
2022-02-08,410
2022-02-09,406
2022-02-10,405
2022-02-11,422
2022-02-14,420
2022-02-15,411
2022-02-16,412
2022-02-17,420
2022-02-18,424
2022-02-21,424
2022-02-22,429
2022-02-23,433
2022-02-24,437
2022-02-25,428
2022-02-28,438
2022-03-01,444
2022-03-02,438
2022-03-03,443
2022-03-04,463
2022-03-07,472
2022-03-08,471
2022-03-09,452
2022-03-10,446
2022-03-11,444
2022-03-14,439
2022-03-15,439
2022-03-16,430
2022-03-17,416
2022-03-18,415
2022-03-21,413
2022-03-22,412
2022-03-23,423
2022-03-24,413
2022-03-25,404
2022-03-28,401
2022-03-29,396
2022-03-30,396
2022-03-31,397
2022-04-01,396
2022-04-04,387
2022-04-05,384
2022-04-06,384
2022-04-07,393
2022-04-08,397
2022-04-11,406
2022-04-12,408
2022-04-13,407
2022-04-14,400
2022-04-15,400
2022-04-18,403
2022-04-19,405
2022-04-20,410
2022-04-21,418
2022-04-22,426
2022-04-25,429
2022-04-26,433
2022-04-27,429
2022-04-28,434
2022-04-29,438
2022-05-02,447
2022-05-03,439
2022-05-04,435
2022-05-05,434
2022-05-06,435
2022-05-09,458
2022-05-10,455
2022-05-11,454
2022-05-12,459
2022-05-13,453
2022-05-16,459
2022-05-17,455
2022-05-18,471
2022-05-19,470
2022-05-20,475
2022-05-23,464
2022-05-24,467
2022-05-25,454
2022-05-26,446
2022-05-27,439
2022-05-30,439
2022-05-31,433
2022-06-01,434
2022-06-02,435
2022-06-03,436
2022-06-06,437
2022-06-07,441
2022-06-08,441
2022-06-09,452
2022-06-10,456
2022-06-13,478
2022-06-14,479
2022-06-15,480
2022-06-16,494
2022-06-17,493
2022-06-20,493
2022-06-21,490
2022-06-22,503
2022-06-23,503
2022-06-24,500
2022-06-27,504
2022-06-28,525
2022-06-29,530
2022-06-30,528
2022-07-01,523
2022-07-04,523
2022-07-05,538
2022-07-06,533
2022-07-07,526
2022-07-08,523
2022-07-11,536
2022-07-12,547
2022-07-13,558
2022-07-14,567
2022-07-15,568
2022-07-18,556
2022-07-19,540
2022-07-20,528
2022-07-21,538
2022-07-22,537
2022-07-25,531
2022-07-26,530
2022-07-27,522
2022-07-28,510
2022-07-29,500
2022-08-01,506
2022-08-02,499
2022-08-03,502
2022-08-04,491
2022-08-05,483
2022-08-08,481
2022-08-09,492
2022-08-10,477
2022-08-11,468
2022-08-12,475
2022-08-15,477
2022-08-16,480
2022-08-17,488
2022-08-18,486
2022-08-19,492
2022-08-22,501
2022-08-23,493
2022-08-24,482
2022-08-25,482
2022-08-26,489
2022-08-29,498
2022-08-30,500
2022-08-31,499
2022-10-03,542
2022-10-04,520
2022-10-05,528
2022-10-06,525
2022-10-07,532
2022-10-10,532
2022-10-11,542
2022-10-12,548
2022-10-13,553
2022-10-14,553
2022-10-17,546
2022-10-18,539
2022-10-19,543
2022-10-20,542
2022-10-21,539
2022-10-24,523
2022-10-25,514
2022-10-26,513
2022-10-27,517
2022-10-28,503
2022-10-31,513
2022-11-01,501
2022-11-02,501
2022-11-03,503
2022-11-04,494
2022-11-07,477
2022-11-08,479
2022-11-09,493
2022-11-10,483
2022-11-11,483
2022-11-14,470
2022-11-15,465
2022-11-16,467
2022-11-17,471
2022-11-18,469
2022-11-21,466
2022-11-22,466
2022-11-23,469
2022-11-24,469
2022-11-25,470
2022-11-28,467
2022-11-29,457
2022-11-30,454
2022-12-01,447
2022-12-02,447
2022-12-05,447
2022-12-06,461
2022-12-07,462
2022-12-08,451
2022-12-09,442
2022-12-12,444
2022-12-13,439
2022-12-14,444
2022-12-15,446
2022-12-16,451
2022-12-19,452
2022-12-20,451
2022-12-21,441
2022-12-22,440
2022-12-23,441
2022-12-26,441
2022-12-27,437
2022-12-28,436
2022-12-29,442
2022-12-30,440
2023-01-02,440
2023-01-03,443
2023-01-04,443
2023-01-05,451
2023-01-06,448
2023-01-09,446
2023-01-10,446
2023-01-11,439
2023-01-12,433
2023-01-13,427
2023-01-16,427
2023-01-17,421
2023-01-18,418
2023-01-19,421
2023-01-20,416
2023-01-23,413
2023-01-24,417
2023-01-25,420
2023-01-26,415
2023-01-27,411
2023-01-30,419
2023-01-31,418
2023-02-01,417
2023-02-02,403
2023-02-03,403
2023-02-06,411
2023-02-07,414
2023-02-08,420
2023-02-09,420
2023-02-10,426
2023-02-13,425
2023-02-14,423
2023-02-15,428
2023-02-16,428
2023-02-17,437
2023-02-20,437
2023-02-21,438
2023-02-22,437
2023-02-23,427
2023-02-24,426
2023-02-27,427
2023-02-28,431
2023-03-01,435
2023-03-02,437
2023-03-03,433
2023-03-06,426
2023-03-07,430
2023-03-08,435
2023-03-09,445
2023-03-10,458
2023-03-13,473
2023-03-14,464
2023-03-15,487
2023-03-16,476
2023-03-17,492
2023-03-20,489
2023-03-21,476
2023-03-22,484
2023-03-23,485
2023-03-24,488
2023-03-27,476
2023-03-28,479
2023-03-29,469
2023-03-30,465
2023-03-31,461
2023-04-03,456
2023-04-04,467
2023-04-05,473
2023-04-06,475
2023-04-07,469
2023-04-10,469
2023-04-11,468
2023-04-12,467
2023-04-13,464
2023-04-14,458
2023-04-17,458
2023-04-18,461
2023-04-19,467
2023-04-20,472
2023-04-21,466
2023-04-24,468
2023-04-25,472
2023-04-26,473
2023-04-27,470
2023-04-28,465
2023-05-01,459
2023-05-02,470
2023-05-03,472
2023-05-04,474
2023-05-05,470
2023-05-08,468
2023-05-09,465
2023-05-10,468
2023-05-11,469
2023-05-12,468
2023-05-15,472
2023-05-16,469
2023-05-17,468
2023-05-18,463
2023-05-19,462
2023-05-22,461
2023-05-23,465
2023-05-24,464
2023-05-25,460
2023-05-26,461
2023-05-29,461
2023-05-30,461
2023-05-31,465
2023-06-01,467
2023-06-02,455
2023-06-05,456
2023-06-06,449
2023-06-07,442
2023-06-08,448
2023-06-09,444
2023-06-12,442
2023-06-13,433
2023-06-14,434
2023-06-15,437
2023-06-16,432
2023-06-19,432
2023-06-20,435
2023-06-21,431
2023-06-22,424
2023-06-23,428
2023-06-26,425
2023-06-27,423
2023-06-28,426
2023-06-29,424
2023-06-30,421
2023-07-03,415
2023-07-04,415
2023-07-05,409
2023-07-06,416
2023-07-07,417
2023-07-10,418
2023-07-11,412
2023-07-12,415
2023-07-13,411
2023-07-14,408
2023-07-17,409
2023-07-18,407
2023-07-19,414
2023-07-20,413
2023-07-21,410
2023-07-24,406
2023-07-25,410
2023-07-26,410
2023-07-27,400
2023-07-28,398
2023-07-31,394
2023-08-01,397
2023-08-02,402
2023-08-03,402
2023-08-04,406
2023-08-07,407
2023-08-08,406
2023-08-09,397
2023-08-10,396
2023-08-11,404
2023-08-14,414
2023-08-15,415
2023-08-16,419
2023-08-17,421
2023-08-18,419
2023-08-21,415
2023-08-22,413
2023-08-23,413
2023-08-24,413
2023-08-25,412
2023-08-28,410
2023-08-29,406
2023-08-30,407
2023-08-31,406
2023-10-02,444
2023-10-03,450
2023-10-04,454
2023-10-05,449
2023-10-06,449
2023-10-09,446
2023-10-10,442
2023-10-11,440
2023-10-12,442
2023-10-13,437
2023-10-16,432
2023-10-17,432
2023-10-18,432
2023-10-19,438
2023-10-20,443
2023-10-23,436
2023-10-24,432
2023-10-25,441
2023-10-26,444
2023-10-27,442
2023-10-30,438
2023-10-31,444
2023-11-01,429
2023-11-02,424
2023-11-03,429
2023-11-06,435
2023-11-07,436
2023-11-08,435
2023-11-09,435
2023-11-10,439
2023-11-13,438
2023-11-14,434
2023-11-15,434
2023-11-16,433
2023-11-17,424
2023-11-20,418
2023-11-21,414
2023-11-22,414
2023-11-23,405
2023-11-24,411
2023-11-27,415
2023-11-28,408
2023-11-29,401
2023-11-30,402
2023-12-01,397
2023-12-04,397
2023-12-05,396
2023-12-06,397
2023-12-07,397
2023-12-08,399
2023-12-11,400
2023-12-12,400
2023-12-13,387
2023-12-14,387
2023-12-15,386
2023-12-18,384
2023-12-19,387
2023-12-20,383
2023-12-21,382
2023-12-22,382
2023-12-25,383
2023-12-26,389
2023-12-27,385
2023-12-28,383
2023-12-29,383
2024-01-01,392
2024-01-02,406
2024-01-03,404
2024-01-04,399
2024-01-05,405
2024-01-08,407
2024-01-09,396
2024-01-10,392
2024-01-11,390
2024-01-12,390
2024-01-15,388
2024-01-16,391
2024-01-17,390
2024-01-18,392
2024-01-19,394
2024-01-22,398
2024-01-23,395
2024-01-24,394
2024-01-25,392
2024-01-26,391
2024-01-29,391
2024-01-30,392
2024-01-31,392
2024-02-01,392
2024-02-02,387
2024-02-05,385
2024-02-06,385
2024-02-07,386
2024-02-08,387
2024-02-09,387
2024-02-12,388
2024-02-13,384
2024-02-14,384
2024-02-15,376
2024-02-16,373
2024-02-19,373
2024-02-20,373
2024-02-21,373
2024-02-22,366
2024-02-23,364
2024-02-26,364
2024-02-27,366
2024-02-28,368
2024-02-29,364
2024-03-01,362
2024-03-04,359
2024-03-05,362
2024-03-06,361
2024-03-07,361
2024-03-08,366
2024-03-11,365
2024-03-12,359
2024-03-13,353
2024-03-14,353
2024-03-15,352
2024-03-18,351
2024-03-19,352
2024-03-20,348
2024-03-21,339
2024-03-22,340
2024-03-25,339
2024-03-26,340
2024-03-27,341
2024-03-28,342
2024-03-29,342
2024-04-01,338
2024-04-02,341
2024-04-03,338
2024-04-04,334
2024-04-05,326
2024-04-08,325
2024-04-09,322
2024-04-10,323
2024-04-11,326
2024-04-12,335
2024-04-15,343
2024-04-16,345
2024-04-17,339
2024-04-18,337
2024-04-19,335
2024-04-22,328
2024-04-23,326
2024-04-24,329
2024-04-25,331
2024-04-26,327
2024-04-29,327
2024-04-30,381
2024-05-01,384
2024-05-02,384
2024-05-03,379
2024-05-06,376
2024-05-07,377
2024-05-08,377
2024-05-09,375
2024-05-10,376
2024-05-13,375
2024-05-14,377
2024-05-15,373
2024-05-16,373
2024-05-17,376
2024-05-20,371
2024-05-21,373
2024-05-22,382
2024-05-23,386
2024-05-24,389
2024-05-27,389
2024-05-28,394
2024-05-29,383
2024-05-30,379
2024-05-31,436
2024-06-03,442
2024-06-04,449
2024-06-05,451
2024-06-06,456
2024-06-07,452
2024-06-10,449
2024-06-11,455
2024-06-12,451
2024-06-13,453
2024-06-14,454
2024-06-17,456
2024-06-18,452
2024-06-19,452
2024-06-20,453
2024-06-21,453
2024-06-24,455
2024-06-25,453
2024-06-26,452
2024-06-27,454
2024-06-28,509
2024-07-01,520
2024-07-02,518
2024-07-03,511
2024-07-04,511
2024-07-05,502
2024-07-08,503
2024-07-09,504
2024-07-10,502
2024-07-11,496
2024-07-12,499
2024-07-15,502
2024-07-16,504
2024-07-17,510
2024-07-18,511
2024-07-19,510
2024-07-22,511
2024-07-23,504
2024-07-24,508
2024-07-25,508
2024-07-26,508
2024-07-29,510
2024-07-30,514
2024-07-31,514
2024-08-01,521
2024-08-02,537
2024-08-05,549
2024-08-06,543
2024-08-07,531
2024-08-08,527
2024-08-09,523
2024-08-12,522
2024-08-13,519
2024-08-14,513
2024-08-15,509
2024-08-16,507
2024-08-19,503
2024-08-20,505
2024-08-21,506
2024-08-22,510
2024-08-23,508
2024-08-26,505
2024-08-27,507
2024-08-28,509
2024-08-29,508
2024-08-30,500
2024-10-01,478
2024-10-02,473
2024-10-03,469
2024-10-04,463
2024-10-07,464
2024-10-08,469
2024-10-09,465
2024-10-10,470
2024-10-11,468
2024-10-14,464
2024-10-15,464
2024-10-16,464
2024-10-17,467
2024-10-18,467
2024-10-21,471
2024-10-22,477
2024-10-23,480
2024-10-24,476
2024-10-25,468
2024-10-28,465
2024-10-29,465
2024-10-30,463
2024-10-31,471
2024-11-01,468
2024-11-04,473
2024-11-05,474
2024-11-06,461
2024-11-07,449
2024-11-08,450
2024-11-11,450
2024-11-12,450
2024-11-13,450
2024-11-14,452
2024-11-15,461
2024-11-18,467
2024-11-19,459
2024-11-20,454
2024-11-21,452
2024-11-22,454
2024-11-25,458
2024-11-26,458
2024-11-27,458
2024-11-28,459
2024-11-29,462
2024-12-02,462
2024-12-03,458
2024-12-04,461
2024-12-05,458
2024-12-06,455
2024-12-09,451
2024-12-10,450
2024-12-11,447
2024-12-12,445
2024-12-13,449
2024-12-16,453
2024-12-17,456
2024-12-18,452
2024-12-19,463
2024-12-20,460
2024-12-23,457
2024-12-24,458
2024-12-25,458
2024-12-26,460
2024-12-27,457
2024-12-30,465
2024-12-31,461
2025-01-01,461
2025-01-02,461
2025-01-03,452
2025-01-06,446
2025-01-07,435
2025-01-08,454
2025-01-09,451
2025-01-10,454
2025-01-13,458
2025-01-14,457
2025-01-15,452
2025-01-16,455
2025-01-17,457
2025-01-20,457
2025-01-21,452
2025-01-22,451
2025-01-23,451
2025-01-24,450
2025-01-27,456
2025-01-28,455
2025-01-29,453
2025-01-30,450
2025-01-31,443
2025-02-03,442
2025-02-04,441
2025-02-05,439
2025-02-06,438
2025-02-07,438
2025-02-10,442
2025-02-11,448
2025-02-12,443
2025-02-13,441
2025-02-14,438
2025-02-17,438
2025-02-18,439
2025-02-19,444
2025-02-20,444
2025-02-21,447
2025-02-24,451
2025-02-25,452
2025-02-26,454
2025-02-27,455
2025-02-28,456
2025-03-03,457
2025-03-04,454
2025-03-05,448
2025-03-06,456
2025-03-07,452
2025-03-10,459
2025-03-11,459
2025-03-12,456
2025-03-13,464
2025-03-14,458
2025-03-17,456
2025-03-18,458
2025-03-19,452
2025-03-20,453
2025-03-21,436
2025-03-24,452
2025-03-25,450
2025-03-26,452
2025-03-27,456
2025-03-28,466
2025-03-31,470
2025-04-01,466
2025-04-02,465
2025-04-03,486
2025-04-04,504
2025-04-07,516
2025-04-08,522
2025-04-09,501
2025-04-10,506
2025-04-11,508
2025-04-14,488
2025-04-15,487
2025-04-16,497
2025-04-17,488
2025-04-18,488
2025-04-21,495
2025-04-22,486
2025-04-23,475
2025-04-24,474
2025-04-25,471
2025-04-28,476
2025-04-29,477
2025-04-30,481
2025-05-01,478
2025-05-02,473
2025-05-05,475
2025-05-06,472
2025-05-07,466
2025-05-08,458
2025-05-09,457
2025-05-12,440
2025-05-13,439
2025-05-14,438
2025-05-15,443
2025-05-16,440
2025-05-19,439
2025-05-20,435
2025-05-21,435
2025-05-22,440
2025-05-23,443
2025-05-26,443
2025-05-27,441
2025-05-28,443
2025-05-29,444
2025-05-30,449
2025-06-02,447
2025-06-03,438
2025-06-04,442
2025-06-05,442
2025-06-06,436
2025-06-09,438
2025-06-10,432
2025-06-11,430
2025-06-12,431
2025-06-13,430
2025-06-16,426
2025-06-17,434
2025-06-18,435
2025-06-19,435
2025-06-20,436
2025-06-23,437
2025-06-24,433
2025-06-25,434
2025-06-26,435
2025-06-27,431
2025-06-30,429
2025-07-01,422
2025-07-02,421
2025-07-03,411
2025-07-04,411
2025-07-07,406
2025-07-08,420
2025-07-09,416
2025-07-10,417
2025-07-11,417
2025-07-14,422
2025-07-15,418
2025-07-16,426
2025-07-17,427
2025-07-18,423
2025-07-21,420
2025-07-22,422
2025-07-23,418
2025-07-24,413
2025-07-25,413
2025-07-28,409
2025-07-29,410
2025-07-30,409
2025-07-31,402
2025-08-01,417
2025-08-04,411
2025-08-05,409
2025-08-06,408
2025-08-07,403
2025-08-08,401
2025-08-11,397
2025-08-12,391
2025-08-13,388
2025-08-14,386
2025-08-15,385
2025-08-18,383
2025-08-19,383
2025-08-20,390
2025-08-21,392
2025-08-22,391
2025-08-25,394
2025-08-26,400
2025-08-27,402
2025-08-28,396
2025-08-29,392
2025-10-01,386
2025-10-02,382
2025-10-03,374
2025-10-06,370
2025-10-07,375
2025-10-08,374
2025-10-09,368
2025-10-10,383
2025-10-13,383
2025-10-14,387
2025-10-15,379
2025-10-16,381
2025-10-17,382
2025-10-20,376
2025-10-21,374
2025-10-22,379
2025-10-23,371
2025-10-24,371
2025-10-27,347
2025-10-28,346
2025-10-29,338
2025-10-30,342
2025-10-31,335
2025-11-03,339
2025-11-04,345
2025-11-05,339
2025-11-06,346
2025-11-07,346
2025-11-10,339
2025-11-11,339
2025-11-12,341
2025-11-13,339
2025-11-14,338
2025-11-17,339
2025-11-18,342
2025-11-19,338
2025-11-20,343
2025-11-21,347
2025-11-24,345
2025-11-25,349
2025-11-26,348
2025-11-27,348
2025-11-28,343
2025-12-01,339
2025-12-02,337
2025-12-03,333
2025-12-04,333
2025-12-05,333
2025-12-08,336
2025-12-09,340
2025-12-10,339
2025-12-11,336
2025-12-12,331
2025-12-15,326
2025-12-16,328
2025-12-17,331
2025-12-18,333
2025-12-19,331
2025-12-22,329
2025-12-23,330
2025-12-24,332
2025-12-25,332
2025-12-26,332
2025-12-29,332
2025-12-30,333
2025-12-31,330
2026-01-01,330
2026-01-02,328
2026-01-05,316
2026-01-06,315
2026-01-07,315
2026-01-08,320
2026-01-09,318
2026-01-12,321
2026-01-13,325
2026-01-14,326
2026-01-15,320
2026-01-16,315
2026-01-19,315
2026-01-20,317
2026-01-21,312
2026-01-22,310
2026-01-23,309
2026-01-26,307
2026-01-27,306
2026-01-28,307
2026-01-29,307
2026-01-30,303
2026-02-02,301
2026-02-03,302
2026-02-04,299
2026-02-05,305
2026-02-06,303
2026-02-09,300
2026-02-10,301
2026-02-11,299
2026-02-12,299
2026-02-13,302
2026-02-16,302
2026-02-17,300
2026-02-18,298
2026-02-19,301
2026-02-20,299
2026-02-23,303
2026-02-24,302
2026-02-25,301
2026-02-26,308
2026-02-27,314
2026-03-02,312
2026-03-03,316
2026-03-04,305
2026-03-05,306
2026-03-06,312
2026-03-09,316
2026-03-10,303
2026-03-11,299
2026-03-12,303
2026-03-13,309
2026-03-16,314
2026-03-17,311
2026-03-18,309
2026-03-19,313
2026-03-20,315
2026-03-23,311
2026-03-24,314
2026-03-25,312
2026-03-26,311
2026-03-27,321
2026-03-30,330
2026-03-31,322
2026-04-01,316
2026-04-02,317
2026-04-03,315
2026-04-06,315
2026-04-07,318
2026-04-08,304
2026-04-09,299
2026-04-10,295
2026-04-13,291
2026-04-14,285
2026-04-15,282
2026-04-16,279
2026-04-17,278
2026-04-20,279
2026-04-21,277
2026-04-22,276
2026-04-23,279
2026-04-24,281
2026-04-27,283
2026-04-28,285
2026-04-29,280
2026-04-30,278
2026-05-01,274
2026-05-04,276
2026-05-05,270
2026-05-06,269
2026-05-07,271
2026-05-08,270
2026-05-11,267
2026-05-12,269
2026-05-13,270
2026-05-14,270
2026-05-15,272
2026-05-18,277
2026-05-19,280
2026-05-20,280
2026-05-21,282
2026-05-22,279
2026-05-25,279
2026-05-26,280
2026-05-27,279
2026-05-28,276
2026-05-29,267
2026-06-01,274
