fecha,embig_america_latina_pbs,embig_peru_pbs,embig_argentina_pbs,embig_brasil_pbs,embig_ecuador_pbs,embig_mexico_pbs,embig_venezuela_pbs,embig_colombia_pbs,embig_chile_pbs,embig_emergentes_pbs,embig_embig_general_pbs,embig_peru_pdi_pbs,embig_peru_flirb_pbs
1998-01-01,,421,,,,,,,,,,,
1998-01-02,466,411,457,516,641,403,436,296,,487.04,,,
1998-01-05,484,433,467,544,652,422,452,296,,505.053,,,
1998-01-06,509,459,487,579,700,432,476,294,,529.821,,,
1998-01-07,501,459,479,571,695,417,476,311,,523.473,,,
1998-01-08,518,478,491,595,705,425,498,340,,540.673,,,
1998-01-09,535,503,507,612,747,441,517,348,,559.966,,,
1998-01-12,553,530,531,634,774,441,537,349,,575.456,,,
1998-01-13,533,513,510,601,749,435,533,320,,556.286,,,
1998-01-14,524,487,500,589,765,425,535,320,,547.671,,,
1998-01-15,542,497,517,616,802,435,547,319,,566.656,,,
1998-01-16,518,477,495,586,772,421,520,313,,544.471,,,
1998-01-19,518,477,495,586,772,421,520,313,,544.471,,,
1998-01-20,515,472,492,581,768,420,516,302,,539.354,,,
1998-01-21,535,494,510,607,795,433,528,309,,554.546,,,
1998-01-22,530,481,504,600,809,429,527,307,,551.895,,,
1998-01-23,522,481,493,596,809,414,525,294,,550.873,,,
1998-01-26,518,476,492,585,803,419,522,317,,546.839,,,
1998-01-27,500,465,471,562,765,405,506,313,,530.053,,,
1998-01-28,504,461,474,570,777,410,508,305,,536.329,,,
1998-01-29,493,450,462,557,766,403,494,324,,524.714,,,
1998-01-30,479,443,444,543,742,393,479,310,,510.252,,,
1998-02-02,468,429,432,531,730,385,471,303,,498.635,,,
1998-02-03,468,430,433,532,725,382,468,312,,500.573,,,
1998-02-04,464,423,430,529,718,378,460,310,,496.562,,,
1998-02-05,460,412,426,524,709,373,462,289,,489.823,,,
1998-02-06,451,411,418,510,720,369,447,280,,479.62,,,
1998-02-09,454,418,422,514,737,367,448,281,,483.168,,,
1998-02-10,452,418,419,510,723,371,447,281,,482.141,,,
1998-02-11,448,426,414,501,703,375,449,300,,477.136,,,
1998-02-12,456,433,421,510,715,381,461,304,,485.387,,,
1998-02-13,459,424,422,512,720,384,469,308,,488.449,,,
1998-02-16,459,424,422,512,720,384,469,308,,488.449,,,
1998-02-17,462,425,425,514,717,392,473,312,,489.055,,,
1998-02-18,458,429,419,508,716,388,472,304,,484.693,,,
1998-02-19,457,429,418,506,712,394,469,302,,482.252,,,
1998-02-20,460,429,423,511,714,391,472,294,,486.712,,,
1998-02-23,456,422,420,505,718,384,472,280,,480.77,,,
1998-02-24,455,430,417,507,723,381,472,277,,482.244,,,
1998-02-25,452,425,414,502,700,384,468,282,,479.117,,,
1998-02-26,447,422,411,497,694,377,459,279,,474.181,,,
1998-02-27,443,418,406,493,683,377,452,266,,468.137,,,
1998-03-02,438,419,400,488,685,371,449,261,,460.777,,,
1998-03-03,435,416,397,487,674,366,444,267,,457.717,,,
1998-03-04,436,419,398,489,663,366,448,266,,459.563,,,
1998-03-05,447,432,407,502,679,375,457,275,,470.257,,,
1998-03-06,441,436,403,491,671,374,449,270,,463.942,,,
1998-03-09,447,439,410,497,674,386,453,277,,469.625,,,
1998-03-10,440,432,403,489,666,380,448,275,,463.183,,,
1998-03-11,439,431,402,485,663,385,447,275,,461.145,,,
1998-03-12,437,427,407,476,631,389,447,271,,457.276,,,
1998-03-13,432,417,404,467,630,383,443,281,,453.034,,,
1998-03-16,428,405,400,458,631,386,445,277,,447.636,,,
1998-03-17,434,402,407,464,664,388,455,271,,454.851,,,
1998-03-18,418,393,398,447,655,360,437,270,,442.307,,,
1998-03-19,411,386,391,437,652,353,429,269,,434.27,,,
1998-03-20,412,381,386,444,654,355,430,264,,432.925,,,
1998-03-23,401,384,381,427,630,351,409,264,,423.995,,,
1998-03-24,412,393,388,442,651,363,424,266,,434.532,,,
1998-03-25,418,390,392,447,695,368,424,277,,440.837,,,
1998-03-26,412,388,388,439,704,363,416,273,,437.114,,,
1998-03-27,405,377,381,431,675,357,410,272,,429.664,,,
1998-03-30,411,384,389,435,689,364,419,269,,437.511,,,
1998-03-31,415,384,392,441,684,366,423,285,,436.351,,,
1998-04-01,420,390,397,446,690,373,433,290,,440.279,,,
1998-04-02,431,399,407,458,707,382,448,297,,450.683,,,
1998-04-03,457,415,436,488,720,404,470,306,,472.018,,,
1998-04-06,447,407,426,476,716,395,459,291,,463.931,,,
1998-04-07,435,405,415,462,698,380,449,287,,453.509,,,
1998-04-08,432,400,413,461,702,373,448,289,,451.567,,,
1998-04-09,425,393,409,452,679,366,444,290,,444.717,,,
1998-04-10,425,393,409,452,679,366,444,290,,444.717,,,
1998-04-13,425,390,407,454,678,366,442,280,,443.065,,,
1998-04-14,423,393,405,449,671,367,448,284,,439.212,,,
1998-04-15,426,396,405,450,667,370,462,291,,440.586,,,
1998-04-16,431,401,409,458,695,371,467,292,,446.251,,,
1998-04-17,431,403,411,460,686,369,465,293,,447.487,,,
1998-04-20,433,397,408,463,712,370,463,289,,448.759,,,
1998-04-21,428,395,400,461,706,366,459,285,,443.833,,,
1998-04-22,429,394,402,465,710,362,456,282,,444.151,,,
1998-04-23,427,390,398,460,705,364,454,285,,443.56,,,
1998-04-24,434,396,405,469,713,372,461,288,,446.611,,,
1998-04-27,450,397,418,493,734,383,474,295,,462.879,,,
1998-04-28,448,405,418,486,739,381,470,299,,459.819,,,
1998-04-29,442,400,416,478,730,376,467,298,,455.852,,,
1998-04-30,433,399,408,463,703,373,460,312,,442.778,,,
1998-05-01,429,391,404,459,694,373,451,293,,437.39,,,
1998-05-04,434,389,408,465,703,378,458,294,,442.036,,,
1998-05-05,440,389,411,476,715,378,465,291,,448.776,,,
1998-05-06,453,396,426,491,723,388,481,297,,462.518,,,
1998-05-07,451,403,422,492,725,384,476,303,,460.503,,,
1998-05-08,451,398,420,493,730,384,483,298,,458.757,,,
1998-05-11,455,400,422,499,745,381,487,296,,464.324,,,
1998-05-12,469,418,439,515,752,398,493,307,,479.058,,,
1998-05-13,469,426,437,515,748,400,491,315,,480.981,,,
1998-05-14,467,419,435,512,740,399,489,311,,480.173,,,
1998-05-15,459,418,428,501,734,396,479,312,,473.565,,,
1998-05-18,497,445,461,556,774,422,509,319,,509.116,,,
1998-05-19,494,453,459,546,779,420,515,321,,505.457,,,
1998-05-20,487,453,450,535,764,417,512,321,,496.419,,,
1998-05-21,481,447,445,526,762,413,508,320,,491.265,,,
1998-05-22,486,452,448,537,765,414,511,325,,496.204,,,
1998-05-25,486,452,448,537,765,414,511,325,,496.204,,,
1998-05-26,516,466,474,577,806,440,537,333,,527.897,,,
1998-05-27,521,464,484,581,794,443,545,343,,533.288,,,
1998-05-28,504,434,468,558,766,430,535,339,,516.902,,,
1998-05-29,509,445,471,570,776,429,536,341,,523.569,,,
1998-06-01,521,450,481,588,784,440,544,347,,532.337,,,
1998-06-02,496,430,456,554,762,422,526,347,,506.421,,,
1998-06-03,499,442,456,561,759,425,526,349,,510.428,,,
1998-06-04,492,436,448,555,759,416,517,346,,506.167,,,
1998-06-05,490,437,447,553,746,410,515,348,,504.135,,,
1998-06-08,499,463,452,566,768,418,520,348,,513.421,,,
1998-06-09,506,465,458,574,781,420,535,347,,520.104,,,
1998-06-10,523,474,475,597,808,434,546,356,,537.682,,,
1998-06-11,553,493,501,634,832,464,573,369,,563.758,,,
1998-06-12,552,507,501,632,834,460,578,382,,562.817,,,
1998-06-15,577,522,525,658,870,479,619,394,,585.927,,,
1998-06-16,556,520,504,630,837,463,600,391,,566.096,,,
1998-06-17,526,494,474,593,791,442,568,376,,541.211,,,
1998-06-18,544,519,485,617,808,457,596,390,,560.961,,,
1998-06-19,540,504,477,611,807,460,596,394,,558.772,,,
1998-06-22,551,504,488,628,818,466,606,379,,569.158,,,
1998-06-23,546,498,485,621,812,464,595,373,,564.495,,,
1998-06-24,553,499,491,631,816,467,604,365,,570.46,,,
1998-06-25,568,510,503,655,846,474,622,378,,592.038,,,
1998-06-26,595,546,521,689,876,500,654,382,,627.394,,,
1998-06-29,589,549,516,677,878,494,651,384,,618.728,,,
1998-06-30,579,543,503,660,864,488,669,390,,610.097,,,
1998-07-01,572,544,498,644,839,484,690,379,,600.553,,,
1998-07-02,579,556,496,651,851,487,721,381,,605.232,,,
1998-07-03,579,556,496,651,851,487,721,381,,605.232,,,
1998-07-06,604,607,507,682,881,505,789,391,,636.423,,,
1998-07-07,588,601,493,664,844,486,775,380,,624.012,,,
1998-07-08,576,598,477,652,827,472,778,380,,620.465,,,
1998-07-09,582,592,482,652,832,483,798,384,,622.44,,,
1998-07-10,560,578,466,620,804,467,773,384,,598.349,,,
1998-07-13,544,568,448,599,779,456,770,377,,572.638,,,
1998-07-14,527,545,432,582,758,442,735,373,,557.844,,,
1998-07-15,532,534,441,593,764,444,725,373,,567.038,,,
1998-07-16,525,528,436,584,753,439,707,366,,562.391,,,
1998-07-17,516,509,427,576,739,430,699,365,,556.556,,,
1998-07-20,508,503,424,564,729,428,685,359,,549.674,,,
1998-07-21,515,495,432,570,728,437,691,353,,552.037,,,
1998-07-22,522,477,438,575,749,442,720,362,,562.443,,,
1998-07-23,537,498,445,598,763,452,750,363,,585.314,,,
1998-07-24,544,501,450,607,762,455,771,359,,596.881,,,
1998-07-27,560,515,459,632,798,459,806,367,,621.407,,,
1998-07-28,559,515,459,626,811,456,821,365,,622.201,,,
1998-07-29,553,522,455,610,814,454,832,359,,615.027,,,
1998-07-30,554,509,452,610,810,460,841,363,,611.235,,,
1998-07-31,551,515,449,607,814,457,833,364,,613.961,,,
1998-08-03,570,519,466,626,842,477,857,368,,632.969,,,
1998-08-04,580,524,472,641,861,485,875,370,,643.985,,,
1998-08-05,596,537,485,665,875,493,897,371,,659.576,,,
1998-08-06,603,559,490,669,899,495,923,370,,673.346,,,
1998-08-07,671,604,541,742,983,553,1108,374,,741.779,,,
1998-08-10,739,663,592,815,1083,604,1292,423,,811.127,,,
1998-08-11,747,645,601,824,1122,618,1262,468,,830.106,,,
1998-08-12,775,663,623,870,1136,629,1311,422,,868.733,,,
1998-08-13,708,612,570,787,1095,583,1134,421,,800.768,,,
1998-08-14,692,609,557,755,1115,577,1117,425,,787.195,,,
1998-08-17,771,645,634,855,1176,631,1241,435,,881.932,,,
1998-08-18,752,621,612,827,1185,622,1239,444,,882.826,,,
1998-08-19,790,668,642,861,1253,634,1441,440,,920.576,,,
1998-08-20,917,702,728,965,1686,727,2131,443,,1023.36,,,
1998-08-21,1116,789,985,1177,1850,892,2147,579,,1203.67,,,
1998-08-24,1118,781,1016,1194,1750,884,2019,625,,1219.72,,,
1998-08-25,1038,754,918,1124,1669,808,1894,593,,1155.81,,,
1998-08-26,1129,782,1014,1239,1778,857,2080,633,,1248,,,
1998-08-27,1360,899,1260,1512,1988,983,2658,712,,1454.63,,,
1998-08-28,1312,911,1270,1426,1923,940,2475,694,,1412.79,,,
1998-08-31,1320,941,1272,1419,2079,935,2526,711,,1485.23,,,
1998-10-01,1213,882,1004,1443,2051,1030,1605,974,,1418.59,,,
1998-10-02,1127,840,899,1354,1925,956,1508,992,,1349.64,,,
1998-10-05,1208,880,948,1454,2021,1067,1627,1006,,1412.96,,,
1998-10-06,1149,840,903,1380,1937,1001,1549,987,,1369.46,,,
1998-10-07,1158,860,915,1393,2024,1007,1516,962,,1369.34,,,
1998-10-08,1137,862,891,1379,2031,986,1447,945,,1367.07,,,
1998-10-09,1080,864,829,1337,1936,923,1318,904,,1323.53,,,
1998-10-12,1080,864,829,1337,1936,923,1318,904,,1323.53,,,
1998-10-13,1048,826,801,1305,1842,871,1329,907,,1298.87,,,
1998-10-14,1048,863,812,1278,1848,888,1336,928,,1298.35,,,
1998-10-15,1028,776,794,1264,1758,880,1285,928,,1268.78,,,
1998-10-16,1007,797,796,1218,1636,856,1287,919,,1249.8,,,
1998-10-19,980,790,774,1183,1596,822,1271,905,,1227.29,,,
1998-10-20,939,777,743,1124,1508,791,1230,837,,1182.08,,,
1998-10-21,954,762,749,1138,1514,808,1293,834,,1192.91,,,
1998-10-22,945,725,744,1111,1502,796,1368,826,,1175.22,,,
1998-10-23,947,696,757,1106,1522,780,1425,799,,1176.66,,,
1998-10-26,969,702,768,1150,1539,804,1422,782,,1188.6,,,
1998-10-27,1007,729,789,1204,1583,864,1436,769,,1219.42,,,
1998-10-28,1034,749,819,1246,1574,862,1504,777,,1239.47,,,
1998-10-29,1067,775,847,1311,1589,893,1476,791,,1261.9,,,
1998-10-30,986,755,776,1200,1485,814,1399,756,,1198.03,,,
1998-11-02,935,705,730,1148,1434,761,1301,741,,1149.1,,,
1998-11-03,927,701,730,1136,1370,751,1313,710,,1146.62,,,
1998-11-04,907,677,731,1109,1293,720,1295,607,,1133.83,,,
1998-11-05,881,677,713,1061,1272,704,1274,583,,1113.31,,,
1998-11-06,847,651,678,1001,1187,690,1288,554,,1079.99,,,
1998-11-09,866,637,694,1005,1239,721,1377,528,,1093.34,,,
1998-11-10,904,647,728,1053,1296,759,1428,563,,1124.23,,,
1998-11-11,904,647,728,1053,1296,759,1428,563,,1124.23,,,
1998-11-12,940,651,739,1114,1344,776,1549,568,,1160.19,,,
1998-11-13,927,638,726,1094,1281,760,1598,564,,1149.42,,,
1998-11-16,902,630,713,1051,1276,744,1541,557,,1126.59,,,
1998-11-17,875,632,695,1016,1205,726,1461,545,,1095.29,,,
1998-11-18,886,615,710,1021,1219,740,1509,564,,1104.12,,,
1998-11-19,859,616,691,982,1171,717,1457,602,,1076.29,,,
1998-11-20,817,578,661,932,1101,678,1386,588,,1015.41,,,
1998-11-23,813,563,648,939,1111,669,1375,580,,1014.4,,,
1998-11-24,830,586,645,961,1192,679,1450,595,,1031.03,,,
1998-11-25,834,602,626,959,1189,688,1598,580,,1037.63,,,
1998-11-26,834,602,626,959,1189,688,1598,580,,1037.63,,,
1998-11-27,817,590,621,930,1141,674,1557,582,,1018.95,,,
1998-11-30,864,610,661,983,1221,729,1623,606,,1058.55,,,
1998-12-01,904,645,691,1040,1270,768,1644,630,,1096.22,,,
1998-12-02,920,693,696,1071,1416,783,1569,673,,1110.95,,,
1998-12-03,963,667,727,1165,1509,785,1595,687,,1145.91,,,
1998-12-04,961,666,724,1187,1481,774,1529,689,,1142.02,,,
1998-12-07,942,661,697,1153,1528,762,1542,682,,1129.98,,,
1998-12-08,936,643,691,1160,1551,776,1397,720,,1128.46,,,
1998-12-09,953,660,709,1178,1599,782,1439,721,,1144.76,,,
1998-12-10,956,660,711,1175,1687,780,1469,721,,1151.5,1164,,
1998-12-11,979,665,734,1228,1717,771,1497,724,,1169.57,1176,,
1998-12-14,1025,685,770,1303,1808,807,1534,764,,1213.52,1227,,
1998-12-15,975,680,731,1231,1640,767,1463,758,,1175.92,1195,,
1998-12-16,991,683,747,1259,1708,771,1463,718,,1184.76,1210,,
1998-12-17,994,683,757,1269,1595,777,1441,722,,1192.15,1208,,
1998-12-18,996,691,757,1290,1623,775,1403,649,,1191.36,1215,,
1998-12-21,959,676,721,1225,1616,736,1432,629,,1156.29,1169,,
1998-12-22,939,675,694,1212,1553,713,1419,620,,1138.08,1152,,
1998-12-23,926,628,684,1214,1545,687,1383,605,,1123.04,1135,,
1998-12-24,920,612,681,1206,1541,676,1392,604,,1119.62,1136,,
1998-12-25,920,612,681,1206,1541,676,1392,604,,1119.62,1139,,
1998-12-28,926,605,688,1218,1533,694,1350,615,,1123.5,1149,,
1998-12-29,947,614,703,1251,1549,720,1356,619,,1134.81,1159,,
1998-12-30,958,610,707,1269,1603,743,1337,625,,1137.13,1154,,
1998-12-31,941,612,705,1239,1631,726,1309,626,,1123.3,1144,,
1999-01-01,941,612,705,1239,1631,726,1309,626,,1123.3,1139,,
1999-01-04,899,597,667,1195,1551,678,1249,616,,1088.02,1114,,
1999-01-05,864,583,641,1152,1483,644,1201,576,,1052.91,1076,,
1999-01-06,863,597,640,1155,1489,644,1170,586,,1054.29,1088,,
1999-01-07,915,612,662,1259,1547,669,1284,590,,1096.74,1103,,
1999-01-08,940,645,675,1325,1575,676,1274,588,,1113.63,1128,,
1999-01-11,975,676,699,1390,1634,695,1330,600,,1143.12,1174,,
1999-01-12,1029,686,741,1479,1738,742,1369,612,,1186.02,1251,,
1999-01-13,1223,786,980,1687,2063,894,1553,679,,1337.3,1417,,
1999-01-14,1314,800,1107,1777,2285,958,1651,710,,1398.27,1483,,
1999-01-15,1108,744,892,1439,2089,837,1473,679,,1250.26,1302,,
1999-01-18,1108,744,892,1439,2089,837,1473,679,,1250.26,1260,,
1999-01-19,1034,693,820,1319,2193,758,1482,670,,1191.41,1238,,
1999-01-20,1021,681,808,1313,2161,723,1523,642,,1173.34,1224,,
1999-01-21,1131,722,935,1510,2009,782,1582,667,,1258.17,1310,,
1999-01-22,1172,738,937,1637,2058,815,1552,682,,1285.84,1352,,
1999-01-25,1216,777,970,1727,2086,855,1561,696,,1308.21,1395,,
1999-01-26,1161,758,922,1598,2066,835,1521,683,,1267.36,1343,,
1999-01-27,1168,739,907,1642,2064,836,1546,662,,1257.98,1337,,
1999-01-28,1111,746,865,1543,2041,792,1448,643,,1219.69,1290,,
1999-01-29,1102,743,857,1516,2055,784,1472,641,,1199.29,1288,,
1999-02-01,1023,730,785,1364,2027,734,1411,642,,1146.49,1234,,
1999-02-02,1003,732,769,1314,1963,712,1476,611,,1135.73,1205,,
1999-02-03,1008,725,774,1320,1938,725,1475,615,,1142.42,1209,,
1999-02-04,998,746,757,1321,2043,696,1441,608,,1132.52,1212,,
1999-02-05,1036,736,793,1368,2153,732,1491,617,,1158.46,1232,,
1999-02-08,1050,741,811,1391,2088,753,1459,619,,1175.29,1247,,
1999-02-09,1038,738,805,1371,2039,756,1404,645,,1163.33,1257,,
1999-02-10,1028,703,802,1356,1966,748,1391,644,,1155.83,1221,,
1999-02-11,1000,697,764,1322,2107,715,1369,636,,1132.95,1204,,
1999-02-12,977,689,737,1301,2125,677,1367,620,,1113.68,1182,,
1999-02-15,977,689,737,1301,2125,677,1367,620,,1113.68,1185,,
1999-02-16,954,697,721,1252,2098,670,1339,602,,1095.4,1171,,
1999-02-17,974,702,750,1263,2114,693,1378,607,,1107.96,1178,,
1999-02-18,975,695,755,1265,2111,688,1404,587,,1109.54,1178,,
1999-02-19,970,692,748,1269,2118,688,1357,582,,1106.6,1180,,
1999-02-22,983,690,761,1279,2062,706,1391,593,,1121.71,1193,,
1999-02-23,999,696,774,1313,2131,707,1413,590,,1135.17,1199,,
1999-02-24,989,672,764,1300,2150,693,1426,582,,1129.29,1201,,
1999-02-25,1010,672,783,1349,2166,697,1413,586,,1150.55,1208,,
1999-02-26,1019,663,795,1378,2405,698,1399,588,,1157.17,1229,,
1999-03-01,992,631,765,1342,2388,675,1391,603,,1141.16,1303,,
1999-03-02,1033,661,786,1451,2613,681,1424,621,,1171.23,1348,,
1999-03-03,1055,665,801,1482,2722,686,1495,626,,1190.88,1347,,
1999-03-04,1012,660,758,1395,2691,667,1461,635,,1167.16,1333,,
1999-03-05,986,649,746,1332,2574,654,1445,626,,1147.89,1315,,
1999-03-08,984,664,743,1311,2941,652,1460,632,,1145.88,1313,,
1999-03-09,973,662,737,1289,2519,660,1436,642,,1133.47,1308,,
1999-03-10,943,662,716,1238,2383,639,1398,619,,1107.46,1267,,
1999-03-11,931,608,715,1234,2415,623,1351,583,,1092.08,1256,,
1999-03-12,929,601,711,1254,2412,612,1315,592,,1093.37,1237,,
1999-03-15,893,568,689,1184,2415,583,1299,573,,1069.07,1216,,
1999-03-16,908,574,701,1202,2464,599,1332,552,,1076.28,1223,,
1999-03-17,904,574,693,1209,2390,590,1339,553,,1073.66,1206,,
1999-03-18,887,561,688,1174,2108,587,1308,553,,1057.32,1210,,
1999-03-19,876,575,682,1149,2187,577,1301,521,,1050.04,1190,,
1999-03-22,875,563,688,1149,2097,576,1290,517,,1048.65,1187,,
1999-03-23,890,561,694,1181,2147,584,1314,508,,1067.14,1215,,
1999-03-24,901,556,702,1197,2242,595,1312,511,,1079.67,1228,,
1999-03-25,882,550,687,1149,2192,596,1300,507,,1063.54,1214,,
1999-03-26,872,554,684,1122,2182,590,1296,519,,1058.76,1208,,
1999-03-29,847,550,683,1067,2048,578,1238,515,,1040.3,1189,,
1999-03-30,842,554,694,1048,1941,585,1198,521,,1034.56,1181,,
1999-03-31,830,562,683,1044,1973,582,1140,506,,1031.37,1170,,
1999-04-01,805,537,665,1017,1856,558,1100,498,,1014.4,1147,,
1999-04-02,805,537,665,1017,1856,558,1100,498,,1014.4,1155,,
1999-04-05,797,534,662,991,1845,565,1083,504,,1008.56,1140,,
1999-04-06,803,535,669,992,1918,575,1085,502,,1013.58,1151,,
1999-04-07,794,538,654,974,1966,566,1108,505,,1005.3,1130,,
1999-04-08,776,534,635,944,1831,554,1135,494,,980.828,1126,,
1999-04-09,797,533,648,975,1883,569,1184,488,,996.705,1121,,
1999-04-12,777,511,628,959,1807,556,1135,482,,980.111,1098,,
1999-04-13,746,514,613,895,1703,529,1131,466,,953.975,1080,,
1999-04-14,738,514,620,883,1629,525,1075,453,,941.915,1070,,
1999-04-15,747,536,631,901,1659,530,1050,453,,949.869,1069,,
1999-04-16,705,524,600,838,1531,523,929,446,,916.107,1040,,
1999-04-19,705,527,604,831,1539,520,932,461,,914.996,1044,,
1999-04-20,719,533,607,864,1549,532,925,471,,928.676,1049,,
1999-04-21,712,517,612,852,1572,529,891,462,,923.283,1033,,
1999-04-22,706,522,603,853,1645,522,848,462,,915.568,1039,,
1999-04-23,713,518,607,860,1654,530,864,459,,916.955,1049,,
1999-04-26,718,516,605,872,1672,530,873,461,,921.179,1044,,
1999-04-27,729,528,614,908,1603,530,868,462,,931.568,1054,,
1999-04-28,730,516,621,906,1640,526,870,462,,934.014,1055,,
1999-04-29,731,513,628,900,1645,531,856,467,,931.282,1047,,
1999-04-30,696,479,595,875,1553,509,813,458,,896.778,1018,,
1999-05-03,685,472,592,851,1533,503,790,461,,889.378,993,,
1999-05-04,686,484,586,862,1459,503,799,458,,884.733,999,,
1999-05-05,704,493,598,886,1535,525,813,468,,899.386,1005,,
1999-05-06,700,498,596,886,1481,518,801,475,,889.654,1000,,
1999-05-07,683,498,582,856,1459,512,766,478,,872.511,983,,
1999-05-10,680,503,583,850,1392,507,771,482,,875.177,981,,
1999-05-11,689,505,591,867,1410,510,781,484,,885.448,999,,
1999-05-12,704,526,606,886,1495,519,782,487,,909.965,1020,,
1999-05-13,715,532,626,885,1488,534,803,487,,916.31,1034,,
1999-05-14,725,537,631,901,1543,539,812,495,,924.465,1037,,
1999-05-17,748,537,659,919,1602,562,853,477,,938.711,1060,,
1999-05-18,764,543,660,946,1587,578,890,500,,947.224,1069,,
1999-05-19,814,575,717,995,1738,620,955,511,,989.838,1117,,
1999-05-20,823,597,731,1005,1770,614,971,528,,997.368,1141,,
1999-05-21,876,630,776,1074,1838,667,1011,572,,1042.21,1173,,
1999-05-24,909,639,817,1112,1895,691,1044,596,,1068.71,1222,,
1999-05-25,881,669,798,1069,1951,657,997,637,,1042.97,1196,,
1999-05-26,836,619,759,1032,1806,601,952,632,,1003.62,1125,,
1999-05-27,865,605,784,1064,1856,621,1016,740,,1022.92,1153,,
1999-05-28,857,603,784,1051,1862,610,1020,668,192,1006.55,1150,,
1999-05-31,857,603,784,1051,1862,610,1020,668,192,1006.55,1156,,
1999-06-01,869,591,801,1053,1931,617,1076,658,200,1013.17,1155,,
1999-06-02,860,607,787,1051,1959,612,1006,689,197,1008.73,1152,,
1999-06-03,848,612,770,1036,2037,613,956,679,199,1000.08,1149,,
1999-06-04,834,613,759,1021,2008,599,930,666,197,983.685,1127,,
1999-06-07,818,617,733,1001,1979,586,941,630,202,967.222,1109,,
1999-06-08,822,632,745,1000,1987,587,943,622,185,962.33,1107,,
1999-06-09,839,649,752,1015,2092,610,969,643,180,974.974,1116,,
1999-06-10,849,682,758,1022,2151,618,986,690,194,982.126,1127,,
1999-06-11,856,666,777,1029,2196,610,1004,673,186,986.948,1134,,
1999-06-14,851,671,769,1025,2224,607,984,691,186,986.232,1132,,
1999-06-15,829,664,757,992,2147,588,949,677,188,968.409,1111,,
1999-06-16,800,631,732,960,2099,563,896,660,185,948.248,1078,,
1999-06-17,784,600,725,932,1942,566,862,654,204,932.372,1076,,
1999-06-18,786,590,735,938,1896,560,873,647,192,931.179,1068,,
1999-06-21,778,578,732,928,1889,545,866,642,198,924.222,1053,,
1999-06-22,785,590,731,933,1898,546,910,651,193,917.331,1068,,
1999-06-23,801,599,737,958,1955,553,957,674,174,934.909,1056,,
1999-06-24,810,611,739,973,1965,565,962,670,170,944.003,1075,,
1999-06-25,833,616,750,1008,2031,584,996,714,170,963.181,1100,,
1999-06-28,836,635,762,1010,2146,571,982,707,175,961.496,1111,,
1999-06-29,831,612,764,988,2193,592,958,660,175,957.549,1096,,
1999-06-30,812,609,756,947,2113,590,926,667,189,933.668,1076,,
1999-07-01,819,606,774,961,2118,576,939,664,193,937.962,1073,,
1999-07-02,825,606,782,961,2115,583,967,667,184,942.971,1077,,
1999-07-05,825,606,782,961,2115,583,967,667,184,942.971,1078,,
1999-07-06,810,599,775,947,2103,573,894,662,183,928.421,1070,,
1999-07-07,825,582,796,966,2147,580,917,662,185,937.148,1072,,
1999-07-08,853,579,842,993,2199,605,920,668,197,954.191,1102,,
1999-07-09,869,572,866,1025,2276,601,917,670,191,963.75,1117,,
1999-07-12,937,605,966,1093,2385,653,986,716,195,1013.64,1155,,
1999-07-13,933,622,936,1093,2414,659,979,732,193,1015.29,1162,,
1999-07-14,905,590,876,1065,2399,653,984,714,190,996.003,1147,,
1999-07-15,906,571,891,1054,2541,649,991,687,181,998.253,1151,,
1999-07-16,913,581,885,1065,2709,657,1011,689,186,1004.02,1158,,
1999-07-19,900,585,861,1053,2505,656,1005,686,189,997.392,1151,,
1999-07-20,916,587,874,1076,2570,664,1033,701,190,1008.81,1168,,
1999-07-21,919,600,884,1077,2441,657,1062,705,188,1013.82,1169,,
1999-07-22,914,594,879,1080,2421,643,1058,675,176,1013.17,1164,,
1999-07-23,925,592,883,1092,2467,658,1078,677,171,1025.27,1175,,
1999-07-26,932,616,891,1096,2585,659,1087,677,176,1029.77,1189,,
1999-07-27,917,619,874,1072,2451,663,1065,678,173,1017.76,1179,,
1999-07-28,911,619,866,1065,2442,653,1070,684,182,1008.97,1163,,
1999-07-29,907,615,859,1061,2390,655,1057,678,182,1009.34,1156,,
1999-07-30,900,610,846,1055,2473,647,1049,676,178,1005.44,1157,,
1999-08-02,923,633,868,1085,2473,667,1086,669,174,1022,1168,,
1999-08-03,937,646,874,1095,2572,686,1119,673,173,1037.12,1186,,
1999-08-04,954,663,903,1108,2613,692,1139,682,181,1049.8,1199,,
1999-08-05,985,677,917,1143,2854,726,1195,700,188,1075.67,1208,,
1999-08-06,963,666,898,1116,2712,696,1193,674,184,1059.42,1214,,
1999-08-09,962,651,897,1121,2857,690,1184,655,189,1060.71,1205,,
1999-08-10,971,671,907,1141,2894,690,1166,656,186,1072.95,1213,,
1999-08-11,938,664,867,1113,3026,650,1108,651,194,1050.98,1208,,
1999-08-12,919,653,839,1100,2939,628,1100,673,184,1036.73,1190,,
1999-08-13,919,662,833,1096,2972,637,1095,675,195,1036.08,1184,,
1999-08-16,910,660,820,1089,2886,638,1077,673,195,1026.64,1178,,
1999-08-17,901,660,801,1083,2967,631,1064,685,196,1015.7,1166,,
1999-08-18,922,674,834,1124,2657,636,1078,682,198,1031.65,1176,,
1999-08-19,920,675,827,1126,2807,629,1064,692,189,1028.44,1192,,
1999-08-20,949,695,846,1152,3116,649,1127,712,197,1052.25,1197,,
1999-08-23,945,714,846,1148,3290,638,1113,720,196,1046.36,1192,,
1999-08-24,944,720,833,1143,3486,641,1122,743,202,1043.53,1198,,
1999-08-25,928,729,811,1131,3599,630,1095,735,206,1027.62,1175,,
1999-08-26,930,719,808,1132,3815,640,1089,729,204,1030.7,1175,,
1999-08-27,917,712,779,1128,3680,623,1110,717,194,1024.33,1166,,
1999-08-30,919,709,777,1133,3550,620,1155,701,182,1027.48,1171,,
1999-08-31,916,700,773,1126,3402,619,1198,707,187,1025.4,1172,,
1999-10-01,829,633,667,1021,4370,574,971,623,164,988.029,1103,,
1999-10-04,815,623,657,996,4133,572,949,615,177,976.884,1094,,
1999-10-05,819,615,663,1006,4078,568,960,608,168,973.526,1088,,
1999-10-06,795,610,647,973,3983,537,945,609,167,958.168,1070,,
1999-10-07,789,595,646,952,3863,541,948,596,167,951.403,1062,,
1999-10-08,790,599,647,943,3944,545,971,597,169,951.482,1059,,
1999-10-11,790,599,647,943,3944,545,971,597,169,951.482,1060,,
1999-10-12,802,595,669,959,4120,547,961,594,164,962.733,1076,,
1999-10-13,805,604,676,965,4165,546,955,598,159,965.851,1084,,
1999-10-14,805,602,677,954,4185,550,969,589,155,967.507,1082,,
1999-10-15,830,627,699,992,4149,568,992,610,163,987.743,1105,,
1999-10-18,825,615,701,982,4128,561,983,606,160,983.498,1098,,
1999-10-19,806,613,681,951,4023,556,967,598,154,967.78,1081,,
1999-10-20,794,620,669,929,3982,553,958,578,154,960.865,1071,,
1999-10-21,784,603,656,916,3977,545,948,567,154,949.457,1057,,
1999-10-22,750,599,614,882,3887,521,892,548,151,922.475,1031,,
1999-10-25,754,598,622,894,3604,523,888,533,150,927.726,1032,,
1999-10-26,736,588,604,876,3528,514,863,518,148,911.953,1019,,
1999-10-27,751,592,624,888,3667,527,878,515,152,921.567,1027,,
1999-10-28,742,589,618,867,3684,528,865,503,151,910.193,1008,,
1999-10-29,743,613,635,851,3705,530,863,505,162,905.707,1027,,
1999-11-01,738,613,631,846,3584,526,852,514,158,899.418,1003,,
1999-11-02,727,596,630,823,3591,514,842,522,161,887.089,988,,
1999-11-03,721,594,626,817,3594,505,832,532,163,882.086,983,,
1999-11-04,713,557,618,811,3472,503,825,537,169,871.349,972,,
1999-11-05,718,551,625,813,3552,508,842,545,157,874.727,973,,
1999-11-08,699,534,614,790,3354,485,829,522,154,862.57,958,,
1999-11-09,697,533,619,781,3180,480,839,525,157,861.479,954,,
1999-11-10,700,535,619,784,3246,483,847,531,153,863.723,955,,
1999-11-11,700,535,619,784,3246,483,847,531,153,863.723,958,,
1999-11-12,699,542,624,775,3266,487,841,533,160,855.678,954,,
1999-11-15,701,538,630,777,3335,483,845,538,159,852.703,949,,
1999-11-16,697,544,625,773,3278,474,851,540,156,850.012,938,,
1999-11-17,713,551,649,801,3214,471,862,550,158,862.76,954,,
1999-11-18,698,545,642,793,3107,438,847,554,154,851.314,951,,
1999-11-19,716,562,672,806,3189,449,860,558,154,858.918,959,,
1999-11-22,706,543,651,803,3097,442,856,554,151,844.517,948,,
1999-11-23,706,547,652,796,3026,448,861,556,155,839.029,935,,
1999-11-24,698,537,643,791,3018,439,850,547,155,836.179,929,,
1999-11-25,698,537,643,791,3018,439,850,547,155,836.179,928,,
1999-11-26,689,533,628,785,2991,424,855,545,152,831.196,927,,
1999-11-29,697,517,634,786,3004,438,886,542,144,837.601,928,,
1999-11-30,715,526,650,809,3093,446,956,535,146,847.096,950,,
1999-12-01,723,529,661,815,3233,441,1005,527,143,857.716,947,,
1999-12-02,713,526,653,801,3240,432,987,529,141,850.401,945,,
1999-12-03,693,513,636,773,3170,416,951,532,147,833.779,923,,
1999-12-06,690,514,632,766,3182,411,971,525,149,832.579,922,,
1999-12-07,688,506,619,763,3286,408,998,512,154,834.247,925,,
1999-12-08,688,501,625,767,3303,404,987,496,154,836.996,929,,
1999-12-09,686,502,622,760,3314,403,998,499,156,833.789,926,,
1999-12-10,669,493,610,736,3315,397,947,493,161,820.466,911,,
1999-12-13,640,461,586,692,3305,382,899,471,147,800.067,885,,
1999-12-14,638,461,581,693,3309,382,901,461,136,800.541,880,,
1999-12-15,628,455,576,675,3278,377,892,456,132,792.349,874,,
1999-12-16,631,460,578,679,3294,379,894,450,150,794.557,870,,
1999-12-17,624,464,574,659,3287,380,889,442,150,788.457,871,,
1999-12-20,618,454,567,650,3325,373,914,433,146,776.572,861,,
1999-12-21,611,457,554,645,3358,369,907,421,144,770.023,847,,
1999-12-22,611,459,549,647,3370,369,911,421,142,769.032,852,,
1999-12-23,609,452,550,644,3345,367,903,419,142,766.209,846,,
1999-12-24,609,452,550,644,3345,367,903,419,142,766.209,847,,
1999-12-27,606,451,550,644,3348,364,877,418,141,764.354,846,,
1999-12-28,606,450,549,645,3348,363,872,415,137,762.496,844,,
1999-12-29,608,441,547,648,3385,371,877,418,141,764.603,842,,
1999-12-30,606,446,539,645,3369,375,873,420,143,763.673,844,,
1999-12-31,598,443,533,638,3353,361,868,416,139,750.615,824,,
2000-01-03,586,425,515,626,3293,362,850,398,139,735.916,808,,
2000-01-04,623,442,558,675,3379,386,878,416,147,765.115,844,,
2000-01-05,618,429,543,677,3413,379,880,417,136,762.9,841,,
2000-01-06,634,449,559,687,3658,393,907,428,141,771.388,851,,
2000-01-07,630,440,560,676,3656,393,895,433,146,763.129,841,,
2000-01-10,623,429,556,667,3543,388,886,427,141,758.045,836,,
2000-01-11,638,439,562,695,3579,397,901,438,159,774.432,857,,
2000-01-12,646,442,564,707,3631,407,906,448,157,780.771,864,,
2000-01-13,638,443,552,701,3507,406,882,461,163,776.221,858,,
2000-01-14,634,443,555,692,3529,404,873,450,158,770.895,853,,
2000-01-17,634,443,555,692,3529,404,873,450,158,770.895,853,,
2000-01-18,627,441,545,687,3617,402,841,452,151,768.279,849,,
2000-01-19,624,447,548,683,3548,391,841,446,152,767.976,849,,
2000-01-20,625,445,550,686,3758,389,833,448,148,766.724,848,,
2000-01-21,622,449,548,685,3878,381,821,440,148,763.216,844,,
2000-01-24,626,451,554,686,3790,389,820,455,156,764.754,846,,
2000-01-25,635,454,561,704,3817,391,832,452,156,771.992,855,,
2000-01-26,637,453,568,701,3868,396,831,449,153,773.764,857,,
2000-01-27,642,455,573,704,3944,399,846,451,152,778.737,862,,
2000-01-28,670,454,591,746,4015,423,892,457,149,802.939,890,,
2000-01-31,679,482,594,752,4033,433,913,466,148,814.696,904,,
2000-02-01,673,485,583,750,4055,433,904,481,153,810.633,898,,
2000-02-02,680,483,592,757,4182,442,913,468,154,814.423,903,,
2000-02-03,680,494,594,768,4359,420,921,460,167,812.495,897,,
2000-02-04,641,464,571,715,4268,366,891,456,162,779.485,858,,
2000-02-07,621,453,551,687,4246,351,880,438,152,760.542,836,,
2000-02-08,618,457,552,675,4242,355,875,432,159,753.693,827,,
2000-02-09,615,451,552,680,4278,338,868,434,153,753.702,828,,
2000-02-10,605,443,545,667,4160,335,844,435,155,745.566,817,,
2000-02-11,617,447,550,672,4160,353,887,443,160,752.874,825,,
2000-02-14,626,458,557,685,4236,365,891,456,168,750.851,822,,
2000-02-15,619,442,547,678,4230,363,868,462,166,739.628,809,,
2000-02-16,627,424,554,689,4223,374,867,462,166,747.037,817,,
2000-02-17,624,425,550,687,4303,369,869,463,164,746.715,817,,
2000-02-18,637,435,560,705,4263,386,874,469,161,757.393,829,,
2000-02-21,637,435,560,705,4263,386,874,469,161,757.393,829,,
2000-02-22,657,446,581,723,4348,405,889,500,168,774.186,847,,
2000-02-23,633,429,563,697,3743,381,864,500,160,758.381,828,,
2000-02-24,642,443,572,713,3540,394,846,509,168,766.103,837,,
2000-02-25,629,444,557,701,3506,375,839,509,168,755.961,825,,
2000-02-28,619,435,547,693,3292,367,831,502,161,749.808,818,,
2000-02-29,608,432,548,689,3227,353,813,508,162,737.284,816,,
2000-03-01,606,440,548,688,3293,346,804,514,165,733.357,810,,
2000-03-02,585,428,530,667,3339,319,764,496,163,712.474,785,,
2000-03-03,581,429,528,649,3250,329,780,502,165,706.664,779,,
2000-03-06,580,426,531,650,3082,325,781,514,162,703.356,775,,
2000-03-07,568,420,524,640,2999,301,785,516,164,695.761,766,,
2000-03-08,562,422,522,639,2878,283,777,521,165,688.505,756,,
2000-03-09,562,420,524,640,2777,285,774,498,168,688.791,756,,
2000-03-10,562,416,518,645,2769,286,773,494,165,687.959,756,,
2000-03-13,576,423,535,663,2926,288,792,509,167,700.824,770,,
2000-03-14,582,425,531,664,3254,305,798,509,173,702.946,772,,
2000-03-15,599,436,552,681,3189,318,822,522,175,717.399,787,,
2000-03-16,593,437,546,667,3265,316,825,527,178,710.631,779,,
2000-03-17,589,435,538,659,3306,315,831,541,171,702.31,769,,
2000-03-20,589,438,537,660,3283,316,833,533,172,704.834,773,,
2000-03-21,590,441,535,653,3220,324,854,540,175,699.644,766,,
2000-03-22,582,438,527,636,3230,322,859,541,177,689.637,755,,
2000-03-23,595,450,541,650,3264,330,893,543,181,700.84,767,,
2000-03-24,579,448,522,635,3157,317,859,530,171,687.843,754,,
2000-03-27,580,451,522,632,3187,323,860,524,170,689.158,755,,
2000-03-28,582,459,530,634,3011,328,847,506,173,694.672,760,,
2000-03-29,588,475,537,644,2907,330,855,501,173,699.702,766,,
2000-03-30,620,539,560,680,2953,362,913,528,183,731.348,801,,
2000-03-31,615,518,564,679,3111,345,895,549,187,725.009,798,,
2000-04-03,626,513,575,694,3136,358,897,554,191,737.545,811,,
2000-04-04,652,531,596,722,3220,388,931,579,203,764.843,840,,
2000-04-05,656,522,595,734,3376,384,937,580,201,772.817,850,,
2000-04-06,652,520,589,725,3395,379,939,623,198,763.294,840,,
2000-04-07,658,520,595,729,3454,392,931,651,204,764.112,839,,
2000-04-10,665,540,599,732,3501,398,937,675,209,769.427,845,,
2000-04-11,664,560,595,736,3481,391,946,667,205,772.04,849,,
2000-04-12,658,535,590,738,3445,379,941,642,196,763.167,839,,
2000-04-13,667,516,596,752,3526,390,952,635,201,766.044,842,,
2000-04-14,684,528,609,774,3580,411,950,663,206,685.823,737,,
2000-04-17,689,521,602,794,3533,412,960,654,196,694.271,748,,
2000-04-18,672,511,589,770,3278,398,949,662,190,680.934,731,,
2000-04-19,673,512,592,765,3305,399,963,668,196,687.651,738,,
2000-04-20,673,507,596,763,3296,397,971,670,196,685.602,735,,
2000-04-21,673,507,596,763,3296,397,971,670,196,685.602,735,,
2000-04-24,684,521,605,782,3326,405,974,671,196,692.891,743,,
2000-04-25,652,510,571,741,3241,376,947,670,182,669.035,714,,
2000-04-26,662,518,576,749,3339,389,970,672,216,676.73,723,,
2000-04-27,656,517,566,750,3287,377,959,688,204,672.798,719,,
2000-04-28,651,512,566,741,3350,381,946,716,205,663.469,708,,
2000-05-01,644,508,560,730,3349,375,936,701,201,656.486,699,,
2000-05-02,649,527,564,735,3542,376,949,704,197,657.745,701,,
2000-05-03,668,539,574,766,3655,383,987,747,189,673.299,719,,
2000-05-04,680,549,579,781,3776,388,1015,829,183,685.689,734,,
2000-05-05,699,557,601,795,3957,402,1072,827,177,701.982,752,,
2000-05-08,707,558,603,807,3972,413,1074,832,172,710.405,762,,
2000-05-09,713,572,621,809,3889,413,1072,840,176,715.234,765,,
2000-05-10,743,582,663,834,3934,436,1110,853,184,739.765,794,,
2000-05-11,740,586,678,823,3920,431,1102,786,188,739.167,791,,
2000-05-12,761,591,732,836,3971,433,1094,780,179,751.803,817,,
2000-05-15,745,593,700,823,4133,434,1044,769,183,741.293,792,,
2000-05-16,751,595,718,826,3916,439,1031,782,186,740.407,792,,
2000-05-17,743,611,714,816,3950,426,1010,773,182,736.31,787,,
2000-05-18,733,588,702,809,3892,413,998,761,173,727.352,777,,
2000-05-19,761,631,747,833,3777,424,1040,797,178,753.609,806,,
2000-05-22,780,638,772,852,3876,439,1059,816,187,772.993,828,,
2000-05-23,769,660,758,839,3913,426,1051,820,184,767.281,821,,
2000-05-24,757,623,730,831,4280,424,1023,832,183,757.772,810,,
2000-05-25,756,624,727,822,4269,431,1039,834,191,753.897,805,,
2000-05-26,757,628,716,824,4474,441,1030,839,196,758.145,809,,
2000-05-29,757,628,716,824,4474,441,1030,839,196,758.145,809,,
2000-05-30,734,646,690,796,4434,425,1012,751,192,736.596,786,,
2000-05-31,734,611,696,793,4499,434,980,770,201,739.92,784,,
2000-06-01,712,571,677,771,4425,418,942,764,209,719.801,761,,
2000-06-02,679,556,643,732,4443,390,906,719,215,690.285,726,,
2000-06-05,687,563,647,744,4712,392,936,722,218,695.358,733,,
2000-06-06,693,577,669,742,4310,400,931,724,217,703.13,741,,
2000-06-07,691,551,677,733,4411,404,912,715,217,698.106,735,,
2000-06-08,691,550,670,725,4475,423,911,697,218,696.165,733,,
2000-06-09,682,553,665,714,4566,411,882,689,217,685.103,721,,
2000-06-12,687,542,667,720,4506,421,912,685,221,690.017,727,,
2000-06-13,673,543,653,709,4436,401,882,691,219,679.741,715,,
2000-06-14,666,527,641,708,4477,393,860,698,225,674.578,715,,
2000-06-15,674,546,652,719,4389,392,872,713,225,678.681,713,,
2000-06-16,679,547,657,723,4491,402,867,722,232,681.027,715,,
2000-06-19,676,536,658,720,4501,394,873,713,230,679.599,714,,
2000-06-20,674,528,654,715,4577,392,878,712,229,674.822,710,,
2000-06-21,669,518,656,707,4504,383,878,709,220,673.319,708,,
2000-06-22,674,522,668,711,4478,381,885,706,219,678.343,714,,
2000-06-23,685,520,684,726,4352,387,887,702,212,685.199,722,,
2000-06-26,690,525,694,724,4378,398,881,740,220,691.523,728,,
2000-06-27,685,528,685,719,4372,397,871,766,194,683.117,718,,
2000-06-28,676,532,673,713,4309,385,857,765,220,677.211,711,,
2000-06-29,680,538,686,722,4119,378,867,749,227,682.757,717,,
2000-06-30,679,546,674,725,3926,378,892,751,229,680.952,712,,
2000-07-03,663,539,667,709,3902,351,867,749,229,671.331,699,,
2000-07-04,663,539,667,709,3902,351,867,749,229,671.331,699,,
2000-07-05,656,541,654,698,3903,351,865,734,233,666.441,695,,
2000-07-06,652,537,648,698,3930,345,857,728,227,664.14,692,,
2000-07-07,655,542,647,701,4086,351,854,732,232,663.807,691,,
2000-07-10,651,541,647,701,3878,341,845,724,229,659.786,687,,
2000-07-11,657,541,653,712,3744,344,857,721,227,663.658,691,,
2000-07-12,649,543,638,707,3953,339,836,714,224,654.773,681,,
2000-07-13,651,544,635,711,4021,349,832,705,231,656.378,684,,
2000-07-14,646,549,622,707,3982,346,832,686,222,651.064,678,,
2000-07-17,642,545,619,700,3956,345,832,681,216,644.691,672,,
2000-07-18,645,553,631,700,3968,338,834,695,217,647.902,676,,
2000-07-19,653,566,637,710,4080,348,832,694,216,654.851,684,,
2000-07-20,655,579,641,705,4125,359,831,694,231,656.147,685,,
2000-07-21,650,579,637,702,3969,353,824,691,232,651.875,679,,
2000-07-24,646,558,635,696,3977,350,826,675,228,648.902,676,,
2000-07-25,647,538,638,699,3864,351,832,666,229,653.061,681,,
2000-07-26,649,530,641,705,3956,342,847,667,229,652.06,680,,
2000-07-27,654,534,648,716,2908,362,859,679,232,656.662,685,,
2000-07-28,655,537,652,716,2867,360,855,699,229,652.471,681,,
2000-07-31,652,522,645,710,2846,349,839,691,178,648.853,680,,
2000-08-01,658,520,657,717,2890,351,837,704,233,651.759,683,,
2000-08-02,656,501,666,706,3068,349,808,705,235,650.512,682,,
2000-08-03,654,505,665,701,2993,349,817,706,237,649.272,680,,
2000-08-04,649,525,657,699,2883,344,805,711,182,643.999,674,,
2000-08-07,647,497,667,693,2820,338,801,708,178,639.132,668,,
2000-08-08,647,501,667,696,2801,340,803,678,185,639.446,667,,
2000-08-09,640,495,658,691,2827,330,803,661,184,634.005,661,,
2000-08-10,646,507,659,698,2782,337,824,686,193,639.851,666,,
2000-08-11,634,496,652,678,2856,325,812,683,189,629.312,656,,
2000-08-14,635,493,656,674,2859,331,810,678,178,631.562,655,,
2000-08-15,638,496,669,676,2578,334,818,674,175,633.539,657,,
2000-08-16,650,489,695,690,2650,331,821,676,173,640.918,669,,
2000-08-17,638,490,682,672,2586,322,822,677,174,634.456,661,,
2000-08-18,654,501,716,685,2600,325,824,684,179,647.744,676,,
2000-08-21,659,505,721,693,2603,331,823,683,179,653.249,682,,
2000-08-22,648,503,706,679,2547,324,823,683,182,644.344,672,,
2000-08-23,649,502,712,681,2300,329,824,688,186,643.416,671,,
2000-08-24,644,494,705,675,2337,327,810,687,191,640.399,667,,
2000-08-25,636,492,699,665,2242,323,803,687,190,633.349,657,,
2000-08-28,634,487,696,663,2249,318,800,683,191,629.292,653,,
2000-08-29,633,489,696,662,2222,320,799,676,188,630.295,654,,
2000-08-30,629,495,690,660,2186,313,797,678,188,627.149,653,,
2000-08-31,614,496,682,669,1340,314,785,686,195,619.538,643,,
2000-10-02,631,661,679,709,1248,311,801,712,198,652.225,681,,
2000-10-03,615,650,661,689,1243,301,786,699,193,639.1,666,,
2000-10-04,610,627,657,682,1240,301,777,699,194,636.538,663,,
2000-10-05,615,624,662,682,1234,312,785,704,201,639.883,663,,
2000-10-06,628,640,682,696,1244,320,797,717,199,650,678,,
2000-10-09,628,640,682,696,1244,320,797,717,199,650,678,,
2000-10-10,634,651,691,696,1245,333,797,719,202,656.443,685,,
2000-10-11,644,649,697,706,1256,344,813,728,205,666.111,695,,
2000-10-12,666,674,722,735,1303,360,822,746,213,689.507,720,,
2000-10-13,674,683,738,739,1301,364,840,745,216,700.001,731,,
2000-10-16,671,695,737,737,1296,358,823,750,213,694.697,725,,
2000-10-17,704,729,784,770,1332,379,854,779,221,722.137,755,,
2000-10-18,711,740,793,773,1330,385,885,773,222,736.631,771,,
2000-10-19,702,733,783,766,1313,377,862,766,222,726.742,760,,
2000-10-20,709,734,811,765,1318,368,888,766,223,732.016,766,,
2000-10-23,726,852,821,784,1338,383,899,773,231,746.689,782,,
2000-10-24,727,801,833,785,1320,383,895,789,227,743.335,778,,
2000-10-25,741,805,866,800,1332,379,889,815,232,756.155,793,,
2000-10-26,745,774,878,803,1378,378,891,810,231,758.422,795,,
2000-10-27,728,764,846,785,1363,370,889,813,234,742.826,778,,
2000-10-30,717,754,830,770,1349,368,877,813,232,730.664,765,,
2000-10-31,702,759,812,757,1331,362,863,768,231,715.253,743,,
2000-11-01,713,754,839,770,1325,361,864,779,233,720.73,750,,
2000-11-02,701,720,831,752,1307,354,847,771,229,709.003,737,,
2000-11-03,720,727,881,773,1342,348,860,759,223,717.753,748,,
2000-11-06,722,718,891,775,1327,347,858,759,223,720.768,751,,
2000-11-07,742,723,931,797,1351,349,876,764,222,737.261,769,,
2000-11-08,764,739,979,815,1369,357,897,767,225,756.102,791,,
2000-11-09,768,743,955,831,1377,366,912,804,223,764.817,800,,
2000-11-10,738,750,868,810,1377,363,899,805,224,743.526,776,,
2000-11-13,727,770,827,809,1379,364,893,809,227,739.925,772,,
2000-11-14,723,772,828,799,1376,358,886,807,228,732.727,763,,
2000-11-15,714,766,812,793,1332,353,887,806,231,725.045,755,,
2000-11-16,717,756,828,791,1310,350,896,805,235,727.866,758,,
2000-11-17,722,763,843,793,1314,352,893,808,233,731.86,763,,
2000-11-20,710,752,816,775,1328,355,892,801,231,723.992,753,,
2000-11-21,710,717,820,774,1333,361,879,797,232,726.88,755,,
2000-11-22,728,715,844,796,1341,373,891,810,226,742.345,773,,
2000-11-23,728,715,844,796,1341,373,891,810,226,742.345,773,,
2000-11-24,726,713,841,794,1339,370,889,807,224,742.078,772,,
2000-11-27,726,748,847,793,1368,365,878,801,228,742.967,773,,
2000-11-28,737,784,860,806,1395,371,884,800,233,757.353,788,,
2000-11-29,729,756,846,798,1372,367,887,805,234,752.023,781,,
2000-11-30,753,772,875,828,1441,383,903,818,229,776.993,805,,
2000-12-01,734,759,843,809,1406,371,894,795,230,763.962,790,,
2000-12-04,737,765,848,808,1411,374,900,808,230,770.886,797,,
2000-12-05,727,752,834,793,1405,376,893,789,239,757.93,783,,
2000-12-06,730,726,828,788,1442,392,914,784,250,757.984,783,,
2000-12-07,727,733,819,781,1441,394,941,783,227,756.025,782,,
2000-12-08,712,722,797,763,1451,382,944,769,223,741.507,767,,
2000-12-11,711,719,794,758,1457,385,947,762,222,740.309,765,,
2000-12-12,719,737,807,767,1477,387,950,750,222,748.043,774,,
2000-12-13,726,732,817,770,1485,396,961,752,224,756.838,784,,
2000-12-14,729,735,821,777,1468,400,956,754,231,755.899,782,,
2000-12-15,732,727,818,780,1492,401,986,751,234,761.037,788,,
2000-12-18,726,723,809,778,1476,395,974,752,226,752.857,780,,
2000-12-19,706,705,777,759,1436,385,947,746,224,734.915,760,,
2000-12-20,718,692,789,776,1427,394,964,753,233,742.304,769,,
2000-12-21,717,695,787,772,1470,393,978,768,231,745.851,773,,
2000-12-22,714,697,785,764,1472,393,976,769,227,744.419,771,,
2000-12-25,714,697,785,764,1472,393,976,769,227,744.419,771,,
2000-12-26,712,699,783,759,1474,394,973,774,228,743.181,769,,
2000-12-27,703,691,765,753,1491,384,960,767,220,735.152,761,,
2000-12-28,696,682,764,743,1426,384,950,751,215,729.736,755,,
2000-12-29,702,687,770,748,1415,391,958,755,220,734.801,756,,
2001-01-01,702,687,770,748,1415,391,958,755,220,734.801,756,,
2001-01-02,717,678,787,761,1457,409,969,776,222,749.037,771,,
2001-01-03,683,650,735,738,1377,381,934,742,203,721.8,743,,
2001-01-04,683,636,736,736,1370,388,921,747,214,719.062,738,,
2001-01-05,686,650,732,739,1378,398,921,756,216,718.565,737,,
2001-01-08,693,661,738,750,1381,403,929,764,213,721.736,744,,
2001-01-09,686,663,722,749,1377,398,920,760,212,712.703,734,,
2001-01-10,683,677,719,747,1385,392,913,753,212,710.905,732,,
2001-01-11,674,641,710,738,1387,387,900,738,212,702.006,723,,
2001-01-12,661,622,696,727,1338,375,881,731,211,688.199,707,,
2001-01-15,661,622,696,727,1338,375,881,731,211,688.199,707,,
2001-01-16,667,640,703,730,1335,382,890,723,211,695.159,715,,
2001-01-17,664,636,694,727,1321,390,877,718,211,691.743,711,,
2001-01-18,667,645,697,724,1340,403,873,724,212,693.913,713,,
2001-01-19,660,643,696,716,1310,390,869,696,212,683.157,702,,
2001-01-22,653,656,691,707,1280,385,863,689,211,679.556,697,,
2001-01-23,645,683,676,696,1280,376,863,699,211,672.108,689,,
2001-01-24,643,676,676,693,1268,374,862,714,212,670.171,686,,
2001-01-25,646,680,678,698,1250,376,863,718,210,674.321,691,,
2001-01-26,634,660,668,682,1238,370,849,712,208,665.872,682,,
2001-01-29,625,685,658,667,1229,362,842,701,207,654.057,682,,
2001-01-30,630,683,663,679,1234,361,845,698,207,659.384,676,,
2001-01-31,627,674,663,671,1230,362,842,697,205,657.436,674,,
2001-02-01,635,673,664,681,1221,382,838,685,193,658.545,676,,
2001-02-02,634,675,660,681,1216,380,843,697,189,660.145,678,,
2001-02-05,645,695,668,695,1248,391,860,692,190,670.563,689,,
2001-02-06,641,680,670,687,1242,392,844,672,190,669.23,687,,
2001-02-07,651,661,685,696,1271,400,853,667,199,681.33,697,,
2001-02-08,644,662,678,685,1270,398,844,644,198,675.376,691,,
2001-02-09,648,649,687,689,1271,404,834,639,181,679.521,697,,
2001-02-12,645,656,686,688,1246,400,829,630,179,677.321,694,,
2001-02-13,642,657,683,687,1233,393,829,605,186,672.181,689,,
2001-02-14,639,649,681,682,1220,392,823,600,182,669.228,686,,
2001-02-15,632,634,677,674,1203,384,817,597,184,661.53,686,,
2001-02-16,645,615,695,686,1219,397,831,612,184,672.296,690,,
2001-02-19,645,615,695,686,1219,397,831,612,184,672.296,690,,
2001-02-20,661,633,714,708,1251,403,840,638,185,689.577,708,,
2001-02-21,679,643,739,727,1258,415,857,656,185,712.029,731,,
2001-02-22,675,640,738,721,1258,411,853,644,192,706.307,725,,
2001-02-23,680,640,746,724,1259,419,855,629,193,710.84,730,,
2001-02-26,684,654,761,722,1259,421,863,630,192,710.955,731,,
2001-02-27,697,634,790,739,1268,421,863,636,190,718.981,740,,
2001-02-28,700,637,804,747,1268,421,854,646,192,723.85,748,,
2001-03-01,691,641,793,736,1265,409,851,641,189,714.004,737,,
2001-03-02,680,628,784,723,1261,396,847,632,188,701.177,724,,
2001-03-05,660,614,729,712,1288,391,839,624,191,686.592,708,,
2001-03-06,659,592,735,708,1311,387,842,619,192,685.351,707,,
2001-03-07,658,606,735,707,1314,383,832,624,187,685.121,707,,
2001-03-08,672,622,763,714,1303,395,846,626,187,693.608,716,,
2001-03-09,661,616,740,707,1284,390,834,610,185,686.694,709,,
2001-03-12,675,620,767,721,1299,397,844,613,187,699.285,722,,
2001-03-13,681,622,785,728,1302,395,845,615,188,702.429,726,,
2001-03-14,693,637,802,738,1328,403,854,625,190,716.241,740,,
2001-03-15,710,651,846,752,1344,403,861,626,192,727.816,753,,
2001-03-16,722,647,856,768,1361,414,877,638,195,738.937,765,,
2001-03-19,744,665,914,790,1355,412,898,639,189,752.234,780,,
2001-03-20,735,638,893,783,1362,408,891,639,194,748.475,775,,
2001-03-21,733,639,897,777,1348,408,880,633,194,745.666,773,,
2001-03-22,772,673,960,823,1370,429,896,646,194,775.969,806,,
2001-03-23,801,670,1044,845,1404,432,908,643,191,794.263,826,,
2001-03-26,756,640,939,802,1384,421,888,642,194,760.29,788,,
2001-03-27,732,628,899,781,1315,405,864,620,194,738.684,766,,
2001-03-28,727,635,887,781,1297,405,855,619,185,737.727,765,,
2001-03-29,745,654,920,801,1320,408,872,630,179,752.252,781,,
2001-03-30,757,650,967,805,1366,408,877,645,189,760.223,784,,
2001-04-02,753,650,959,804,1417,401,870,642,178,757.72,782,,
2001-04-03,754,683,958,805,1418,397,887,640,183,760.678,785,,
2001-04-04,747,682,947,800,1416,391,872,642,180,755.471,780,,
2001-04-05,735,675,925,790,1417,382,863,632,177,743.994,768,,
2001-04-06,734,670,914,788,1457,389,864,639,179,743.81,767,,
2001-04-09,718,702,880,775,1419,379,856,635,185,731.045,767,,
2001-04-10,695,719,842,751,1423,361,839,624,176,711.513,733,,
2001-04-11,704,745,861,757,1471,366,839,618,181,718.378,740,,
2001-04-12,703,750,861,759,1442,361,835,621,172,718.116,739,,
2001-04-13,703,750,861,759,1442,361,835,621,172,718.116,739,,
2001-04-16,713,748,895,769,1437,360,827,611,167,722.137,744,,
2001-04-17,721,742,899,784,1447,366,840,621,177,729.02,752,,
2001-04-18,719,750,899,775,1483,369,829,623,179,725.554,748,,
2001-04-19,736,777,951,794,1503,359,830,615,181,732.918,756,,
2001-04-20,786,820,1080,834,1542,369,857,620,177,769.885,797,,
2001-04-23,865,901,1300,893,1552,393,880,638,175,827.529,857,,
2001-04-24,831,873,1200,872,1535,381,866,639,180,802.949,832,,
2001-04-25,834,857,1214,884,1550,373,856,634,173,804.354,832,,
2001-04-26,788,847,1066,842,1561,373,851,645,187,774.442,799,,
2001-04-27,760,818,1019,810,1522,362,830,620,134,748.612,773,,
2001-04-30,765,824,1043,811,1482,364,834,628,181,753.551,787,,
2001-05-01,777,826,1070,823,1530,364,842,638,178,764.171,784,,
2001-05-02,788,821,1098,839,1498,365,841,638,178,769.016,789,,
2001-05-03,779,805,1075,833,1415,364,841,642,180,764.009,783,,
2001-05-04,766,798,1052,817,1363,364,831,624,171,753.386,772,,
2001-05-07,749,806,987,814,1401,361,821,620,181,742.009,761,,
2001-05-08,754,795,1002,819,1398,360,820,616,179,742.276,760,,
2001-05-09,764,792,1016,834,1416,365,836,622,186,750.855,770,,
2001-05-10,755,795,1002,829,1420,352,826,609,176,736.657,755,,
2001-05-11,769,788,1077,837,1371,341,818,594,172,743.204,761,,
2001-05-14,784,786,1099,856,1365,346,828,602,181,753.51,761,,
2001-05-15,773,786,1078,854,1352,335,816,601,182,745.902,765,,
2001-05-16,756,788,1026,835,1352,340,821,598,182,731.185,749,,
2001-05-17,742,770,999,823,1343,329,819,570,187,718.642,736,,
2001-05-18,729,745,971,811,1308,322,819,572,182,708.37,726,,
2001-05-21,729,705,962,821,1288,324,821,575,178,708.21,726,,
2001-05-22,718,677,932,819,1278,317,815,568,178,697.964,716,,
2001-05-23,725,670,946,830,1300,320,824,569,176,703.17,721,,
2001-05-24,721,681,925,839,1311,315,818,561,166,697.68,716,,
2001-05-25,728,686,935,853,1312,315,817,563,178,703.405,722,,
2001-05-28,728,686,935,853,1312,315,817,563,178,703.405,722,,
2001-05-29,732,746,939,858,1316,314,820,566,177,706.231,725,,
2001-05-30,748,756,980,867,1357,321,826,578,179,720.242,740,,
2001-05-31,748,774,993,858,1366,325,852,596,184,720.817,751,,
2001-06-01,756,780,1023,863,1394,320,842,598,184,723.411,754,,
2001-06-04,729,665,965,829,1378,320,835,590,181,698.925,727,,
2001-06-05,742,665,924,819,1357,331,837,595,180,708.395,727,,
2001-06-06,735,681,911,820,1352,319,832,596,179,703.249,729,,
2001-06-07,729,673,905,816,1278,314,822,590,174,694.768,720,,
2001-06-08,713,654,881,797,1256,306,811,580,176,679.15,703,,
2001-06-11,710,637,877,793,1229,308,805,580,177,679.542,703,,
2001-06-12,719,645,892,801,1244,310,811,582,181,685.575,710,,
2001-06-13,728,653,904,820,1258,309,809,586,178,693.144,719,,
2001-06-14,748,671,940,849,1273,311,816,589,174,707.294,734,,
2001-06-15,743,666,930,845,1297,308,815,582,172,705.771,732,,
2001-06-18,774,676,985,885,1310,316,829,581,174,728.053,757,,
2001-06-19,774,679,993,877,1307,315,828,586,190,728.463,757,,
2001-06-20,769,665,985,870,1319,317,816,575,185,723.989,753,,
2001-06-21,758,669,972,845,1303,314,825,569,185,715.604,743,,
2001-06-22,765,651,992,837,1310,324,836,572,189,719.67,747,,
2001-06-25,752,653,969,826,1292,318,830,569,179,710.721,747,,
2001-06-26,757,650,983,835,1301,312,834,559,179,711.655,739,,
2001-06-27,763,629,997,845,1297,311,839,545,169,715.633,743,,
2001-06-28,764,624,1003,843,1297,307,850,536,169,714.983,743,,
2001-06-29,790,632,1050,844,1303,307,847,528,169,731.612,766,,
2001-07-02,794,630,1059,847,1288,309,854,535,171,737.297,766,,
2001-07-03,800,627,1077,849,1299,309,860,532,173,741.366,776,,
2001-07-04,800,627,1077,849,1299,309,860,532,173,741.366,776,,
2001-07-05,821,617,1123,879,1296,308,861,526,169,758.207,795,,
2001-07-06,838,628,1154,887,1307,323,864,535,164,776.868,815,,
2001-07-09,830,621,1137,881,1303,320,855,538,169,768.458,805,,
2001-07-10,862,649,1202,904,1326,334,879,546,170,790.008,830,,
2001-07-11,914,646,1314,952,1394,346,900,558,182,835.029,879,,
2001-07-12,1028,671,1641,1027,1441,358,939,576,182,922.035,977,,
2001-07-13,1010,654,1623,987,1406,358,927,570,187,905.25,977,,
2001-07-16,1026,656,1661,1001,1448,361,935,576,183,917.171,972,,
2001-07-17,961,639,1480,959,1407,345,908,577,180,866.405,915,,
2001-07-18,986,661,1540,977,1465,354,915,591,181,887.02,936,,
2001-07-19,1004,650,1617,977,1455,346,913,591,180,895.584,947,,
2001-07-20,956,635,1475,946,1412,343,890,578,178,862.028,909,,
2001-07-23,919,638,1373,920,1387,337,886,572,174,833.205,877,,
2001-07-24,931,639,1413,928,1397,331,900,572,174,839.878,887,,
2001-07-25,937,638,1439,925,1404,332,896,569,174,844.832,892,,
2001-07-26,951,638,1485,929,1398,338,892,564,178,853.423,902,,
2001-07-27,997,644,1615,962,1436,344,904,573,181,886.406,940,,
2001-07-30,994,659,1585,968,1416,350,905,568,181,882.373,935,,
2001-07-31,1001,661,1599,968,1454,357,922,575,184,879.57,940,,
2001-08-01,1040,641,1755,981,1470,353,921,574,180,904.67,969,,
2001-08-02,986,620,1588,951,1439,340,902,562,180,866.679,926,,
2001-08-03,983,618,1583,955,1427,333,899,555,180,861.331,919,,
2001-08-06,982,619,1611,924,1414,337,898,556,180,861.317,919,,
2001-08-07,974,615,1584,921,1444,336,894,549,177,852.052,909,,
2001-08-08,953,622,1500,909,1456,346,893,560,197,840.907,894,,
2001-08-09,944,624,1464,915,1481,339,895,548,181,833.597,887,,
2001-08-10,936,619,1433,917,1480,340,891,543,186,832.384,885,,
2001-08-13,946,621,1448,930,1507,343,902,548,187,839.154,893,,
2001-08-14,965,635,1503,944,1503,343,907,549,187,852.404,908,,
2001-08-15,947,634,1454,936,1505,336,899,538,178,840.103,894,,
2001-08-16,927,635,1387,927,1480,341,893,535,180,826.981,879,,
2001-08-17,978,660,1523,963,1530,349,918,541,180,861.469,919,,
2001-08-20,993,645,1566,982,1521,347,926,537,180,872.328,932,,
2001-08-21,1030,662,1669,1010,1546,353,941,543,184,893.675,956,,
2001-08-22,950,649,1452,939,1488,343,910,531,183,841.852,896,,
2001-08-23,939,622,1424,937,1472,340,913,518,183,833.726,886,,
2001-08-24,951,631,1463,946,1481,338,911,492,184,838.821,886,,
2001-08-27,951,616,1466,950,1480,336,902,486,183,838.503,893,,
2001-08-28,938,610,1423,938,1437,346,903,493,184,828.328,881,,
2001-08-29,928,592,1386,932,1405,351,914,500,184,821.77,873,,
2001-08-30,946,598,1424,953,1437,354,916,504,184,833.314,886,,
2001-08-31,936,601,1430,952,1411,350,917,517,195,826.586,885,,
2001-10-01,1095,671,1652,1181,1541,432,1011,618,222,949.069,1018,,
2001-10-02,1119,696,1712,1202,1561,436,1023,623,228,965.991,1038,,
2001-10-03,1132,680,1766,1210,1556,429,1032,617,230,973.517,1047,,
2001-10-04,1166,692,1864,1237,1551,437,1043,620,231,994.239,1072,,
2001-10-05,1175,698,1887,1248,1565,438,1046,617,238,1000.57,1080,,
2001-10-08,1175,698,1887,1248,1565,438,1046,617,238,1000.57,1080,,
2001-10-09,1173,689,1919,1230,1592,425,1045,606,236,993.483,1072,,
2001-10-10,1152,685,1886,1202,1557,409,1046,600,236,977.81,1054,,
2001-10-11,1119,679,1811,1167,1558,396,1032,583,241,950.169,1024,,
2001-10-12,1141,676,1865,1191,1592,400,1036,591,228,963.804,1040,,
2001-10-15,1122,667,1829,1166,1557,391,1043,591,229,951.043,1025,,
2001-10-16,1092,652,1761,1132,1530,382,1041,593,229,930.336,1001,,
2001-10-17,1072,654,1691,1120,1529,384,1027,587,226,918.664,987,,
2001-10-18,1092,653,1752,1130,1537,387,1046,591,227,933.224,1004,,
2001-10-19,1068,652,1714,1096,1496,375,1027,579,226,916.584,985,,
2001-10-22,1059,643,1695,1089,1488,372,1020,581,216,905.764,973,,
2001-10-23,1063,647,1708,1094,1488,371,1013,577,215,908.815,977,,
2001-10-24,1083,647,1762,1111,1490,376,1023,583,214,922.744,994,,
2001-10-25,1087,644,1769,1113,1503,382,1021,585,216,926.997,998,,
2001-10-26,1107,649,1838,1125,1514,382,1034,586,216,940.036,1013,,
2001-10-29,1179,660,2066,1193,1561,393,1028,596,217,985.889,1068,,
2001-10-30,1187,653,2100,1187,1540,400,1032,606,228,991.942,1074,,
2001-10-31,1196,651,2162,1161,1558,408,1034,619,244,1000.8,1073,,
2001-11-01,1234,667,2309,1189,1548,412,1057,621,229,1022.05,1098,,
2001-11-02,1274,668,2585,1183,1535,400,1061,616,235,1040,1120,,
2001-11-05,1230,648,2435,1133,1494,396,1046,610,233,1014.25,1090,,
2001-11-06,1227,648,2436,1124,1508,394,1062,604,231,1009.91,1085,,
2001-11-07,1183,623,2269,1070,1480,399,1062,600,220,982.219,1053,,
2001-11-08,1188,610,2365,1054,1432,387,1057,589,220,978.739,1050,,
2001-11-09,1207,614,2481,1056,1435,388,1051,586,206,987.411,1065,,
2001-11-12,1207,614,2481,1056,1435,388,1051,586,206,987.411,1065,,
2001-11-13,1199,565,2614,998,1362,377,1031,577,206,971.435,1043,,
2001-11-14,1217,558,2788,994,1364,364,1042,570,203,978.486,1052,,
2001-11-15,1178,562,2617,963,1353,344,1070,539,203,953.928,1025,,
2001-11-16,1205,552,2863,955,1363,339,1069,527,196,967.337,1042,,
2001-11-19,1224,565,3032,927,1400,352,1084,545,192,979.365,1055,,
2001-11-20,1232,570,3164,928,1370,340,1068,534,187,976.359,1052,,
2001-11-21,1211,564,3026,919,1358,336,1051,517,188,963.299,1037,,
2001-11-22,1211,564,3026,919,1358,336,1051,517,188,963.299,1037,,
2001-11-23,1201,564,2973,910,1371,336,1045,513,187,954.487,1027,,
2001-11-26,1156,561,2742,872,1355,332,1028,512,186,929.014,997,,
2001-11-27,1187,563,2965,885,1347,333,1027,516,182,946.981,1018,,
2001-11-28,1203,560,2991,924,1355,334,1026,511,177,956.866,1030,,
2001-11-29,1272,578,3332,978,1380,354,1053,532,185,995.178,1074,,
2001-11-30,1252,572,3372,977,1393,354,1054,534,192,984.523,1069,,
2001-12-03,1203,558,3113,927,1341,348,1033,543,200,956.919,1034,,
2001-12-04,915,562,4040,920,1344,346,1036,540,195,768.96,826,,
2001-12-05,886,538,3971,891,1277,322,1004,520,176,741.575,797,,
2001-12-06,890,512,4138,898,1268,317,1009,508,160,741.526,796,,
2001-12-07,884,502,4155,881,1272,312,1022,493,179,737.171,789,,
2001-12-10,886,498,4179,880,1255,315,1035,505,178,740.958,794,,
2001-12-11,877,490,4152,866,1252,311,1029,503,178,730.587,783,,
2001-12-12,871,490,4035,860,1244,310,1026,509,178,727.91,780,,
2001-12-13,874,488,4158,870,1232,298,1050,497,176,728.27,781,,
2001-12-14,868,490,4107,867,1237,288,1054,483,179,726.674,779,,
2001-12-17,879,501,4159,880,1242,295,1072,487,174,728.95,783,,
2001-12-18,885,497,4146,877,1249,305,1125,500,170,734.05,788,,
2001-12-19,895,511,4227,882,1260,315,1134,513,173,738.642,793,,
2001-12-20,916,515,4716,904,1237,317,1153,508,173,751.667,807,,
2001-12-21,912,525,4753,893,1240,311,1172,504,173,746.856,803,,
2001-12-24,929,521,5501,907,1232,306,1154,500,174,754.163,812,,
2001-12-25,929,521,5501,907,1232,306,1154,500,174,754.163,812,,
2001-12-26,924,518,5498,901,1226,300,1150,494,173,749.13,807,,
2001-12-27,910,511,5307,880,1225,297,1139,494,173,741.976,797,,
2001-12-28,897,520,4967,861,1229,300,1126,499,169,734.156,792,,
2001-12-31,889,521,5363,864,1233,306,1130,508,175,728.46,731,513,530
2002-01-01,889,521,5363,864,1233,306,1130,508,175,728.46,731,513,530
2002-01-02,870,490,5395,831,1218,293,1129,500,172,710.263,711,487,493
2002-01-03,843,477,4950,806,1158,289,1054,501,170,692.85,692,470,483
2002-01-04,841,478,4805,810,1135,288,1066,498,167,687.794,688,471,484
2002-01-07,853,479,4893,821,1102,302,1071,510,167,695.037,695,471,486
2002-01-08,866,481,5198,833,1125,303,1100,510,170,700.925,695,478,484
2002-01-09,873,477,5433,836,1157,304,1099,515,171,703.46,705,472,482
2002-01-10,897,490,5552,866,1188,315,1145,548,170,721.215,725,484,495
2002-01-11,901,485,5491,868,1191,322,1155,561,178,723.712,726,480,490
2002-01-14,905,483,5636,872,1194,317,1166,579,186,726.747,730,479,487
2002-01-15,904,484,5627,869,1187,318,1181,568,185,731.26,734,478,489
2002-01-16,907,485,5762,871,1162,320,1159,578,188,733.253,736,484,486
2002-01-17,891,473,5816,850,1139,307,1158,555,184,717.731,718,470,476
2002-01-18,884,476,5732,842,1125,302,1148,557,186,713.653,713,460,491
2002-01-21,884,476,5732,842,1125,302,1148,557,186,713.653,713,460,491
2002-01-22,878,473,5506,841,1100,299,1157,553,182,708.54,708,471,475
2002-01-23,863,488,5315,823,1112,290,1118,543,182,697.227,695,482,493
2002-01-24,864,478,5363,827,1102,288,1141,537,172,696.746,694,474,481
2002-01-25,865,482,5259,830,1096,291,1156,537,166,698.715,697,478,486
2002-01-28,866,479,5255,832,1096,291,1175,534,169,699.159,697,476,483
2002-01-29,890,499,5300,856,1163,307,1237,551,170,716.594,716,496,501
2002-01-30,897,485,5423,870,1147,309,1236,559,168,722.289,722,477,492
2002-01-31,799,468,4379,865,1144,300,1253,559,169,665.125,713,466,470
2002-02-01,805,466,4682,876,1149,297,1247,563,171,670.797,719,469,464
2002-02-04,813,475,4580,892,1135,301,1267,573,170,677.532,726,474,476
2002-02-05,803,493,4456,872,1145,298,1247,570,170,669.994,718,495,491
2002-02-06,802,505,4523,872,1145,287,1282,569,174,668.294,715,510,500
2002-02-07,808,482,4428,883,1145,290,1343,561,175,671.423,719,477,487
2002-02-08,806,470,4419,882,1162,287,1328,568,171,671.639,719,459,482
2002-02-11,800,470,4362,874,1160,284,1314,568,174,666.461,713,459,481
2002-02-12,784,467,4253,853,1135,277,1268,557,175,653.105,697,459,475
2002-02-13,767,469,4185,838,1123,275,1079,556,170,641.917,684,463,474
2002-02-14,763,471,3960,832,1136,278,1078,558,166,640.389,683,468,474
2002-02-15,771,475,4039,841,1139,281,1081,571,155,647.931,690,467,482
2002-02-18,771,475,4039,841,1139,281,1081,571,155,647.931,690,467,482
2002-02-19,765,471,3975,834,1147,277,1087,569,152,641.394,683,462,479
2002-02-20,761,482,4060,819,1157,275,1064,575,164,637.627,678,474,490
2002-02-21,768,493,4239,823,1174,277,1059,602,162,640.532,681,490,496
2002-02-22,768,489,4174,822,1184,276,1077,614,162,640.819,681,486,492
2002-02-25,762,484,4187,809,1174,273,1069,626,163,635.25,675,480,488
2002-02-26,759,486,4122,806,1168,270,1085,617,177,630.221,675,482,490
2002-02-27,757,482,4217,792,1159,275,1065,627,172,631.244,670,482,482
2002-02-28,738,461,4311,784,1147,268,1053,623,173,614.524,644,468,479
2002-03-01,725,451,4265,770,1134,260,1018,606,158,602.699,631,461,466
2002-03-04,720,441,4175,758,1128,262,1024,604,157,599.122,628,450,458
2002-03-05,720,433,4328,760,1138,262,990,591,153,597.961,627,439,447
2002-03-06,724,439,4382,772,1152,254,1004,583,151,598.137,627,444,458
2002-03-07,716,427,4375,771,1140,245,985,551,147,590.804,620,433,454
2002-03-08,706,418,4583,748,1130,242,956,545,143,581.63,610,426,452
2002-03-11,700,416,4496,741,1125,239,951,537,142,579.031,607,424,438
2002-03-12,698,415,4471,730,1128,243,962,543,137,581.544,610,422,437
2002-03-13,700,402,4717,727,1105,245,945,546,136,584.103,612,401,419
2002-03-14,681,391,4913,701,1039,229,917,528,134,567.625,594,401,401
2002-03-15,684,395,5080,699,1039,238,891,519,132,570.794,597,402,408
2002-03-18,689,401,5053,703,1050,245,896,517,132,573.629,601,403,413
2002-03-19,687,403,4925,705,1056,243,892,522,133,572.805,600,408,414
2002-03-20,685,403,4911,701,1056,240,907,516,130,570.068,597,408,414
2002-03-21,697,407,4980,717,1071,248,922,521,126,577.223,606,415,415
2002-03-22,704,411,5134,729,1073,250,928,513,123,579.981,609,425,418
2002-03-25,707,413,5266,730,1076,254,933,509,122,581.732,611,427,417
2002-03-26,708,411,5064,730,1055,255,930,515,123,582.819,613,412,415
2002-03-27,706,411,5060,725,1057,256,913,519,122,581.301,611,416,420
2002-03-28,689,409,5030,716,1037,249,898,511,120,568.452,598,416,422
2002-03-29,689,409,5030,716,1037,249,898,511,120,568.452,598,416,422
2002-04-01,688,406,4994,721,1045,247,886,504,118,567.413,598,413,419
2002-04-02,687,404,5099,716,1018,250,858,519,123,568.326,597,413,414
2002-04-03,692,421,5013,728,1017,249,874,526,123,573.592,602,429,432
2002-04-04,691,418,4886,732,1005,242,897,528,119,573.549,601,419,431
2002-04-05,697,423,4841,736,1028,248,922,542,120,577.431,605,427,431
2002-04-08,701,423,4830,746,1032,242,963,552,120,578.029,606,424,434
2002-04-09,699,428,4909,745,1035,236,951,555,120,576.312,604,431,440
2002-04-10,694,427,4953,746,1020,233,891,545,122,570.642,597,431,438
2002-04-11,689,431,4859,738,1010,235,869,548,122,565.563,591,436,442
2002-04-12,671,429,4722,719,989,240,715,544,128,558.435,583,429,442
2002-04-15,696,430,4623,748,1011,242,922,548,129,573.539,600,429,446
2002-04-16,691,429,4592,737,1007,241,905,545,128,569.272,595,428,448
2002-04-17,685,430,4519,732,983,236,890,545,128,562.674,595,433,446
2002-04-18,689,433,4562,742,967,237,892,548,123,564.775,589,436,448
2002-04-19,689,433,4631,739,961,237,893,550,120,563.096,588,434,450
2002-04-22,697,432,4845,752,959,239,899,549,121,567.149,592,437,448
2002-04-23,704,443,4996,766,980,237,909,547,121,570.955,596,446,458
2002-04-24,717,454,4861,787,1000,247,923,556,127,580.598,607,454,471
2002-04-25,722,462,4906,794,999,249,931,559,131,583.374,610,472,473
2002-04-26,726,463,4925,810,978,249,916,561,134,586.966,613,468,474
2002-04-29,727,468,4882,824,983,245,880,554,137,586.397,613,475,492
2002-04-30,736,479,4965,847,1000,255,878,550,137,593.871,619,482,500
2002-05-01,743,493,4828,855,1004,266,874,557,134,601.135,627,503,508
2002-05-02,751,496,4786,879,996,266,881,550,139,605.939,633,515,514
2002-05-03,755,482,4892,883,1009,271,879,550,145,611.515,639,491,493
2002-05-06,762,487,4968,906,1011,268,884,548,145,614.966,643,502,503
2002-05-07,760,481,5036,901,1019,264,882,548,142,611.487,640,491,498
2002-05-08,753,492,5005,898,1035,250,877,540,140,600.607,628,512,517
2002-05-09,774,510,5108,937,1131,257,893,545,143,613.746,643,520,539
2002-05-10,781,511,5154,952,1112,261,885,551,141,619.061,648,525,533
2002-05-13,785,518,5125,980,1115,252,878,543,139,614.806,643,537,541
2002-05-14,773,527,5198,950,1116,247,872,532,140,603.406,630,544,554
2002-05-15,764,506,5217,922,1095,249,858,535,140,597.043,623,516,519
2002-05-16,761,522,5213,913,1082,247,850,543,139,596.514,621,533,530
2002-05-17,765,523,5369,927,1083,245,847,537,136,598.374,624,540,536
2002-05-20,769,521,5455,930,1108,250,838,542,136,602.769,629,534,538
2002-05-21,777,513,5728,936,1153,254,842,546,134,610.338,637,528,531
2002-05-22,793,509,5885,967,1203,259,852,552,134,617.689,645,526,524
2002-05-23,799,516,5886,988,1245,256,854,547,138,618.826,646,537,533
2002-05-24,802,493,5903,999,1215,258,865,543,139,619.621,647,508,494
2002-05-27,802,493,5903,999,1215,258,865,543,139,619.621,647,508,494
2002-05-28,801,506,5729,991,1235,260,885,534,140,619.6,648,513,522
2002-05-29,803,512,5802,983,1197,264,918,551,140,622.745,650,527,524
2002-05-30,811,512,6085,984,1191,271,933,553,151,627.24,650,519,528
2002-05-31,806,512,5946,982,1184,265,937,552,143,623.019,650,522,526
2002-06-03,812,510,5951,1002,1189,265,944,548,143,626.722,654,520,527
2002-06-04,837,511,6024,1064,1213,269,971,555,144,641.234,670,531,520
2002-06-05,857,507,6046,1122,1241,270,986,555,148,650.463,680,519,518
2002-06-06,895,526,6073,1202,1290,289,1011,564,151,672.844,705,542,537
2002-06-07,886,529,6062,1193,1316,278,980,560,156,667.67,699,544,548
2002-06-10,874,523,6094,1152,1288,277,997,556,156,662.184,692,539,543
2002-06-11,902,518,6192,1215,1332,287,1032,559,157,678.553,710,527,535
2002-06-12,936,535,6143,1312,1288,297,1051,566,153,698.721,732,554,550
2002-06-13,910,529,6168,1239,1257,292,1038,566,154,685.287,716,545,547
2002-06-14,943,545,5997,1339,1303,308,1008,573,155,710.273,743,562,561
2002-06-17,917,537,5958,1282,1262,291,1008,566,158,696.51,727,553,554
2002-06-18,928,551,5973,1315,1264,292,1025,566,159,702.463,734,572,565
2002-06-19,966,565,6050,1395,1327,311,1062,581,159,729.39,765,584,575
2002-06-20,1017,609,6015,1546,1423,317,1109,581,173,762.07,803,635,605
2002-06-21,1098,661,6353,1746,1522,350,1156,594,184,813.198,859,716,651
2002-06-24,1057,617,6342,1628,1382,339,1151,582,204,784.139,825,647,637
2002-06-25,1052,629,6847,1632,1354,318,1161,588,201,775.189,816,667,654
2002-06-26,1099,660,6935,1747,1390,337,1220,604,202,807.154,851,695,665
2002-06-27,1064,643,6864,1666,1340,326,1147,588,209,780.112,820,690,656
2002-06-28,1034,628,7078,1560,1262,323,1113,592,209,756.202,799,652,651
2002-07-01,1045,630,7116,1589,1241,325,1136,592,205,760.611,805,659,653
2002-07-02,1082,643,7204,1686,1268,343,1176,602,206,785.856,832,672,658
2002-07-03,1099,655,7222,1739,1303,344,1191,601,217,799.762,848,674,670
2002-07-04,1099,655,7222,1739,1303,344,1191,601,217,799.762,848,674,670
2002-07-05,1088,647,7179,1727,1292,333,1185,589,216,785.68,832,667,665
2002-07-08,1089,668,6801,1733,1289,333,1187,600,215,792.827,839,710,688
2002-07-09,1074,683,6763,1667,1284,333,1202,610,212,784.346,828,721,694
2002-07-10,1070,691,6747,1646,1289,332,1218,627,202,782.283,826,728,700
2002-07-11,1059,718,6793,1597,1302,331,1206,627,194,778.934,820,763,712
2002-07-12,1034,700,6801,1537,1228,324,1160,638,188,761.532,800,726,706
2002-07-15,1048,703,6735,1580,1255,326,1171,636,188,770.409,811,731,714
2002-07-16,1040,696,6604,1570,1278,320,1143,644,194,762.808,801,720,710
2002-07-17,1055,704,6705,1600,1248,324,1164,680,190,768.686,809,739,714
2002-07-18,1038,701,6688,1546,1253,317,1165,686,184,761.331,801,727,711
2002-07-19,1046,701,6736,1568,1259,321,1172,680,181,769.58,809,724,713
2002-07-22,1067,712,6846,1608,1309,332,1185,695,181,783.783,826,743,718
2002-07-23,1122,755,6886,1737,1410,351,1195,778,182,812.663,858,776,758
2002-07-24,1130,736,6894,1787,1441,348,1190,734,192,821.111,868,771,736
2002-07-25,1176,780,6708,1897,1583,371,1204,756,208,846.705,896,805,784
2002-07-26,1205,786,6668,1980,1643,380,1210,800,220,865.425,917,818,790
2002-07-29,1273,820,6681,2277,1832,374,1221,810,219,893.723,950,844,831
2002-07-30,1318,844,6860,2422,1797,383,1255,882,226,915.464,974,917,842
2002-07-31,1307,865,6997,2360,1780,390,1231,903,232,910.474,991,895,895
2002-08-01,1248,838,7013,2141,1704,382,1205,854,234,879.243,953,900,853
2002-08-02,1241,838,7137,2087,1764,391,1156,872,208,877.336,950,850,848
2002-08-05,1274,841,7167,2184,1853,405,1184,876,209,895.639,972,854,851
2002-08-06,1262,826,7049,2192,1806,392,1143,870,211,883.23,958,844,830
2002-08-07,1207,824,7139,1987,1767,378,1103,860,219,859.945,958,835,830
2002-08-08,1143,794,6891,1803,1729,354,1069,834,209,823.209,888,806,806
2002-08-09,1222,831,6957,2065,1787,378,1121,842,209,867.119,940,806,806
2002-08-12,1285,854,7007,2265,1854,401,1155,897,200,900.68,981,897,887
2002-08-13,1304,893,6968,2303,1898,413,1166,922,213,913.845,994,931,919
2002-08-14,1290,865,7008,2249,1828,416,1139,924,215,906.357,986,934,865
2002-08-15,1271,836,6728,2215,1812,406,1105,921,224,892.416,969,901,858
2002-08-16,1233,814,6664,2124,1744,386,1066,897,227,870.058,942,898,853
2002-08-19,1202,792,6729,2023,1647,379,1041,897,212,855.816,925,898,853
2002-08-20,1208,787,6803,2046,1667,382,1042,873,213,860.916,932,792,801
2002-08-21,1169,793,6366,1930,1647,369,1041,843,209,842.805,910,817,804
2002-08-22,1175,798,6333,1954,1705,365,1068,840,207,844.462,913,840,807
2002-08-23,1146,795,6210,1842,1676,363,1046,845,208,831.811,898,844,803
2002-08-26,1133,788,6154,1800,1672,358,1042,863,208,826.548,892,806,798
2002-08-27,1114,789,6177,1749,1647,348,1024,858,209,813.629,878,813,814
2002-08-28,1114,791,6235,1722,1726,354,1032,869,209,820.123,881,824,805
2002-08-29,1117,797,6413,1700,1733,362,1038,889,209,824.867,886,837,809
2002-08-30,1099,774,6415,1643,1704,360,1035,889,192,811.924,886,837,809
2002-10-01,1273,858,6466,2278,1966,415,1137,1004,234,907.264,1010,907,912
2002-10-02,1243,849,6310,2141,1949,412,1143,1010,233,892.484,992,883,891
2002-10-03,1226,855,6312,2061,1951,412,1143,1009,216,884.152,981,883,891
2002-10-04,1212,850,6426,2019,1929,404,1148,991,216,875.915,971,873,879
2002-10-07,1232,859,6474,2084,1985,411,1160,999,208,886.372,984,873,879
2002-10-08,1237,865,6494,2101,1980,412,1164,1011,207,888.404,986,873,879
2002-10-09,1286,877,6578,2288,2014,426,1181,1023,218,915.389,1019,965,931
2002-10-10,1291,868,6532,2326,2030,429,1134,1015,239,918.32,1021,895,900
2002-10-11,1267,846,6504,2268,2026,415,1089,1000,250,902.394,1002,879,872
2002-10-14,1267,846,6504,2268,2026,415,1089,1000,250,902.394,1002,877,870
2002-10-15,1253,826,6413,2317,1924,386,1083,967,252,883.794,981,865,867
2002-10-16,1247,821,6473,2300,1925,378,1090,975,252,878.41,974,850,840
2002-10-17,1209,802,6510,2143,1897,366,1084,961,260,856.219,947,822,840
2002-10-18,1178,781,6377,2024,1898,363,1072,935,238,841.068,928,828,828
2002-10-21,1169,776,6350,2006,2018,353,1064,910,228,831.422,917,835,823
2002-10-22,1163,768,6365,1976,2044,353,1076,893,228,827.721,913,808,805
2002-10-23,1144,767,6306,1910,2113,351,1048,873,218,819.386,903,802,793
2002-10-24,1129,772,6172,1827,2122,358,1061,870,217,817.093,900,792,803
2002-10-25,1123,784,6205,1796,2200,357,1052,860,219,814.908,897,803,799
2002-10-28,1131,772,6017,1839,2122,361,1059,857,219,814.8,817,806,801
2002-10-29,1172,791,6058,1960,2143,381,1078,860,219,841.532,925,821,808
2002-10-30,1137,777,6022,1839,1934,375,1076,846,218,818.065,900,809,797
2002-10-31,1113,742,6064,1759,1854,373,1079,824,219,805.527,862,779,777
2002-11-01,1095,732,5989,1716,1761,367,1060,805,219,795.038,849,779,777
2002-11-04,1093,726,5975,1738,1784,358,1052,788,220,789.865,844,761,764
2002-11-05,1100,723,5961,1766,1876,355,1060,791,209,789.085,844,763,752
2002-11-06,1126,737,6018,1860,1868,358,1066,822,207,803.423,861,752,776
2002-11-07,1112,718,6100,1791,1871,366,1055,806,206,800.923,859,743,738
2002-11-08,1107,713,6164,1759,1859,369,1069,798,207,797.252,854,732,729
2002-11-11,1107,713,6164,1759,1859,369,1069,798,207,797.252,854,734,732
2002-11-12,1122,716,5947,1819,1884,374,1080,805,206,803.863,862,735,736
2002-11-13,1136,714,6048,1867,1894,378,1078,809,211,810.6,869,748,744
2002-11-14,1105,693,6009,1787,1885,361,1058,784,204,786.968,842,725,725
2002-11-15,1084,658,6018,1737,1820,355,1051,749,203,773.886,827,682,704
2002-11-18,1062,637,6043,1677,1807,347,1038,717,202,763.114,814,674,672
2002-11-19,1046,646,5953,1639,1730,345,1020,704,190,756.633,809,670,682
2002-11-20,1030,612,6006,1613,1764,331,996,689,189,743.464,795,646,651
2002-11-21,1014,598,6239,1571,1686,324,967,690,188,734.184,784,647,647
2002-11-22,1014,605,6239,1586,1677,319,968,672,186,732.942,783,647,647
2002-11-25,1027,617,6354,1626,1658,322,975,674,180,740.062,792,673,685
2002-11-26,1051,650,6209,1676,1725,336,997,703,175,754.263,809,698,689
2002-11-27,1035,639,6151,1660,1707,319,976,689,180,742.16,795,690,667
2002-11-28,1035,639,6151,1660,1707,319,976,689,180,742.16,795,694,670
2002-11-29,1019,636,6155,1622,1696,312,955,684,178,727.378,778,694,691
2002-12-02,997,629,6190,1544,1709,306,936,686,179,713.969,778,671,671
2002-12-03,1007,643,6193,1569,1744,310,946,689,166,718.254,769,697,738
2002-12-04,1029,661,6253,1630,1803,317,962,695,170,729.332,781,705,731
2002-12-05,1058,659,6331,1728,1856,325,975,696,168,745.878,801,704,738
2002-12-06,1045,657,6274,1700,1821,317,957,702,172,740.826,794,695,726
2002-12-09,1035,610,6181,1678,1804,319,948,683,172,738.424,791,653,671
2002-12-10,1037,631,6233,1683,1795,317,961,682,172,740.099,792,684,667
2002-12-11,1026,633,6215,1635,1802,316,969,686,172,737.735,790,656,674
2002-12-12,1017,612,6245,1599,1756,315,992,675,168,731.022,781,648,664
2002-12-13,1008,611,6194,1578,1724,305,1027,662,169,724.933,775,649,663
2002-12-16,985,605,5910,1513,1704,300,1051,644,170,711.773,759,645,660
2002-12-17,992,586,5988,1525,1719,302,1098,626,171,717.159,765,617,640
2002-12-18,975,586,6047,1468,1740,298,1090,610,169,713.718,761,622,634
2002-12-19,976,618,6103,1441,1794,305,1099,627,166,718.345,766,627,670
2002-12-20,972,610,6122,1421,1833,306,1101,619,162,716.458,764,629,659
2002-12-23,968,606,6115,1415,1845,302,1095,613,160,711.659,760,632,648
2002-12-24,977,612,6192,1424,1853,312,1106,621,161,719.376,768,632,648
2002-12-25,977,612,6192,1424,1853,312,1106,621,161,719.376,768,632,648
2002-12-26,978,610,6183,1432,1851,309,1103,619,162,718.432,767,636,652
2002-12-27,984,615,6230,1438,1858,315,1110,626,160,723.526,773,638,653
2002-12-30,995,610,6270,1462,1888,323,1121,626,161,730.646,781,643,657
2002-12-31,981,609,6342,1460,1801,329,1131,633,176,724.52,765,620,638
2003-01-01,981,609,6342,1460,1801,329,1131,633,176,724.52,765,620,638
2003-01-02,950,569,6190,1402,1790,303,1153,607,161,697.055,736,613,617
2003-01-03,941,566,6221,1354,1717,303,1227,603,160,690.105,728,596,613
2003-01-06,915,538,5928,1290,1625,297,1254,581,166,674.972,711,557,572
2003-01-07,915,533,5969,1280,1610,300,1257,592,168,676.663,713,554,571
2003-01-08,916,547,5964,1279,1682,296,1270,613,165,678.064,714,585,593
2003-01-09,911,535,5906,1281,1656,282,1329,607,163,669.33,706,560,571
2003-01-10,899,536,5920,1245,1645,283,1291,598,163,662.918,699,572,579
2003-01-13,896,527,5909,1233,1589,285,1316,589,163,659.529,694,565,567
2003-01-14,906,534,5888,1246,1520,296,1364,590,164,664.789,700,568,576
2003-01-15,923,553,6027,1286,1534,299,1406,604,160,672.959,709,580,581
2003-01-16,921,551,5996,1281,1535,300,1390,598,161,672.955,709,574,576
2003-01-17,937,567,6046,1314,1542,311,1372,617,162,684.124,721,598,594
2003-01-20,937,567,6046,1314,1542,311,1372,617,162,684.124,721,598,594
2003-01-21,962,571,6074,1375,1582,318,1454,631,168,697.99,737,631,618
2003-01-22,980,597,6123,1404,1600,328,1474,654,168,708.568,749,628,639
2003-01-23,975,595,6108,1400,1614,328,1392,657,175,704.27,743,625,628
2003-01-24,997,596,6168,1457,1628,336,1407,677,173,715.028,756,634,624
2003-01-27,990,613,5927,1447,1637,330,1394,682,181,710.605,751,659,656
2003-01-28,976,605,5860,1424,1592,327,1314,673,183,701.995,742,646,655
2003-01-29,961,616,5923,1382,1582,324,1240,679,178,692.082,731,655,663
2003-01-30,960,607,5959,1367,1580,327,1277,675,172,693.182,732,651,648
2003-01-31,954,608,5985,1331,1524,329,1279,686,171,687.162,730,644,654
2003-02-03,945,586,6065,1309,1508,325,1268,681,166,682.063,724,631,627
2003-02-04,961,588,6055,1349,1542,332,1268,689,166,691.941,735,619,624
2003-02-05,951,576,6016,1331,1541,325,1279,677,167,685.37,728,602,617
2003-02-06,958,585,6025,1341,1555,326,1325,686,165,690.586,733,616,634
2003-02-07,959,592,6051,1337,1565,328,1318,690,164,691.093,734,613,637
2003-02-10,954,573,6021,1334,1562,321,1316,692,163,682.706,723,601,626
2003-02-11,948,559,6061,1319,1532,318,1341,683,159,678.149,718,589,619
2003-02-12,963,569,6119,1346,1542,324,1404,692,159,685.56,726,590,607
2003-02-13,978,581,6169,1374,1555,332,1422,706,159,695.265,737,607,611
2003-02-14,968,574,6232,1357,1533,323,1415,700,164,689.131,730,598,609
2003-02-17,968,574,6232,1357,1533,323,1415,700,164,689.131,730,598,609
2003-02-18,954,565,6230,1328,1506,317,1386,691,165,678.603,717,579,598
2003-02-19,956,540,6289,1332,1490,321,1373,690,166,681.07,720,575,579
2003-02-20,953,539,6312,1327,1494,317,1382,684,167,678.135,717,565,579
2003-02-21,942,545,6279,1303,1506,309,1384,667,166,670.13,708,570,585
2003-02-24,937,546,6359,1263,1508,318,1384,678,164,666.01,702,561,577
2003-02-25,940,545,6432,1261,1509,321,1394,671,164,669.25,706,562,573
2003-02-26,938,548,6558,1233,1513,325,1428,669,165,670.124,708,553,575
2003-02-27,931,539,6577,1214,1498,324,1427,668,168,668.944,706,553,575
2003-02-28,891,545,6615,1189,1522,322,1399,666,167,658.806,707,560,576
2003-03-03,888,544,6663,1181,1513,319,1410,666,168,660.172,708,553,578
2003-03-04,895,547,6702,1201,1554,320,1420,670,169,664.62,713,559,589
2003-03-05,887,538,6908,1180,1559,316,1420,663,171,658.786,706,534,560
2003-03-06,863,531,6846,1120,1519,309,1372,646,171,643.92,689,523,553
2003-03-07,866,532,6823,1124,1516,312,1376,649,171,646.575,691,537,579
2003-03-10,876,542,6879,1153,1530,317,1316,659,172,654.633,699,533,570
2003-03-11,871,543,6873,1144,1540,313,1293,665,176,653.532,698,538,580
2003-03-12,865,545,6805,1131,1534,310,1269,667,177,651.751,695,536,559
2003-03-13,842,530,6718,1086,1459,300,1273,645,172,638.543,680,539,566
2003-03-14,844,531,6687,1096,1438,299,1271,643,171,640.882,684,541,561
2003-03-17,832,518,6618,1071,1426,293,1264,640,168,638.631,684,528,560
2003-03-18,819,507,6591,1045,1386,287,1243,623,170,625.823,667,532,575
2003-03-19,834,503,6621,1088,1410,292,1270,616,170,639.289,683,530,555
2003-03-20,830,494,6531,1087,1395,286,1291,611,172,637.047,680,527,562
2003-03-21,811,474,6492,1038,1382,279,1298,594,165,620.301,662,513,521
2003-03-24,828,478,6513,1071,1401,290,1319,608,156,640.789,684,480,526
2003-03-25,815,463,6139,1045,1371,288,1305,595,155,629.253,671,477,523
2003-03-26,811,468,6052,1028,1377,286,1375,585,156,628.461,670,485,503
2003-03-27,823,466,6116,1060,1392,285,1422,591,155,634.885,678,486,512
2003-03-28,816,472,6088,1033,1380,288,1393,593,155,629.517,671,501,506
2003-03-31,810,477,6096,1050,1372,289,1406,595,156,626.295,671,499,506
2003-04-01,792,460,6062,1004,1341,284,1362,591,157,614.818,658,477,490
2003-04-02,764,419,5576,965,1277,269,1355,575,150,596.947,640,468,460
2003-04-03,745,408,5431,941,1260,256,1329,545,146,585.629,628,447,442
2003-04-04,747,426,5437,941,1263,261,1329,532,146,585.42,628,446,450
2003-04-07,732,410,5380,909,1232,255,1314,512,139,574.559,616,430,443
2003-04-08,751,419,5465,939,1249,265,1347,544,138,585.669,629,434,444
2003-04-09,760,437,5622,949,1254,272,1328,554,142,593.39,637,468,473
2003-04-10,767,435,5584,970,1247,272,1354,560,149,596.124,639,455,462
2003-04-11,753,433,5558,928,1252,270,1321,561,150,587.475,629,463,473
2003-04-14,732,423,5439,885,1229,261,1269,547,146,571.608,612,443,443
2003-04-15,728,417,5387,881,1214,261,1246,540,142,567.747,607,449,431
2003-04-16,733,423,5426,895,1231,264,1201,539,142,570.19,611,452,464
2003-04-17,725,425,5429,873,1235,265,1158,540,141,565.471,605,452,464
2003-04-18,725,425,5429,873,1235,265,1158,540,141,565.471,605,452,464
2003-04-21,718,417,5387,868,1212,259,1151,528,142,559.805,599,438,435
2003-04-22,714,426,5162,866,1224,254,1172,521,140,557.267,596,450,471
2003-04-23,706,427,4900,856,1206,249,1195,513,137,554.87,595,444,464
2003-04-24,715,435,5048,874,1202,251,1243,508,133,562.46,605,469,487
2003-04-25,716,454,5092,871,1192,251,1257,504,128,561.965,604,476,498
2003-04-28,708,433,5175,857,1167,246,1266,485,132,556.451,598,459,460
2003-04-29,697,428,5048,843,1143,240,1256,467,133,546.662,587,453,457
2003-04-30,674,408,5059,819,1103,227,1212,465,135,534.211,576,441,436
2003-05-01,669,402,5037,816,1099,221,1217,460,132,529.09,571,441,436
2003-05-02,648,370,4920,774,1059,213,1220,440,132,512.102,553,441,436
2003-05-05,651,372,4974,779,1040,216,1218,443,132,514.931,556,415,419
2003-05-06,668,405,5090,801,1075,226,1223,471,129,527.768,570,452,450
2003-05-07,657,394,5106,773,1080,222,1217,460,125,521.197,562,414,423
2003-05-08,650,395,5088,760,1085,221,1194,450,121,513.794,553,424,418
2003-05-09,640,397,5086,736,1071,221,1170,429,118,508.889,548,425,437
2003-05-12,629,383,5097,715,1088,217,1130,414,118,502.617,540,405,416
2003-05-13,619,383,5105,706,1064,206,1098,411,116,495.592,532,399,418
2003-05-14,641,406,5157,743,1081,220,1125,437,117,511.173,549,439,448
2003-05-15,665,417,5276,792,1112,227,1147,465,121,524.462,565,478,463
2003-05-16,676,419,5306,807,1150,232,1141,486,127,533.322,574,496,465
2003-05-19,685,429,5231,830,1172,234,1142,511,129,534.863,575,462,490
2003-05-20,706,455,5359,862,1189,246,1165,548,133,551.059,593,489,513
2003-05-21,686,435,5192,825,1168,240,1141,505,135,536.551,577,464,474
2003-05-22,674,433,5166,801,1134,239,1118,486,132,529.153,569,436,468
2003-05-23,669,420,5180,789,1106,240,1089,482,131,523.727,562,445,458
2003-05-26,669,420,5180,789,1106,240,1089,482,131,523.727,562,442,455
2003-05-27,666,418,5160,796,1102,233,1073,478,127,518.422,557,447,478
2003-05-28,671,436,5067,800,1127,236,1093,481,126,520.612,560,453,488
2003-05-29,666,432,5089,783,1108,238,1074,481,126,517.883,556,441,473
2003-05-30,672,444,5164,796,1128,238,1053,479,129,520.201,553,481,490
2003-06-02,667,439,5175,798,1108,234,1021,466,130,516.08,549,469,479
2003-06-03,668,453,5160,799,1102,235,1019,474,129,517.468,550,485,483
2003-06-04,657,452,5067,770,1050,237,991,469,129,510.194,541,486,475
2003-06-05,644,438,5032,743,1043,231,988,455,128,496.322,525,451,473
2003-06-06,635,431,4960,727,1029,229,962,444,129,491.539,520,456,481
2003-06-09,636,440,4856,726,1033,232,973,450,129,495.312,524,454,479
2003-06-10,644,456,4688,741,1053,236,990,461,129,502.647,532,499,503
2003-06-11,647,459,4595,746,1090,237,999,470,128,503.5,533,468,475
2003-06-12,640,448,4607,736,1066,232,983,469,127,500.277,529,474,478
2003-06-13,632,430,4514,724,1083,228,961,465,126,496.065,523,446,490
2003-06-16,615,426,4374,694,1082,223,948,456,127,483.888,509,441,468
2003-06-17,607,430,4314,683,1054,220,934,441,127,476.288,501,453,483
2003-06-18,623,441,4392,720,1088,223,962,445,129,486.825,513,489,509
2003-06-19,635,449,4405,739,1101,231,976,452,132,497.732,526,519,520
2003-06-20,648,463,4389,769,1129,236,997,456,127,504.177,534,513,539
2003-06-23,651,474,4455,768,1157,238,987,465,132,511.886,541,520,541
2003-06-24,648,483,4509,753,1145,238,990,463,133,508.32,537,516,537
2003-06-25,645,505,4443,749,1193,234,986,454,133,504.987,533,536,554
2003-06-26,658,519,4453,793,1214,231,1000,454,129,510.934,541,542,578
2003-06-27,667,523,4459,815,1209,233,1010,458,129,516.669,548,565,598
2003-06-30,662,491,4485,798,1178,239,1001,447,129,514.907,547,511,556
2003-07-01,658,494,4569,777,1168,242,966,457,129,509.764,540,523,543
2003-07-02,661,504,4537,776,1174,247,978,462,130,515.471,547,546,558
2003-07-03,669,510,4512,792,1189,252,992,464,129,520.042,553,553,552
2003-07-04,669,510,4512,792,1189,252,992,464,129,520.042,553,553,552
2003-07-07,693,512,4606,836,1280,261,1011,482,130,534.807,570,564,630
2003-07-08,687,512,4666,818,1255,263,1003,482,121,532.371,567,571,590
2003-07-09,679,507,4652,802,1260,257,999,484,119,528.916,563,543,571
2003-07-10,679,509,4679,810,1238,254,982,479,119,528.37,562,556,567
2003-07-11,685,521,4845,828,1238,250,975,494,118,533.507,569,559,584
2003-07-14,669,515,4806,798,1220,243,943,473,117,521.789,556,559,584
2003-07-15,668,504,4768,805,1201,237,954,472,122,520.349,555,555,571
2003-07-16,664,506,4770,796,1195,235,935,478,118,521.4,556,555,569
2003-07-17,651,496,4927,764,1171,229,928,471,117,510.345,544,537,556
2003-07-18,641,486,4937,742,1170,223,902,474,116,502.402,534,502,544
2003-07-21,625,460,4848,726,1150,213,849,455,120,486.844,517,495,512
2003-07-22,619,450,4738,706,1132,216,854,451,120,487.714,517,476,524
2003-07-23,628,451,4747,725,1112,222,878,448,120,491.717,522,490,508
2003-07-24,630,455,4794,734,1108,220,874,445,119,493.185,524,500,521
2003-07-25,627,435,4655,738,1086,220,859,437,119,489.269,519,479,489
2003-07-28,625,432,4687,743,1078,216,854,425,117,486.236,516,479,489
2003-07-29,639,435,4775,769,1088,224,859,431,117,491.078,522,479,489
2003-07-30,651,449,4925,794,1130,231,809,452,119,502.739,536,493,512
2003-07-31,659,462,5021,796,1147,233,835,450,117,505.788,532,513,565
2003-08-01,690,466,5138,848,1181,256,852,479,132,532.65,561,516,532
2003-08-04,712,493,5114,889,1212,267,875,501,134,546.849,577,567,566
2003-08-05,692,483,5040,849,1172,259,834,487,133,529.456,557,542,534
2003-08-06,714,486,5093,891,1280,264,876,513,134,547.044,578,519,526
2003-08-07,691,469,5117,839,1260,251,886,500,128,531.917,560,506,520
2003-08-08,668,453,5067,805,1242,229,874,488,122,512.011,537,495,508
2003-08-11,661,444,5006,803,1189,223,862,477,131,509.371,534,479,498
2003-08-12,661,441,4912,800,1194,228,854,474,123,508.201,533,481,493
2003-08-13,658,429,4851,802,1174,230,836,458,119,504.348,530,483,481
2003-08-14,654,424,4898,785,1161,233,822,459,119,502.157,527,466,479
2003-08-15,654,425,4905,785,1162,233,823,459,119,501.944,527,466,479
2003-08-18,649,417,4946,766,1134,234,835,458,119,500.231,524,453,468
2003-08-19,637,408,4981,746,1106,228,822,450,118,494.656,518,435,462
2003-08-20,631,398,5038,737,1099,224,818,428,117,487.754,511,432,460
2003-08-21,623,389,5038,730,1090,221,804,411,106,480.582,504,439,448
2003-08-22,619,387,5038,714,1110,221,800,409,109,479.934,503,427,433
2003-08-25,617,377,4954,716,1113,220,814,401,109,477.901,501,421,433
2003-08-26,612,372,5066,699,1108,220,800,405,110,476.578,499,415,422
2003-08-27,603,358,5171,682,1119,216,795,401,104,469.987,492,393,410
2003-08-28,615,384,5158,692,1175,223,808,420,105,478.067,502,436,416
2003-08-29,624,383,4916,699,1153,223,827,422,104,482.34,504,422,424
2003-10-01,634,359,5363,698,1112,214,837,485,103,486.921,507,380,391
2003-10-02,627,356,5256,684,1108,215,825,459,105,482.808,502,379,397
2003-10-03,612,340,5213,661,1077,208,803,435,105,468.057,486,370,385
2003-10-06,610,338,5219,649,1066,212,798,439,106,467.925,486,360,377
2003-10-07,602,333,5130,629,1080,211,789,433,106,458.876,475,361,374
2003-10-08,593,329,5170,610,1049,209,778,419,100,445.685,460,361,374
2003-10-09,588,317,5195,601,1013,208,768,415,100,441.66,455,352,361
2003-10-10,588,314,5176,600,1006,208,771,422,98,444.088,458,354,355
2003-10-13,588,314,5176,600,1006,208,771,422,98,444.088,458,354,355
2003-10-14,574,309,5153,574,988,204,746,409,97,433.469,446,325,349
2003-10-15,571,294,5124,573,980,205,736,407,97,429.559,443,297,349
2003-10-16,572,277,5148,584,987,201,745,405,92,426.229,439,309,340
2003-10-17,588,303,5192,601,1013,214,761,428,89,441.515,457,317,332
2003-10-20,590,307,5216,599,1010,215,766,453,89,444.613,460,316,348
2003-10-21,589,302,5229,599,1015,213,753,444,90,442.595,457,322,344
2003-10-22,604,313,5311,617,1040,225,763,458,90,457.4,473,328,355
2003-10-23,607,317,5325,630,1052,222,768,444,96,459.021,475,359,371
2003-10-24,612,328,5389,641,1053,220,779,452,95,466.131,482,333,362
2003-10-27,612,322,5385,645,1037,217,775,487,94,466.997,484,333,359
2003-10-28,610,318,5387,638,1023,218,776,483,96,470.452,488,335,361
2003-10-29,598,303,5426,623,1001,208,760,471,96,460.352,477,320,367
2003-10-30,594,301,5465,609,983,208,750,484,94,458.283,475,312,344
2003-10-31,589,304,5509,599,978,205,740,493,91,454.712,470,315,346
2003-11-03,580,295,5525,583,958,201,734,489,90,446.843,461,310,307
2003-11-04,578,297,5723,576,946,202,720,478,91,444.144,458,311,341
2003-11-05,578,292,5737,582,960,199,717,463,89,444.347,459,303,338
2003-11-06,573,289,5717,575,963,195,722,462,90,442.115,457,303,267
2003-11-07,570,287,5735,567,958,194,718,460,91,441.068,456,311,343
2003-11-10,568,286,5722,567,954,191,713,456,91,437.269,452,281,322
2003-11-11,568,286,5722,567,954,191,713,456,91,437.269,452,291,332
2003-11-12,566,290,5845,563,950,189,708,451,84,436.241,450,312,331
2003-11-13,575,299,5916,577,940,197,713,459,82,444.576,460,321,339
2003-11-14,582,315,5981,577,950,205,720,471,83,447.904,463,321,339
2003-11-17,586,322,6084,581,963,207,726,478,84,452.434,467,318,339
2003-11-18,583,331,6069,570,945,208,727,476,84,453.248,468,334,339
2003-11-19,582,330,6093,573,945,206,720,467,88,451.086,466,339,339
2003-11-20,582,331,6137,559,933,213,724,475,85,454.655,469,358,339
2003-11-21,579,325,6201,555,901,214,718,474,87,452.257,467,327,369
2003-11-24,571,321,6136,541,908,211,698,470,86,445.861,460,338,366
2003-11-25,574,328,5978,541,917,217,705,477,87,448.687,463,340,377
2003-11-26,573,329,5991,537,934,217,707,476,90,448.176,463,338,375
2003-11-27,563,319,5996,527,910,209,688,463,88,437.224,463,338,375
2003-11-28,563,319,5996,527,910,209,688,463,88,437.224,455,321,351
2003-12-01,548,317,5977,494,887,208,660,455,87,427.044,444,306,365
2003-12-02,551,324,5930,500,897,210,660,451,87,427.596,445,333,364
2003-12-03,546,312,5957,495,880,207,643,442,86,421.013,437,316,360
2003-12-04,538,303,5798,488,888,202,615,435,82,417.891,434,311,347
2003-12-05,549,318,5853,496,889,211,634,458,92,427.455,443,316,354
2003-12-08,534,309,5763,477,853,206,601,436,85,413.697,429,316,354
2003-12-09,525,298,5580,472,824,203,579,418,85,406.165,421,315,340
2003-12-10,535,305,5396,493,845,204,611,426,83,413.022,429,326,348
2003-12-11,546,321,5489,508,869,207,622,450,85,423.656,440,341,360
2003-12-12,547,330,5523,501,862,214,607,456,85,421.329,438,325,356
2003-12-15,541,326,5666,488,851,212,602,448,87,416.926,433,325,355
2003-12-16,538,329,5292,484,825,214,604,451,88,415.329,431,357,369
2003-12-17,536,330,5359,481,820,213,602,444,86,413.486,429,335,365
2003-12-18,530,323,5431,473,816,208,596,440,86,412,428,338,355
2003-12-19,530,323,5435,474,816,209,594,437,85,412.478,428,336,349
2003-12-22,527,321,5438,471,813,205,590,433,85,409.076,424,338,352
2003-12-23,528,316,5454,475,810,204,592,431,84,408.76,424,329,346
2003-12-24,526,315,5452,473,807,202,589,429,84,408.48,424,308,349
2003-12-25,526,315,5452,473,807,202,589,429,84,408.48,424,308,349
2003-12-26,533,321,5475,479,814,208,597,436,85,414.548,531,308,349
2003-12-29,528,315,5478,473,814,205,589,431,88,409.185,424,334,346
2003-12-30,523,317,5480,465,809,201,582,426,88,405.21,420,339,347
2003-12-31,518,325,5485,459,799,201,586,427,90,402.864,418,334,347
2004-01-01,518,325,5485,459,799,201,586,427,90,402.864,418,334,347
2004-01-02,505,314,5434,446,770,191,562,413,89,390.588,404,329,342
2004-01-05,488,308,5310,422,750,183,538,399,88,380.435,394,318,338
2004-01-06,487,298,5072,426,741,189,533,380,86,380.768,395,290,324
2004-01-07,479,281,5020,417,741,184,543,363,85,376.04,390,269,296
2004-01-08,472,276,4948,407,744,181,540,352,85,370.822,384,278,288
2004-01-09,475,277,5009,406,732,187,561,369,83,374.578,388,276,270
2004-01-12,474,273,5125,406,718,184,563,358,84,372.412,385,271,262
2004-01-13,488,283,5230,424,728,190,591,383,86,382.389,396,283,289
2004-01-14,498,293,5389,437,751,193,605,396,87,391.415,406,292,296
2004-01-15,493,298,5423,425,726,193,595,391,85,388.296,402,291,303
2004-01-16,500,297,5512,434,738,196,617,387,88,391.432,406,287,295
2004-01-19,500,297,5512,434,738,196,617,387,88,391.432,406,287,295
2004-01-20,500,300,5505,436,725,191,635,391,89,390.8,404,309,309
2004-01-21,495,304,5616,425,720,191,613,385,90,390.179,403,309,302
2004-01-22,500,307,5662,431,719,197,617,386,92,394.08,407,309,311
2004-01-23,497,309,5642,426,705,195,612,383,91,388.427,401,309,301
2004-01-26,497,309,5687,422,700,197,625,388,93,389.222,402,323,305
2004-01-27,495,307,5531,423,683,196,618,387,91,390.046,403,320,294
2004-01-28,503,312,5505,439,700,196,633,385,90,391.965,405,324,330
2004-01-29,528,350,5556,478,708,204,662,423,92,413.33,430,366,364
2004-01-30,531,357,5619,489,714,205,633,425,94,413.593,432,372,405
2004-02-02,548,397,5700,521,719,207,638,435,97,424.553,444,411,475
2004-02-03,539,379,5664,509,716,205,620,428,96,419.56,438,370,412
2004-02-04,544,371,5665,521,737,202,639,426,97,419.733,438,373,421
2004-02-05,555,377,5680,546,777,201,647,436,93,426.261,445,390,439
2004-02-06,553,365,5706,544,767,201,624,441,96,429.426,448,345,387
2004-02-09,542,359,5657,520,751,198,622,432,94,423.224,441,367,375
2004-02-10,545,359,5762,525,747,197,637,443,95,423.527,441,365,395
2004-02-11,536,361,5635,505,733,194,633,441,92,419.528,437,348,389
2004-02-12,531,353,5466,503,724,189,640,433,90,412.115,429,379,389
2004-02-13,536,353,5316,520,733,188,643,438,88,415.606,433,356,379
2004-02-16,536,353,5316,520,733,188,643,438,88,415.606,433,356,379
2004-02-17,543,343,5363,537,743,189,658,432,93,420.333,438,398,374
2004-02-18,551,341,5424,555,746,188,689,430,92,424.73,444,344,384
2004-02-19,564,349,5429,586,759,190,694,436,93,433.034,453,366,437
2004-02-20,564,352,5421,584,760,190,698,442,92,432.845,453,359,390
2004-02-23,561,354,5484,572,750,191,706,434,93,431.172,451,340,392
2004-02-24,557,356,5512,564,743,191,689,429,92,429.252,449,351,389
2004-02-25,567,361,5536,585,760,192,717,432,91,434.713,455,360,407
2004-02-26,559,359,5537,568,747,189,710,424,90,431.302,451,357,398
2004-02-27,554,371,4943,575,762,191,720,424,88,431.493,445,338,417
2004-03-01,545,364,4933,552,747,186,743,413,89,425.187,441,352,397
2004-03-02,547,365,4924,560,746,185,745,414,90,425.36,441,361,406
2004-03-03,538,364,4959,543,740,183,708,411,90,421.04,436,356,391
2004-03-04,537,358,4956,545,737,185,694,402,90,420.32,436,356,391
2004-03-05,539,361,5066,535,742,189,715,411,92,422.931,438,352,394
2004-03-08,530,347,5072,518,729,187,697,404,91,417.604,432,349,372
2004-03-09,532,349,5007,529,727,186,688,412,91,420.158,435,401,374
2004-03-10,539,348,4948,545,741,187,701,416,89,424.241,441,363,381
2004-03-11,544,359,4804,560,738,191,697,417,88,428,445,375,409
2004-03-12,544,364,4721,562,741,192,685,416,98,426.86,444,368,407
2004-03-15,540,362,4758,557,734,191,671,407,98,423.934,440,381,398
2004-03-16,545,367,4773,563,730,195,683,416,97,430.156,447,360,404
2004-03-17,540,361,4766,557,731,192,682,403,97,427.286,444,376,395
2004-03-18,535,356,4759,546,721,190,677,399,96,421.78,438,344,390
2004-03-19,524,351,4758,525,705,189,656,387,96,413.588,429,359,390
2004-03-22,535,354,4800,550,718,191,666,393,96,421.589,438,357,386
2004-03-23,533,355,4807,551,719,186,661,399,93,421.066,439,356,391
2004-03-24,541,355,4848,574,717,187,655,402,94,424.854,443,356,385
2004-03-25,537,361,4847,569,702,182,649,399,92,422.512,443,362,395
2004-03-26,532,353,4824,564,702,180,642,389,91,416.884,435,361,394
2004-03-29,536,353,4843,573,704,181,646,386,90,418.01,436,378,416
2004-03-30,526,349,4837,552,688,179,639,378,89,410.87,428,347,407
2004-03-31,531,355,4840,554,701,184,647,379,91,414.391,432,349,391
2004-04-01,521,354,4753,539,696,181,625,364,93,406.533,424,348,381
2004-04-02,523,343,4608,560,692,175,628,358,91,405.097,423,357,392
2004-04-05,522,344,4634,559,684,170,632,358,91,403.726,422,348,391
2004-04-06,510,340,4633,533,676,171,606,358,91,398.602,416,344,379
2004-04-07,514,339,4613,545,692,169,614,359,88,399.898,418,333,392
2004-04-08,514,338,4618,544,692,170,614,358,88,400.622,418,333,392
2004-04-09,514,338,4618,544,692,170,614,358,88,400.622,419,333,392
2004-04-12,511,338,4624,538,701,168,611,355,88,397.839,417,339,375
2004-04-13,507,337,4585,537,685,165,594,355,83,392.972,411,338,397
2004-04-14,518,332,4625,553,711,172,599,365,81,399.777,419,336,377
2004-04-15,543,346,4617,614,751,174,635,381,79,416.776,438,350,381
2004-04-16,537,344,4528,593,739,177,630,383,81,414.2,435,349,375
2004-04-19,538,340,4541,599,744,177,624,373,82,412.091,433,347,400
2004-04-20,544,344,4547,607,826,177,627,389,81,416.569,438,349,371
2004-04-21,557,346,4529,633,818,182,663,396,82,428.185,451,342,373
2004-04-22,549,336,4559,611,820,180,658,390,83,425.089,448,338,357
2004-04-23,540,332,4408,601,819,177,643,373,83,417.073,439,337,362
2004-04-26,541,345,4401,597,788,181,647,374,83,418.793,441,355,380
2004-04-27,559,375,4477,625,793,190,671,398,84,432.855,457,385,429
2004-04-28,586,388,4509,667,852,207,699,419,84,452.175,480,459,412
2004-04-29,595,402,4521,673,918,214,691,428,93,460.202,489,425,464
2004-04-30,588,406,4534,660,925,204,684,443,92,467.853,478,429,465
2004-05-03,613,431,4584,698,982,215,718,473,94,485.125,498,433,457
2004-05-04,603,430,4573,672,935,216,700,466,100,480.543,492,434,478
2004-05-05,602,434,4586,666,922,219,693,475,97,478.788,492,475,440
2004-05-06,637,482,4606,718,965,236,727,525,113,507.815,522,522,561
2004-05-07,652,492,4583,757,1021,230,733,544,108,525.185,541,532,655
2004-05-10,686,552,4673,801,1081,255,752,599,111,549.488,569,696,644
2004-05-11,654,511,4695,754,1025,232,721,566,102,522.763,538,521,555
2004-05-12,659,515,4700,772,972,236,720,567,100,524.595,541,537,543
2004-05-13,647,510,4703,758,923,225,711,559,99,518.448,535,530,558
2004-05-14,613,460,4763,706,858,211,646,520,96,498.188,512,535,568
2004-05-17,617,451,4789,723,850,211,644,506,96,499.897,513,475,515
2004-05-18,610,459,4798,708,861,205,641,501,95,492.798,506,485,534
2004-05-19,608,465,4824,692,871,206,655,521,93,488.485,501,496,566
2004-05-20,639,503,4891,753,879,216,687,550,93,510.815,526,547,622
2004-05-21,633,508,4898,744,888,211,674,544,93,502.94,517,539,598
2004-05-24,626,505,4941,724,859,211,669,546,91,499.304,512,546,566
2004-05-25,612,490,4893,694,843,210,647,522,92,490.08,502,549,533
2004-05-26,622,498,4788,715,888,211,663,546,92,496.132,508,568,562
2004-05-27,619,492,4848,707,878,212,663,534,93,497.53,510,567,510
2004-05-28,614,483,4838,696,909,210,659,521,92,493.632,508,543,504
2004-05-31,616,495,4595,707,926,212,647,524,91,495.56,508,543,510
2004-06-01,616,495,4595,707,926,212,647,524,91,495.56,511,571,520
2004-06-02,605,486,4707,686,917,214,613,496,91,487.966,502,533,501
2004-06-03,614,484,4907,700,908,217,628,503,90,492.702,507,531,502
2004-06-04,598,468,4864,667,888,213,606,486,87,479.893,493,530,493
2004-06-07,582,442,4849,639,839,209,594,466,87,467.647,479,501,464
2004-06-08,588,416,4870,650,860,210,607,475,88,472.012,484,479,445
2004-06-09,594,430,4949,664,861,208,617,486,86,475.572,488,507,443
2004-06-10,603,438,4892,678,868,213,635,490,86,481.577,494,492,441
2004-06-11,603,438,4900,678,868,213,636,491,86,481.648,494,491,442
2004-06-14,615,458,4925,701,897,217,646,497,86,490.308,505,514,479
2004-06-15,610,453,4991,677,896,221,645,498,87,489.882,502,516,455
2004-06-16,602,449,4803,671,882,217,637,493,84,482.994,494,508,452
2004-06-17,596,446,4939,647,887,219,626,482,83,479.289,489,507,449
2004-06-18,598,450,4939,659,867,218,626,487,83,477.4,488,517,414
2004-06-21,593,440,4947,646,859,218,621,482,83,473.13,483,493,441
2004-06-22,594,438,4964,651,882,218,614,477,84,473.491,484,496,432
2004-06-23,589,428,4950,643,875,219,604,469,85,471.132,481,494,448
2004-06-24,589,431,4980,638,877,218,609,475,85,471.95,482,497,447
2004-06-25,598,449,5016,656,889,218,624,478,85,482.011,494,509,480
2004-06-28,599,452,4996,661,888,217,627,483,85,480.424,493,513,493
2004-06-29,598,445,5035,650,908,220,638,482,86,481.01,493,513,493
2004-06-30,600,450,5087,646,952,218,643,483,83,482.209,493,504,473
2004-07-01,599,456,5079,642,960,216,640,491,85,482.337,493,509,474
2004-07-02,587,450,5048,619,933,215,626,481,87,473.366,482,501,487
2004-07-05,587,450,5048,619,933,215,626,481,87,473.366,482,501,487
2004-07-06,584,447,5025,618,916,212,626,474,87,471.104,480,495,490
2004-07-07,589,445,5057,629,925,213,634,472,86,475.433,485,500,459
2004-07-08,596,456,4923,644,931,217,639,484,86,482.947,485,531,490
2004-07-09,590,456,4915,629,933,217,628,478,85,478.239,489,518,479
2004-07-12,586,452,4942,622,932,215,621,472,85,474.166,489,513,473
2004-07-13,581,450,4847,617,915,214,611,466,85,468.443,478,505,478
2004-07-14,575,439,4850,611,906,211,604,451,84,463.125,472,510,462
2004-07-15,571,429,4897,603,926,211,597,445,85,459.23,468,492,441
2004-07-16,560,416,4851,579,928,206,593,438,85,452.43,460,485,418
2004-07-19,560,410,4899,584,933,202,604,431,85,451.334,459,478,420
2004-07-20,559,411,4909,586,944,198,601,429,84,450.042,459,478,417
2004-07-21,569,421,4948,605,944,201,611,442,84,460.152,470,483,427
2004-07-22,569,428,4984,602,929,203,613,443,85,460.441,471,494,439
2004-07-23,568,422,4988,609,914,198,609,439,84,460.417,470,483,427
2004-07-26,576,431,5011,624,924,200,615,447,84,466.6,478,511,438
2004-07-27,575,431,4851,625,927,202,610,449,86,465.498,477,490,438
2004-07-28,568,428,4937,607,912,201,600,441,86,462.593,474,490,438
2004-07-29,558,424,4937,589,870,201,581,432,82,453.286,463,490,438
2004-07-30,556,424,4994,590,852,201,584,435,80,453.319,466,490,438
2004-08-02,560,424,4989,594,872,203,594,445,80,455.902,469,429,470
2004-08-03,557,415,5063,596,869,199,584,439,79,455.135,469,424,455
2004-08-04,556,413,5090,596,869,197,582,435,77,453.546,467,436,445
2004-08-05,559,411,5062,603,849,200,573,438,77,453.766,467,425,412
2004-08-06,557,405,5130,593,842,200,577,448,80,454.033,466,414,436
2004-08-09,552,391,5173,587,827,198,574,443,79,449.736,462,401,430
2004-08-10,549,373,5230,580,830,198,570,428,79,444.945,457,387,418
2004-08-11,552,386,5170,583,851,200,573,432,76,449.361,462,388,438
2004-08-12,549,387,5194,576,846,199,568,436,75,447.504,459,410,438
2004-08-13,542,386,5192,560,831,197,562,436,73,443.119,455,388,428
2004-08-16,542,385,5183,558,832,197,572,434,72,440.619,452,396,437
2004-08-17,538,385,5198,551,841,193,573,428,71,438.702,452,384,415
2004-08-18,535,382,5193,548,840,189,577,427,68,436.378,447,383,404
2004-08-19,535,383,5193,547,830,190,572,428,69,438.655,447,384,410
2004-08-20,522,376,5169,523,822,187,547,411,68,429.341,439,412,409
2004-08-23,519,373,5128,521,830,185,535,408,69,426.123,436,371,409
2004-08-24,514,363,5134,513,814,185,533,393,70,421.845,431,360,404
2004-08-25,517,362,5167,518,823,185,542,397,70,423.428,433,376,369
2004-08-26,524,370,5210,531,826,187,544,407,71,428.209,438,388,400
2004-08-27,519,368,5185,522,826,186,538,402,69,425.372,435,378,395
2004-08-30,513,364,5204,506,812,187,535,399,70,422.985,432,378,395
2004-08-31,518,372,5237,518,813,184,550,406,70,425.439,436,370,376
2004-10-01,487,343,5178,461,777,185,483,405,78,404.498,416,356,358
2004-10-04,475,337,5043,442,734,183,473,392,78,396.855,408,356,354
2004-10-05,472,331,5069,442,730,182,462,391,77,394.467,405,325,343
2004-10-06,474,348,5076,447,728,182,457,393,77,392.461,403,340,361
2004-10-07,476,344,5066,454,705,182,458,396,77,392.581,397,336,372
2004-10-08,469,337,5128,441,700,182,442,387,76,387.874,397,336,372
2004-10-11,469,337,5128,441,700,182,442,387,76,387.874,397,347,362
2004-10-12,466,334,5197,433,685,180,438,384,74,386.601,396,328,341
2004-10-13,475,340,5218,449,704,183,452,393,74,393.553,404,298,338
2004-10-14,492,351,5293,478,727,189,474,407,76,405.821,418,361,365
2004-10-15,483,348,5288,461,711,189,458,398,77,400.416,412,327,359
2004-10-18,484,356,5259,463,705,190,453,401,77,400.443,412,381,372
2004-10-19,494,368,5306,480,726,193,465,408,77,406.883,419,369,381
2004-10-20,499,372,5340,485,734,194,474,412,79,411.14,424,362,382
2004-10-21,495,365,5393,483,751,190,468,406,78,406.902,419,371,375
2004-10-22,496,371,5384,486,742,189,469,406,79,406.789,419,348,387
2004-10-25,508,373,5338,507,754,194,485,415,79,415.577,429,327,380
2004-10-26,504,366,5336,501,761,191,475,413,81,412.363,425,337,376
2004-10-27,490,352,5256,478,758,185,456,402,81,400.61,412,349,356
2004-10-28,489,344,5267,480,744,182,459,401,80,401.77,414,347,344
2004-10-29,481,337,5269,470,745,185,459,401,81,398.663,413,345,336
2004-11-01,473,329,5160,458,733,183,448,395,80,391.522,405,345,336
2004-11-02,468,322,5120,450,728,183,442,389,81,388.289,402,323,322
2004-11-03,468,324,5121,454,725,181,441,389,78,388.023,402,326,327
2004-11-04,461,317,4993,445,731,181,427,381,77,381.173,394,311,320
2004-11-05,460,313,4983,451,744,175,424,375,77,378.676,392,320,321
2004-11-08,461,309,4974,455,747,174,424,375,74,379.415,393,308,311
2004-11-09,463,310,4992,458,750,174,426,375,74,380.119,394,302,315
2004-11-10,458,305,5017,452,723,170,428,371,71,377,392,301,305
2004-11-11,458,305,5017,452,723,170,428,371,71,377,392,314,307
2004-11-12,452,302,5031,437,711,172,422,367,72,373.356,392,285,318
2004-11-15,449,295,5008,432,703,172,422,361,72,371.039,384,284,290
2004-11-16,450,296,5014,434,708,172,420,357,70,370.376,384,288,302
2004-11-17,447,298,4952,427,713,173,422,351,70,369.416,383,274,300
2004-11-18,447,297,4980,428,720,172,427,350,69,367.641,383,267,306
2004-11-19,448,297,4981,429,734,172,427,351,70,367.554,383,280,309
2004-11-22,449,297,5085,429,729,172,431,348,70,369.404,383,278,307
2004-11-23,445,292,5142,423,721,173,421,339,69,366.657,380,275,302
2004-11-24,439,292,5039,413,713,171,416,336,68,363.089,376,275,300
2004-11-25,439,292,5039,413,713,171,416,336,68,363.089,376,275,300
2004-11-26,436,289,5023,409,708,169,412,331,68,362.311,376,278,303
2004-11-29,440,293,5004,415,702,173,410,337,69,365.396,376,292,301
2004-11-30,433,293,4987,410,696,181,400,340,73,362.744,377,277,303
2004-12-01,429,282,4987,401,685,180,402,338,70,357.837,371,268,295
2004-12-02,432,283,5001,408,697,180,404,346,69,358.092,372,278,295
2004-12-03,436,294,5055,409,699,182,415,350,69,361.966,372,271,306
2004-12-06,435,282,5071,409,698,179,418,357,69,360.124,375,266,288
2004-12-07,433,281,5105,403,704,179,419,358,68,358.796,373,259,277
2004-12-08,440,278,5176,411,718,182,434,370,68,365.215,378,259,277
2004-12-09,440,275,5142,415,719,181,430,368,68,365.24,379,249,278
2004-12-10,438,272,5046,408,740,184,429,367,69,365.892,380,259,269
2004-12-13,436,258,5053,406,739,183,430,363,68,363.437,377,248,278
2004-12-14,435,257,5220,407,736,183,426,361,68,362.491,376,248,260
2004-12-15,428,255,4649,402,739,181,425,357,67,356.954,369,248,260
2004-12-16,423,249,4619,397,730,177,415,348,68,351.505,363,247,268
2004-12-17,417,248,4626,391,710,174,409,342,66,348.465,361,246,267
2004-12-20,413,239,4609,384,708,173,407,338,67,345.793,361,236,250
2004-12-21,414,242,4640,384,712,175,403,337,67,346.283,359,236,250
2004-12-22,412,240,4623,381,704,174,399,336,67,343.541,355,236,250
2004-12-23,412,241,4627,380,708,175,398,334,68,343.002,355,237,251
2004-12-24,412,241,4627,380,708,175,398,334,68,343.002,355,237,251
2004-12-27,403,234,4601,372,697,166,388,327,67,334.981,346,237,251
2004-12-28,408,236,4593,376,706,171,398,331,69,338.94,351,237,251
2004-12-29,407,236,4601,372,700,171,398,332,67,339.324,351,235,250
2004-12-30,409,238,4611,374,694,174,401,334,64,341.167,353,237,251
2004-12-31,415,239,4527,376,690,174,403,332,64,346.583,356,237,251
2005-01-03,417,239,4532,379,695,173,405,334,61,347.753,358,209,251
2005-01-04,423,248,4550,389,704,176,412,331,62,348.601,359,222,273
2005-01-05,435,254,4579,410,719,183,422,342,63,358.494,370,253,278
2005-01-06,439,262,4617,417,719,180,425,354,63,361.922,374,253,278
2005-01-07,436,262,4637,412,711,177,429,357,62,358.775,370,253,265
2005-01-10,445,279,4656,428,716,180,435,366,62,364.178,376,268,300
2005-01-11,445,273,4678,428,698,181,438,364,62,365.237,377,262,290
2005-01-12,436,273,4677,415,689,177,430,354,62,358.718,369,263,291
2005-01-13,439,271,4686,419,692,179,435,361,63,360.257,371,253,278
2005-01-14,445,275,4769,429,695,181,440,361,62,364.09,375,248,278
2005-01-17,445,275,4769,429,695,181,440,361,62,364.09,375,249,279
2005-01-18,452,281,5007,434,693,185,453,374,62,370.646,383,266,270
2005-01-19,452,283,5103,434,686,183,456,373,63,370.048,382,260,252
2005-01-20,450,275,5013,430,680,183,456,367,66,369.7,381,251,262
2005-01-21,445,271,5011,425,663,179,452,364,69,366.71,378,253,264
2005-01-24,443,265,5028,421,656,180,450,360,64,364.145,375,241,264
2005-01-25,436,262,5014,412,646,176,438,355,63,357.18,368,241,254
2005-01-26,433,258,4916,406,644,175,443,360,61,354.452,365,249,252
2005-01-27,434,264,4964,407,643,174,443,365,61,354.931,365,249,252
2005-01-28,439,267,5013,412,653,177,450,371,60,358.561,369,249,252
2005-01-31,434,267,5022,412,644,172,452,364,60,356.015,366,250,266
2005-02-01,438,274,5077,415,641,173,458,371,60,357.359,368,276,279
2005-02-02,440,279,5118,419,641,173,464,374,62,358.282,368,291,279
2005-02-03,437,274,5049,417,635,172,461,367,62,355.146,365,258,271
2005-02-04,431,267,5030,406,629,168,460,364,61,351.12,360,244,257
2005-02-07,427,258,4976,400,626,167,460,364,62,348.443,357,233,256
2005-02-08,429,263,4975,407,630,167,466,359,60,349.175,358,238,260
2005-02-09,432,267,4978,407,640,170,469,366,61,352.556,362,229,251
2005-02-10,429,266,4950,403,640,168,465,361,61,349.045,358,259,270
2005-02-11,425,267,4846,399,635,166,459,358,63,345.639,355,248,251
2005-02-14,425,267,4791,399,637,168,459,357,59,347.015,356,234,253
2005-02-15,426,267,4792,401,644,166,459,359,58,346.286,356,232,265
2005-02-16,423,263,4831,398,638,165,451,355,58,344.679,354,235,262
2005-02-17,417,260,4814,388,638,161,441,348,60,339.43,348,221,251
2005-02-18,416,257,4791,390,644,159,440,347,61,338.476,348,235,254
2005-02-21,416,257,4791,390,644,159,440,347,61,338.476,348,235,255
2005-02-22,420,262,4787,397,652,162,438,356,62,341.659,352,230,268
2005-02-23,420,256,4816,395,644,164,435,358,62,341.261,351,250,254
2005-02-24,415,241,4833,387,641,163,429,348,61,336.903,346,228,236
2005-02-25,415,241,4847,386,642,164,431,346,59,337.161,346,222,233
2005-02-28,413,247,4827,388,632,161,427,343,59,332.942,343,227,239
2005-03-01,414,250,4829,391,630,163,423,346,60,334.546,344,217,243
2005-03-02,411,244,4846,388,617,161,412,341,60,332.776,342,235,231
2005-03-03,409,240,4852,385,618,159,410,343,60,330.971,340,210,231
2005-03-04,405,234,4893,380,612,157,407,340,60,329.231,338,204,222
2005-03-07,400,234,4914,373,607,154,405,334,57,324.722,333,188,204
2005-03-08,398,229,4889,372,592,152,402,328,57,322.033,330,208,212
2005-03-09,402,232,4863,382,595,154,399,335,59,324.186,333,194,230
2005-03-10,406,239,4826,388,599,156,407,334,58,330.409,340,207,229
2005-03-11,408,244,4809,395,606,154,407,340,60,329.859,340,207,220
2005-03-14,420,253,4824,407,627,164,418,356,61,341.147,340,216,254
2005-03-15,429,266,4821,416,636,169,428,368,63,347.516,359,247,268
2005-03-16,439,277,4797,428,638,180,441,375,68,354.875,366,267,302
2005-03-17,435,265,4817,424,624,178,430,372,69,353.189,364,249,256
2005-03-18,435,270,4806,426,621,175,431,368,70,352.43,364,243,264
2005-03-21,442,272,4808,432,634,184,437,378,70,358.382,371,249,267
2005-03-22,448,283,4808,442,637,186,438,379,70,360.461,373,247,291
2005-03-23,462,292,4825,460,654,193,458,403,75,373.798,387,300,318
2005-03-24,472,310,4841,471,673,195,473,436,75,380.692,394,300,318
2005-03-25,472,310,4841,471,673,195,473,436,75,380.692,394,300,318
2005-03-28,475,312,4828,475,683,197,473,448,75,381.86,395,300,318
2005-03-29,471,301,5032,469,675,194,468,438,72,380.673,393,294,318
2005-03-30,463,288,5075,458,677,191,454,407,71,374.433,387,294,318
2005-03-31,459,277,5105,455,660,188,455,393,71,373.211,384,259,247
2005-04-01,459,284,5130,455,659,190,455,398,70,374.462,386,293,303
2005-04-04,470,290,5029,470,669,198,465,419,71,382.943,395,293,303
2005-04-05,465,292,5028,459,676,199,456,412,71,378.412,390,273,309
2005-04-06,456,284,5058,443,666,196,444,404,71,369.175,380,263,278
2005-04-07,455,281,5050,446,654,190,451,400,70,367.201,378,263,287
2005-04-08,452,282,5023,442,655,188,450,400,68,366.227,376,262,342
2005-04-11,454,275,5050,442,661,191,456,402,69,368.154,379,252,277
2005-04-12,451,276,5089,436,662,189,456,400,68,368.224,378,237,242
2005-04-13,448,276,5105,428,663,186,458,398,68,364.737,374,264,278
2005-04-14,464,295,5109,452,691,196,469,411,70,377.989,389,255,339
2005-04-15,486,309,5191,481,730,211,489,434,70,395.112,408,289,336
2005-04-18,484,306,5214,475,737,212,488,431,73,394.865,407,282,289
2005-04-19,474,286,5622,458,718,201,480,425,73,387.756,398,230,251
2005-04-20,476,291,5641,460,786,199,482,428,72,387.621,399,277,326
2005-04-21,461,282,5617,437,820,188,465,405,71,373.235,383,254,287
2005-04-22,466,279,5655,446,861,190,472,411,71,378.485,389,244,269
2005-04-25,466,283,5673,443,887,190,475,411,70,378.961,389,232,269
2005-04-26,464,270,5677,442,821,192,480,400,71,377.777,388,237,250
2005-04-27,467,277,5719,443,833,194,482,402,71,379.341,389,238,306
2005-04-28,479,285,5755,457,836,204,495,410,71,389.044,400,255,270
2005-04-29,473,279,5757,452,810,198,494,406,72,383.883,395,243,220
2005-05-02,473,281,5771,452,796,199,494,407,73,384.374,395,243,220
2005-05-03,465,277,5775,439,787,195,481,392,72,377.113,387,238,251
2005-05-04,456,269,5794,423,817,189,474,388,72,370.032,379,233,233
2005-05-05,458,269,5733,426,797,191,476,389,72,370.664,380,240,226
2005-05-06,451,262,5610,421,796,186,467,380,69,364.246,373,225,231
2005-05-09,449,257,5625,418,797,185,468,368,67,362.626,371,209,217
2005-05-10,461,261,5657,436,824,192,480,384,67,372.68,383,232,233
2005-05-11,465,270,5701,439,817,194,487,383,69,376.167,386,243,251
2005-05-12,465,268,5722,440,829,195,487,380,68,376.747,386,206,253
2005-05-13,471,276,5756,444,840,200,498,381,70,381.337,392,243,258
2005-05-16,472,278,5768,444,837,200,509,381,72,382.564,393,245,262
2005-05-17,479,285,5786,453,873,202,522,389,74,387.537,399,272,253
2005-05-18,473,280,5881,442,864,199,511,382,74,383.487,393,261,253
2005-05-19,467,271,5877,435,858,196,503,373,72,377.377,387,261,253
2005-05-20,463,268,5891,433,851,190,501,367,73,373.815,383,261,253
2005-05-23,462,265,5934,430,851,189,506,364,71,374.257,384,238,268
2005-05-24,466,266,5958,436,862,190,517,370,69,377.365,387,238,268
2005-05-25,455,255,5805,424,837,183,502,366,70,367.734,376,222,241
2005-05-26,451,250,5882,416,867,182,504,347,69,365.545,374,222,241
2005-05-27,450,253,5891,413,867,181,502,347,69,364.023,372,231,245
2005-05-30,450,253,5891,413,867,181,502,347,69,364.023,372,209,231
2005-05-31,448,251,5956,415,875,176,494,353,68,363.566,372,232,216
2005-06-01,454,255,6044,421,874,182,500,356,67,367.255,376,232,216
2005-06-02,448,237,6093,412,863,183,492,354,66,361.121,369,202,219
2005-06-03,446,237,6069,411,870,181,494,349,66,358.019,366,225,268
2005-06-06,455,243,6096,426,861,184,501,358,64,366.402,375,225,268
2005-06-07,461,242,6139,439,859,186,508,361,65,371.474,381,222,210
2005-06-08,461,242,6194,438,844,189,508,353,67,370.984,380,215,266
2005-06-09,462,243,6193,443,842,190,502,351,66,372.318,382,230,230
2005-06-10,450,239,6080,423,816,184,488,343,66,362.902,371,226,229
2005-06-13,362,234,950,418,806,181,479,340,68,312.472,320,224,212
2005-06-14,358,235,946,413,796,181,473,335,68,309.137,317,224,212
2005-06-15,358,236,938,415,783,180,469,337,68,309.273,316,224,212
2005-06-16,356,237,938,408,780,181,467,333,69,308.88,316,224,212
2005-06-17,353,239,933,404,767,180,462,331,67,305.783,312,229,229
2005-06-20,351,239,927,404,762,179,453,327,67,303.876,312,239,228
2005-06-21,353,242,928,406,793,180,453,323,66,306.282,313,239,228
2005-06-22,358,247,925,410,807,183,461,332,64,310.411,317,221,215
2005-06-23,362,249,939,419,821,185,466,334,65,312.34,319,241,230
2005-06-24,364,251,935,419,831,189,464,334,66,314.454,322,231,222
2005-06-27,366,253,938,423,832,190,467,331,66,315.646,323,241,248
2005-06-28,359,250,924,415,806,185,458,326,64,309.513,317,230,221
2005-06-29,355,249,910,411,799,182,455,327,62,306.501,314,230,221
2005-06-30,337,252,462,409,808,181,460,331,60,297.386,307,230,221
2005-07-01,330,249,453,402,801,175,453,324,65,292.238,301,220,225
2005-07-04,330,249,453,402,801,175,453,324,65,292.238,301,221,226
2005-07-05,330,248,447,404,810,176,449,325,61,291.078,300,229,225
2005-07-06,334,250,454,411,809,179,448,329,62,294.678,304,240,216
2005-07-07,334,253,439,411,815,180,447,330,62,296.689,306,246,231
2005-07-08,326,243,418,404,797,175,437,319,61,289.095,298,235,238
2005-07-11,327,239,420,407,803,174,439,320,60,291.136,300,218,220
2005-07-12,319,233,406,397,771,170,426,314,60,282.457,300,238,228
2005-07-13,318,232,411,396,738,170,431,315,59,281.791,300,214,217
2005-07-14,317,231,415,394,735,169,428,318,59,279.812,289,216,223
2005-07-15,318,228,418,398,727,169,431,318,58,281.327,290,206,223
2005-07-18,317,225,425,398,723,167,427,320,58,278.705,290,211,219
2005-07-19,321,230,429,403,725,171,433,322,58,283.515,293,221,228
2005-07-20,321,228,422,402,733,171,435,322,58,284.278,292,206,217
2005-07-21,317,225,418,400,718,167,431,319,58,278.626,288,216,228
2005-07-22,324,231,422,411,743,170,441,327,57,284.299,294,216,237
2005-07-25,327,227,429,415,767,170,446,329,57,284.967,295,211,223
2005-07-26,328,232,429,417,751,169,447,330,57,286.375,297,232,246
2005-07-27,323,223,423,411,743,168,438,326,57,282.132,292,232,246
2005-07-28,320,220,416,405,736,168,437,321,57,281.319,291,232,246
2005-07-29,316,218,413,397,735,165,430,316,56,276.23,290,232,246
2005-08-01,313,216,411,395,721,165,421,314,57,274.464,290,232,246
2005-08-02,308,212,406,387,708,163,415,308,57,270.641,284,183,202
2005-08-03,307,211,405,384,705,163,417,308,57,269.721,283,188,198
2005-08-04,305,205,399,382,701,162,416,304,57,267.75,281,178,191
2005-08-05,301,205,392,374,688,161,410,298,56,263.187,276,171,194
2005-08-08,305,204,400,382,701,161,414,305,56,266.147,279,181,194
2005-08-09,302,203,400,377,700,161,410,302,55,267.005,280,182,194
2005-08-10,299,197,396,372,699,160,405,297,52,261.852,274,166,189
2005-08-11,308,203,411,386,701,163,414,300,55,271.047,284,165,207
2005-08-12,315,208,418,400,714,167,417,310,54,276.657,290,167,190
2005-08-15,309,201,412,391,700,163,409,302,54,271.143,284,176,185
2005-08-16,312,203,418,397,700,163,410,304,54,273.384,287,173,187
2005-08-17,310,195,418,394,703,162,412,301,54,272.065,287,172,191
2005-08-18,314,200,426,401,708,164,416,302,54,276.009,290,172,191
2005-08-19,321,206,434,414,731,165,422,306,55,280.854,295,172,191
2005-08-22,316,203,429,405,737,163,415,303,56,277.968,292,194,196
2005-08-23,319,204,431,411,744,164,420,303,55,279.273,293,189,194
2005-08-24,323,205,444,414,746,165,426,308,55,282.118,297,178,194
2005-08-25,321,208,437,409,732,165,426,309,53,281.684,296,183,209
2005-08-26,319,207,437,410,720,162,423,304,52,278.55,292,182,190
2005-08-29,318,208,439,406,719,162,421,303,52,278.65,291,182,190
2005-08-30,322,211,445,410,720,166,424,305,58,283.106,297,182,190
2005-08-31,320,223,439,409,727,165,419,307,55,281.047,291,183,191
2005-10-03,263,178,343,337,630,148,297,236,55,231.483,248,159,180
2005-10-04,272,185,355,349,654,152,316,245,56,237.618,248,159,180
2005-10-05,279,193,366,361,642,156,317,252,55,243.243,254,159,190
2005-10-06,296,209,386,380,684,166,338,289,58,257.657,254,218,227
2005-10-07,287,206,373,370,651,157,325,277,60,250.467,262,218,227
2005-10-10,287,206,373,370,651,157,325,277,60,250.467,262,179,198
2005-10-11,289,212,381,369,670,160,323,281,60,250.521,262,190,198
2005-10-12,300,219,405,386,687,165,333,303,60,259.848,272,203,225
2005-10-13,304,229,412,388,701,170,339,308,59,264.153,277,201,226
2005-10-14,305,238,408,385,700,171,347,311,62,265.749,279,211,249
2005-10-17,297,232,405,372,690,165,339,295,63,259.09,271,205,235
2005-10-18,293,233,401,370,688,159,333,293,63,255.128,267,224,237
2005-10-19,294,232,404,368,709,158,337,286,62,256.661,268,222,226
2005-10-20,295,235,415,373,711,159,334,278,61,258.92,271,217,236
2005-10-21,301,236,424,379,727,162,341,288,61,264.11,277,223,231
2005-10-24,294,233,412,372,706,156,334,283,61,257.897,270,222,249
2005-10-25,284,223,399,362,683,148,320,267,63,248.749,260,218,216
2005-10-26,281,219,396,359,688,146,311,263,62,246.072,257,219,226
2005-10-27,286,223,404,367,689,150,315,270,61,251.652,263,243,245
2005-10-28,281,217,389,359,682,149,306,267,61,246.882,258,221,222
2005-10-31,274,213,371,353,660,146,298,261,74,242.197,251,195,218
2005-11-01,272,207,375,351,661,145,297,259,73,240.105,251,195,218
2005-11-02,270,205,374,349,655,143,293,258,74,238.665,250,207,219
2005-11-03,271,205,375,351,662,143,291,258,74,239.055,250,208,201
2005-11-04,273,204,382,352,671,146,292,256,74,241.469,253,213,229
2005-11-07,271,206,381,349,663,145,291,253,74,240.94,252,207,210
2005-11-08,274,204,381,350,662,148,298,257,74,241.922,253,212,205
2005-11-09,268,200,386,342,654,142,295,253,75,237.3,248,201,209
2005-11-10,272,207,391,346,663,141,304,263,75,241.696,252,190,209
2005-11-11,272,207,391,346,663,141,304,263,75,241.696,252,201,209
2005-11-14,271,204,389,351,665,137,305,257,74,238.054,249,196,209
2005-11-15,271,205,387,349,663,136,305,257,74,238.567,249,191,210
2005-11-16,271,206,380,351,647,134,311,261,73,238.475,248,186,206
2005-11-17,269,207,367,345,650,134,311,261,75,236.737,246,191,201
2005-11-18,268,204,368,345,648,131,315,254,74,235.738,245,200,204
2005-11-21,267,205,363,343,640,132,312,252,74,235.92,245,181,202
2005-11-22,267,203,359,345,630,134,308,250,75,236.277,245,183,207
2005-11-23,262,197,353,338,633,129,303,245,76,230.668,239,182,198
2005-11-24,262,197,353,338,633,129,303,245,76,230.668,239,182,198
2005-11-25,263,196,355,338,630,130,304,244,74,229.861,238,183,203
2005-11-28,268,201,376,342,636,134,310,245,75,233.803,242,188,198
2005-11-29,267,200,384,341,646,131,315,243,74,232.14,241,196,214
2005-11-30,274,199,495,337,642,133,318,243,74,237.023,241,188,207
2005-12-01,269,197,487,327,631,132,312,237,75,233.606,244,189,209
2005-12-02,267,190,479,323,638,133,312,235,76,232.321,242,184,195
2005-12-05,267,195,476,320,629,137,309,238,76,231.727,242,189,203
2005-12-06,266,200,473,313,629,139,310,241,75,232.276,242,194,200
2005-12-07,267,201,474,315,652,139,311,241,75,232.386,242,183,204
2005-12-08,273,205,488,321,649,146,318,248,75,238.403,249,183,204
2005-12-09,268,201,485,314,640,141,311,243,76,233.613,249,186,204
2005-12-12,268,212,493,313,640,141,309,241,77,233.2,243,216,222
2005-12-13,266,221,492,308,640,139,307,238,75,231.776,242,221,235
2005-12-14,268,228,484,309,640,141,311,239,77,233.098,242,226,226
2005-12-15,269,237,491,310,637,142,310,239,76,234.308,244,232,240
2005-12-16,272,241,511,315,639,143,314,241,78,236.487,246,237,244
2005-12-19,272,243,514,314,645,141,316,241,77,236.679,247,255,249
2005-12-20,271,245,511,311,650,140,314,240,79,234.982,245,237,240
2005-12-21,266,242,505,304,648,139,311,235,79,231.737,241,238,231
2005-12-22,266,244,496,301,648,139,313,236,78,230.826,240,244,240
2005-12-23,270,248,500,304,654,144,318,241,79,234.97,244,244,241
2005-12-26,270,248,500,304,654,144,318,241,79,234.97,244,244,241
2005-12-27,268,248,498,302,658,141,318,242,77,234.432,244,244,240
2005-12-28,270,253,502,305,655,142,318,243,78,234.896,244,244,240
2005-12-29,268,249,499,304,655,140,312,241,78,232.404,244,244,240
2005-12-30,272,257,504,308,661,143,313,244,80,237.161,245,244,241
2006-01-02,272,257,504,308,661,143,313,244,80,237.161,245,244,241
2006-01-03,265,260,492,299,641,139,304,240,79,231.245,239,245,260
2006-01-04,260,257,476,292,624,139,295,238,77,226.781,234,320,251
2006-01-05,261,253,477,294,630,140,298,237,78,227.943,236,233,240
2006-01-06,254,245,459,283,616,139,290,227,77,222.784,230,225,248
2006-01-09,254,246,459,281,616,142,291,226,78,223.025,230,224,223
2006-01-10,253,243,460,283,616,140,287,221,78,222.861,230,225,229
2006-01-11,249,238,454,277,618,140,280,215,77,218.911,226,224,228
2006-01-12,255,249,465,287,630,140,289,217,78,225.131,233,264,247
2006-01-13,257,263,467,286,631,142,290,216,78,227.772,235,235,237
2006-01-16,257,263,467,286,631,142,290,216,78,227.772,235,236,238
2006-01-17,258,259,474,289,628,141,289,216,78,228.701,237,224,247
2006-01-18,255,252,474,288,629,141,280,212,78,226.515,235,236,237
2006-01-19,247,238,460,279,613,136,270,203,76,220.056,228,205,236
2006-01-20,246,234,454,276,609,137,267,202,76,218.982,226,202,218
2006-01-23,245,233,450,275,607,137,267,203,76,218.98,226,192,209
2006-01-24,241,222,444,271,605,134,264,200,74,214.877,222,197,228
2006-01-25,237,220,443,268,594,130,257,197,74,210.404,217,203,217
2006-01-26,233,203,439,262,586,129,251,196,73,207.649,215,187,210
2006-01-27,230,201,435,257,579,130,245,194,74,206.109,213,186,201
2006-01-30,230,200,435,258,563,130,244,194,73,206.293,213,175,200
2006-01-31,233,203,440,264,565,132,248,200,73,209.885,217,186,201
2006-02-01,230,199,425,260,561,130,247,195,74,207.266,217,197,115
2006-02-02,230,194,417,261,562,129,247,194,73,206.766,217,196,115
2006-02-03,230,196,409,259,552,132,248,194,71,208.039,217,187,118
2006-02-06,227,191,397,256,547,132,240,191,71,205.293,217,186,107
2006-02-07,229,194,404,258,558,132,242,190,71,205.758,217,191,118
2006-02-08,227,190,398,255,551,131,245,181,71,204.116,217,190,107
2006-02-09,226,192,394,254,555,133,242,183,72,204.786,217,187,103
2006-02-10,212,181,370,227,541,130,233,169,72,193.334,217,187,98
2006-02-13,213,179,375,229,539,128,233,167,72,193.554,217,187,103
2006-02-14,211,179,376,226,533,129,231,167,72,191.79,217,181,108
2006-02-15,214,180,375,229,535,131,239,168,71,193.63,217,182,109
2006-02-16,213,180,375,227,549,131,238,169,71,193.798,217,182,110
2006-02-17,215,180,374,227,547,132,242,172,71,195.125,217,182,111
2006-02-20,215,180,374,227,547,132,242,172,71,195.125,217,184,112
2006-02-21,214,179,371,228,548,130,240,169,71,194.076,217,180,108
2006-02-22,215,180,373,229,556,130,242,168,70,196.091,217,168,121
2006-02-23,207,175,364,222,552,120,236,160,69,188.947,217,163,115
2006-02-24,205,174,362,220,550,117,234,162,68,187.714,217,161,110
2006-02-27,198,170,351,213,545,113,220,153,67,182.17,217,158,109
2006-02-28,204,185,354,218,551,122,223,156,68,187.326,217,168,131
2006-03-01,201,180,346,214,547,124,214,150,67,184.049,217,168,113
2006-03-02,200,185,344,214,541,125,208,148,68,182.805,217,178,127
2006-03-03,200,181,343,216,540,125,209,146,68,183.084,217,178,127
2006-03-06,205,188,351,220,540,132,211,152,68,185.667,217,192,119
2006-03-07,215,201,367,232,560,139,225,168,70,195.014,217,210,135
2006-03-08,219,202,373,235,569,143,228,174,72,198.159,217,210,144
2006-03-09,218,202,368,233,560,141,228,174,72,196.801,217,204,140
2006-03-10,211,196,353,227,549,136,220,169,72,192.109,217,195,132
2006-03-13,211,210,349,226,546,136,216,169,72,191.366,217,228,150
2006-03-14,214,220,353,229,548,138,218,174,72,194.998,217,228,157
2006-03-15,209,219,340,222,538,136,216,168,72,190.93,217,231,147
2006-03-16,210,227,333,222,539,138,217,172,72,191.964,217,220,167
2006-03-17,210,232,332,222,540,137,217,171,72,191.203,217,248,159
2006-03-20,213,254,335,226,535,140,219,173,72,193.627,217,267,227
2006-03-21,215,255,343,228,534,139,222,174,72,193.476,217,257,192
2006-03-22,215,254,350,226,533,141,222,173,72,194.336,217,248,189
2006-03-23,215,255,353,228,534,141,218,173,71,193.623,217,272,194
2006-03-24,219,253,356,232,534,148,221,176,72,197.466,217,243,187
2006-03-27,219,244,353,233,535,149,219,173,72,197.316,217,243,140
2006-03-28,216,224,354,235,524,146,208,168,72,194.135,217,237,118
2006-03-29,213,226,350,233,517,144,204,167,72,192.828,217,228,158
2006-03-30,211,228,344,232,511,141,199,168,72,189.991,217,224,158
2006-03-31,208,226,344,232,503,140,190,174,73,191.185,217,224,120
2006-04-03,209,230,342,234,510,142,189,171,72,191.208,217,244,157
2006-04-04,209,239,340,232,506,143,188,169,72,191.466,217,234,185
2006-04-05,214,250,345,237,509,147,199,174,73,195.479,217,241,207
2006-04-06,214,246,343,236,514,147,199,177,76,195.073,217,249,212
2006-04-07,216,233,346,242,514,148,201,182,76,195.196,217,279,184
2006-04-10,216,220,349,243,511,149,200,190,77,196.56,217,220,172
2006-04-11,218,223,351,245,511,149,201,190,77,198.004,217,229,184
2006-04-12,214,219,345,239,503,146,199,189,77,194.332,217,210,171
2006-04-13,212,216,342,236,501,147,196,188,79,192.538,217,210,171
2006-04-14,212,216,342,236,501,147,196,188,79,192.538,217,210,171
2006-04-17,214,214,338,239,503,149,199,196,79,195.328,217,210,166
2006-04-18,208,209,326,231,494,145,187,181,79,190.768,217,205,148
2006-04-19,201,204,317,224,483,141,180,165,79,184.091,217,210,154
2006-04-20,200,205,319,226,482,137,175,161,78,182.531,217,200,142
2006-04-21,201,209,321,226,482,140,175,161,78,184.113,217,210,174
2006-04-24,203,214,324,228,480,140,179,160,78,185.375,217,213,162
2006-04-25,199,211,319,225,468,136,174,159,78,181.914,217,204,172
2006-04-26,197,209,315,223,458,136,170,159,78,180.527,217,199,169
2006-04-27,195,201,313,220,459,135,168,158,78,179.287,217,204,155
2006-04-28,194,205,314,215,461,135,167,157,78,179.272,217,195,165
2006-05-01,189,200,310,212,456,130,161,150,78,173.999,217,195,165
2006-05-02,190,203,311,212,457,130,163,152,78,176.117,217,204,158
2006-05-03,190,202,312,212,456,130,163,156,77,174.932,217,205,161
2006-05-04,190,196,311,213,453,130,163,162,77,175.116,217,203,149
2006-05-05,192,196,313,214,456,132,166,164,75,177.053,217,205,152
2006-05-08,192,186,314,214,456,132,166,165,75,176.659,217,191,129
2006-05-09,193,185,318,217,456,132,168,168,74,178.022,217,194,140
2006-05-10,190,177,317,216,436,132,165,167,73,175.881,217,189,126
2006-05-11,193,184,320,220,440,134,170,168,73,178.274,217,197,146
2006-05-12,201,190,329,232,445,137,181,174,74,183.891,217,195,149
2006-05-15,214,197,355,248,464,145,198,184,75,195.085,217,219,158
2006-05-16,209,192,344,240,461,141,191,186,73,191.634,217,199,152
2006-05-17,218,195,360,253,473,148,202,197,76,197.841,217,203,161
2006-05-18,221,192,359,258,473,147,204,206,77,201.379,217,206,152
2006-05-19,225,198,363,262,478,150,210,210,78,204.638,217,193,157
2006-05-22,237,211,384,277,497,158,225,230,80,216.142,217,199,154
2006-05-23,232,205,376,273,489,155,212,221,77,210.182,217,199,175
2006-05-24,243,211,389,286,508,165,222,234,78,220.497,217,213,168
2006-05-25,229,197,364,267,493,156,209,215,82,209.682,217,209,153
2006-05-26,228,197,360,266,487,156,206,207,83,208.434,217,194,158
2006-05-29,228,197,360,266,487,156,206,207,83,208.434,217,194,144
2006-05-30,233,205,371,276,487,159,211,208,82,211.981,217,194,154
2006-05-31,230,209,369,270,487,157,212,207,85,210.217,217,224,139
2006-06-01,224,193,353,263,480,154,203,202,85,206.386,217,204,146
2006-06-02,233,200,372,272,500,159,213,210,85,215.311,217,195,157
2006-06-05,227,194,373,261,488,156,209,204,82,210.547,217,194,145
2006-06-06,232,203,378,266,495,160,215,216,82,215.556,217,204,161
2006-06-07,229,200,373,259,494,159,213,212,82,212.3,217,195,154
2006-06-08,236,209,379,267,505,163,222,222,83,218.939,217,214,160
2006-06-09,233,207,377,260,499,164,218,222,83,216.8,217,222,159
2006-06-12,236,210,384,264,506,166,221,228,80,219.154,217,234,158
2006-06-13,245,217,392,273,515,172,234,247,84,227.223,217,234,170
2006-06-14,238,210,382,262,506,168,230,238,82,220.255,217,215,163
2006-06-15,229,201,366,250,492,165,218,224,82,213.903,217,215,148
2006-06-16,231,204,373,253,491,166,221,224,82,215.287,217,196,158
2006-06-19,230,200,375,254,492,164,216,220,81,213.178,217,211,151
2006-06-20,230,201,376,251,504,164,219,227,80,214.395,217,235,155
2006-06-21,233,205,379,254,503,166,221,234,81,218.028,217,220,149
2006-06-22,235,210,388,255,516,167,223,239,81,219.066,217,256,156
2006-06-23,236,211,398,255,513,164,226,247,81,222.113,217,236,162
2006-06-26,239,214,412,258,511,165,231,253,83,226.077,217,241,174
2006-06-27,246,224,419,266,524,166,248,265,83,231.909,217,231,182
2006-06-28,238,220,409,257,507,156,237,260,82,224.573,217,217,176
2006-06-29,235,216,390,251,515,157,234,256,84,222.396,217,217,176
2006-06-30,231,202,385,252,506,154,226,239,83,217.957,217,186,189
2006-07-03,224,201,373,245,497,145,220,233,83,212.101,217,189,138
2006-07-04,224,201,373,245,497,145,220,233,83,212.101,217,190,138
2006-07-05,224,201,380,246,498,143,221,233,83,212.041,217,190,146
2006-07-06,219,201,376,241,499,139,213,233,82,208.92,217,199,152
2006-07-07,220,203,373,243,504,134,218,234,83,210.093,217,200,150
2006-07-10,217,200,365,241,501,134,216,223,82,207.081,217,195,150
2006-07-11,217,203,363,243,500,135,212,225,83,206.541,217,195,158
2006-07-12,219,202,377,246,498,134,217,230,82,208.719,217,190,154
2006-07-13,226,206,385,252,508,139,222,251,82,215.455,217,210,158
2006-07-14,226,206,384,253,502,140,222,247,82,216.574,217,191,146
2006-07-17,225,206,384,250,502,138,220,244,82,215.751,217,201,146
2006-07-18,217,199,370,240,493,134,214,236,82,209.028,217,191,149
2006-07-19,214,194,364,234,482,133,214,230,83,207.821,217,181,138
2006-07-20,213,186,349,235,479,136,210,228,83,207.134,217,171,129
2006-07-21,211,181,349,234,475,133,207,224,83,204.193,217,171,131
2006-07-24,207,181,339,229,472,132,201,223,85,201.94,217,170,127
2006-07-25,207,178,344,228,467,133,199,222,84,199.574,217,170,128
2006-07-26,204,177,334,226,465,133,191,214,84,197.666,217,165,128
2006-07-27,202,180,337,220,463,133,190,211,87,194.116,217,165,128
2006-07-28,205,184,343,221,464,136,196,212,89,197.029,217,165,128
2006-07-31,206,184,346,222,470,135,199,208,88,197.093,217,174,133
2006-08-01,207,180,346,223,475,136,201,210,88,198.599,199,158,165
2006-08-02,205,174,344,220,473,136,199,202,87,196.772,197,158,165
2006-08-03,205,179,342,220,475,135,199,202,87,195.631,196,161,163
2006-08-04,204,181,337,220,473,135,197,199,88,194.013,194,170,170
2006-08-07,201,178,330,217,467,134,196,197,87,191.188,191,169,169
2006-08-08,199,171,324,215,462,134,193,191,88,190.202,186,158,164
2006-08-09,193,166,320,207,458,132,190,180,88,186.174,186,163,164
2006-08-10,196,172,323,209,467,130,198,185,88,187.779,188,164,165
2006-08-11,191,167,321,208,463,121,195,187,88,183.982,184,164,165
2006-08-14,189,166,317,205,460,119,192,183,87,182.288,182,165,171
2006-08-15,195,169,319,209,460,124,201,192,90,187.911,188,158,164
2006-08-16,194,167,308,210,458,126,199,187,87,186.468,186,158,157
2006-08-17,194,166,310,210,458,126,198,188,86,185.484,185,158,157
2006-08-18,197,169,314,215,461,129,202,190,86,189.046,189,157,161
2006-08-21,198,167,318,217,464,129,202,189,86,189.894,190,157,162
2006-08-22,199,170,324,218,470,127,206,192,86,190.403,190,158,159
2006-08-23,203,175,329,222,477,126,210,201,86,193.296,193,159,160
2006-08-24,206,180,331,225,495,127,213,204,86,196.492,196,171,161
2006-08-25,208,182,329,229,511,128,214,207,86,198.136,198,171,161
2006-08-28,205,180,327,226,508,126,211,208,85,196.095,196,171,161
2006-08-29,207,181,328,228,508,127,214,212,85,198.296,198,165,168
2006-08-30,204,178,319,224,513,126,208,209,85,195.704,195.704,165,168
2006-08-31,205,170,320,222,515,130,207,204,85,196.939,196.939,156,164
2006-10-02,217,166,337,230,609,142,233,200,84,206.877,206.877,149,156
2006-10-03,221,167,346,235,622,141,249,205,84,209.433,209.433,153,158
2006-10-04,220,166,342,233,645,141,243,204,83,209.275,209.275,149,152
2006-10-05,214,158,325,227,627,139,235,197,82,203.662,203.662,144,151
2006-10-06,209,154,322,222,620,133,232,188,83,198.229,198.229,145,149
2006-10-09,209,154,322,222,620,133,232,188,83,198.229,198.229,145,149
2006-10-10,204,148,314,216,611,130,230,181,82,194.144,194.144,146,155
2006-10-11,204,150,315,215,607,129,231,177,82,192.988,192.988,152,158
2006-10-12,201,146,301,212,614,129,227,171,82,191.152,191.152,146,153
2006-10-13,198,144,289,209,606,128,222,170,82,188.58,188.58,141,160
2006-10-16,195,143,284,209,520,129,217,172,82,187.471,187.471,146,154
2006-10-17,197,143,293,212,535,128,218,175,82,188.352,188.352,146,154
2006-10-18,195,139,288,210,527,127,216,171,82,186.857,186.857,139,142
2006-10-19,193,139,285,209,527,126,213,171,82,184.331,184.331,139,144
2006-10-20,195,140,289,211,530,127,215,171,82,185.735,185.735,145,143
2006-10-23,194,139,287,210,524,126,218,169,82,184.924,184.924,145,145
2006-10-24,194,141,288,211,509,125,215,173,82,185.074,185.074,145,149
2006-10-25,193,141,284,211,494,125,211,176,80,185.146,185.146,144,144
2006-10-26,194,142,280,212,502,126,212,172,80,185.795,185.795,136,139
2006-10-27,197,145,283,214,502,128,214,177,81,187.956,187.956,138,141
2006-10-30,199,146,290,217,508,129,219,178,80,189.52,189.52,145,142
2006-10-31,204,150,294,222,513,132,225,197,81,194.497,194,139,144
2006-11-01,205,154,294,224,523,133,227,197,81,195.682,195.682,139,144
2006-11-02,202,151,289,220,510,132,226,192,79,192.975,192.975,139,139
2006-11-03,195,145,278,212,498,127,216,185,78,186.268,186.268,146,144
2006-11-06,194,143,279,211,493,127,215,181,78,185.544,186,140,140
2006-11-07,197,143,286,215,495,128,222,184,78,187.235,187.235,145,145
2006-11-08,198,143,287,216,495,130,224,185,78,189.087,189.087,139,144
2006-11-09,199,142,291,218,498,130,220,185,78,189.054,189.053,145,144
2006-11-10,202,145,297,221,501,132,225,190,79,192.197,192.197,140,144
2006-11-13,200,144,285,219,500,132,225,188,78,191.054,191,143,144
2006-11-14,200,143,288,217,507,131,230,186,78,191.791,191.791,149,144
2006-11-15,197,140,282,215,508,129,225,181,77,188.229,188.229,138,143
2006-11-16,196,137,281,213,519,129,224,178,77,186.515,186.515,137,142
2006-11-17,201,141,290,218,531,131,230,184,78,191.305,191.305,141,136
2006-11-20,202,145,290,219,525,133,231,185,77,192.563,192.563,137,132
2006-11-21,202,146,295,219,518,133,228,189,77,193.425,193.425,142,139
2006-11-22,204,147,297,220,528,134,231,190,78,195.23,195.23,142,141
2006-11-23,204,147,297,220,528,134,231,190,78,195.23,195.23,143,142
2006-11-24,206,150,299,222,536,135,233,192,77,196.701,197,142,141
2006-11-27,212,152,309,228,604,138,238,197,78,200.823,200.823,135,135
2006-11-28,213,158,310,229,598,140,237,201,78,202.329,202.329,144,150
2006-11-29,209,155,298,222,595,137,237,200,79,198.399,198.399,144,148
2006-11-30,211,158,298,221,612,140,234,208,90,200.295,200.295,142,141
2006-12-01,216,157,306,227,674,141,242,212,90,204.375,204.375,141,140
2006-12-04,211,154,299,222,686,137,229,207,89,201.001,201.001,140,134
2006-12-05,206,146,293,216,688,133,230,199,90,197.253,197.253,134,133
2006-12-06,202,142,285,214,686,127,230,194,89,192.59,192.59,138,134
2006-12-07,202,139,277,214,708,128,225,193,89,191.514,191.514,147,146
2006-12-08,195,132,263,208,691,124,215,186,89,185.371,185.371,147,146
2006-12-11,195,133,255,208,674,127,213,187,89,186.664,187,139,137
2006-12-12,197,136,253,211,666,128,215,190,89,188.666,188.666,137,138
2006-12-13,190,129,247,204,616,123,208,184,89,181.773,181.773,138,137
2006-12-14,188,128,242,201,641,121,205,182,88,179.245,179,137,136
2006-12-15,187,127,240,200,669,120,202,181,85,178.061,178.061,139,138
2006-12-18,188,127,240,201,674,122,204,178,85,179.659,180,144,139
2006-12-19,185,126,235,198,672,121,198,174,85,177.634,177.634,138,137
2006-12-20,184,126,229,199,671,121,190,171,85,176.656,176.656,139,138
2006-12-21,184,124,228,199,675,121,190,171,82,175.98,175.98,140,139
2006-12-22,184,122,230,196,852,120,188,168,83,175.434,175.434,141,140
2006-12-25,184,122,230,196,852,120,188,168,83,175.434,175.434,141,140
2006-12-26,187,124,232,198,854,122,190,171,84,177.511,177.511,140,139
2006-12-27,183,120,223,194,878,119,187,165,83,174.036,174.036,139,138
2006-12-28,179,117,216,190,889,115,181,161,83,169.933,169.932,139,138
2006-12-29,180,118,216,190,920,115,183,161,84,171.17,171,139,138
2007-01-01,180,118,216,190,920,115,183,161,84,171.17,171,139,138
2007-01-02,182,121,219,192,922,118,185,163,84,173.094,173,139,138
2007-01-03,181,120,205,192,880,119,183,166,83,171.777,171.777,132,132
2007-01-04,186,123,217,197,861,122,197,170,83,176.485,176.485,135,135
2007-01-05,188,124,224,196,870,123,203,171,82,177.968,177.968,131,132
2007-01-08,187,122,221,195,871,121,211,171,81,178.135,178.135,135,135
2007-01-09,191,126,229,198,873,122,221,176,82,180.5,180.5,136,136
2007-01-10,190,126,225,197,893,121,221,173,84,179.97,179.97,134,137
2007-01-11,186,117,214,194,852,122,213,168,84,175.572,175.572,135,140
2007-01-12,182,115,207,191,827,120,207,164,84,172.573,172.573,140,135
2007-01-15,182,115,207,191,827,120,207,164,84,172.573,172.573,140,135
2007-01-16,182,117,203,191,833,121,203,161,84,172.75,173,140,136
2007-01-17,176,116,193,184,797,117,198,157,83,167.659,167.659,141,136
2007-01-18,182,120,195,189,946,121,207,164,82,172.851,172.851,133,133
2007-01-19,180,122,192,185,947,118,207,160,80,169.773,169.773,135,135
2007-01-22,182,126,195,186,979,118,216,161,80,171.627,171.627,134,134
2007-01-23,179,122,190,183,1038,115,208,160,79,168.381,168.381,133,134
2007-01-24,179,129,190,183,1048,115,203,160,79,168.593,169,135,137
2007-01-25,178,125,186,182,1018,114,208,161,78,167.274,167.274,143,142
2007-01-26,180,127,185,184,1013,114,213,162,79,169.362,169.362,143,142
2007-01-29,182,127,185,188,885,116,224,165,79,170.26,170.26,145,144
2007-01-30,181,128,185,188,812,119,214,167,79,170.731,170.731,145,144
2007-01-31,183,131,193,189,822,124,213,165,78,173.718,173.718,139,138
2007-02-01,177,127,185,182,784,119,209,160,80,168.575,168.575,141,141
2007-02-02,177,127,188,181,788,118,208,157,80,167.845,167.845,140,137
2007-02-05,177,129,190,181,795,116,208,157,80,168.266,168.266,139,138
2007-02-06,178,128,192,180,807,118,207,159,80,169.338,169.338,131,136
2007-02-07,183,129,204,185,818,120,217,163,81,172.908,172.908,133,134
2007-02-08,183,129,214,185,790,121,217,162,80,174.143,174.143,135,136
2007-02-09,181,126,218,183,808,120,210,161,81,171.869,171.869,135,137
2007-02-12,179,125,216,182,760,120,207,160,81,170.426,170.426,140,140
2007-02-13,175,124,206,177,761,120,199,156,81,168.045,168.045,134,135
2007-02-14,177,128,205,180,696,121,204,159,81,170.5,170.5,128,130
2007-02-15,178,123,207,179,720,121,208,161,80,170.839,170.839,127,127
2007-02-16,179,124,210,181,723,122,210,163,79,172.535,172.535,128,127
2007-02-19,179,124,210,181,723,122,210,163,79,172.535,172.535,128,
2007-02-20,179,125,208,181,719,122,210,165,78,172.32,172.32,123,
2007-02-21,177,125,207,178,697,121,207,162,78,170.805,170.805,126,
2007-02-22,173,124,202,175,678,119,199,158,78,167.416,167.416,126,
2007-02-23,177,120,209,178,683,122,203,161,78,170.735,170.735,133,
2007-02-26,181,124,214,182,686,125,210,167,79,174.868,174.868,133,
2007-02-27,202,144,239,204,740,140,236,191,83,194.592,194.592,143,
2007-02-28,193,136,228,194,717,132,225,180,84,186.624,186.624,144,
2007-03-01,194,136,228,194,717,133,226,182,84,187.316,187.316,145,
2007-03-02,199,141,237,201,716,137,230,188,84,192.072,192.072,146,
2007-03-05,200,143,240,201,719,138,231,188,85,193.811,193.811,71.7,
2007-03-06,196,140,234,197,725,135,228,180,85,190.547,190.547,144,
2007-03-07,197,142,236,198,717,136,229,180,87,191.675,191.675,143,
2007-03-08,195,137,230,197,712,134,225,178,87,188.997,188.997,,
2007-03-09,187,131,217,189,706,129,215,170,86,181.607,181.607,,
2007-03-12,188,133,218,190,701,128,215,174,87,183.095,183.096,,
2007-03-13,194,139,227,197,712,132,226,179,88,189.57,189.57,,
2007-03-14,191,139,220,194,704,129,221,176,88,186.658,186.658,,
2007-03-15,190,134,220,192,708,128,221,175,87,185.149,185.15,,
2007-03-16,188,133,221,190,705,125,222,174,86,183.633,183.633,,
2007-03-19,185,131,218,186,702,123,222,170,87,180.704,180.704,,
2007-03-20,186,131,220,185,701,124,223,172,87,181.396,181.396,,
2007-03-21,184,130,217,181,698,124,222,170,87,180.977,180.977,,
2007-03-22,178,122,208,175,684,120,217,159,87,174.187,174.187,,
2007-03-23,177,122,209,175,672,119,218,158,85,173.076,173.076,,
2007-03-26,178,123,211,174,664,121,220,158,86,174.197,174.197,,
2007-03-27,177,122,209,172,658,120,219,157,86,172.8,172.8,,
2007-03-28,176,121,208,171,661,119,214,160,86,172.298,172.298,,
2007-03-29,175,121,209,169,659,118,213,159,86,171.504,171.504,,
2007-03-30,173,129,204,167,650,116,207,157,85,169.87,169.87,,
2007-04-02,173,129,205,167,652,115,209,158,84,169.959,169.959,,
2007-04-03,171,127,203,164,650,114,211,155,84,168.178,168.178,,
2007-04-04,171,128,202,165,647,113,211,153,84,168.109,168.109,,
2007-04-05,171,126,202,164,647,113,212,152,86,167.736,167.736,,
2007-04-06,164,118,198,156,633,108,206,145,84,160.985,167.736,,
2007-04-09,164,118,198,156,633,108,206,145,84,160.985,160.984,,
2007-04-10,165,120,201,158,615,110,208,148,83,162.914,162.914,,
2007-04-11,164,119,203,156,605,109,208,147,83,161.613,161.613,,
2007-04-12,166,121,216,157,611,108,216,148,82,163.646,163.646,,
2007-04-13,167,118,234,154,605,108,221,145,82,163.328,163.328,,
2007-04-16,166,121,238,154,604,108,215,144,83,163.316,163.316,,
2007-04-17,169,120,250,155,600,109,223,145,82,165.458,165.458,,
2007-04-18,169,118,255,153,598,110,226,141,81,166.31,166.31,,
2007-04-19,166,112,261,148,592,108,227,132,81,164.241,164.241,,
2007-04-20,164,110,256,146,581,107,227,127,81,162.22,162.22,,
2007-04-23,166,112,258,148,586,109,228,131,80,163.658,163.658,,
2007-04-24,167,115,260,149,586,110,224,136,80,164.796,164.796,,
2007-04-25,165,111,260,148,592,107,220,133,81,162.36,162.36,,
2007-04-26,164,109,263,148,609,103,221,132,80,161.142,161.142,,
2007-04-27,164,107,263,148,601,104,219,134,80,161.011,161.011,,
2007-04-30,169,114,272,156,600,107,222,140,79,167.246,167.246,,
2007-05-01,167,114,273,152,603,106,221,137,80,165.707,165.707,,
2007-05-02,168,113,273,153,610,104,226,136,79,165.536,165.536,,
2007-05-03,168,115,277,152,616,102,233,138,79,164.97,164.97,,
2007-05-04,174,118,287,157,648,103,252,142,80,169.27,169.27,,
2007-05-07,173,118,291,156,635,102,245,143,80,168.14,168.139,,
2007-05-08,171,118,288,155,621,101,237,140,80,166.605,166.605,,
2007-05-09,168,115,286,152,626,98,236,137,80,163.464,163.464,,
2007-05-10,171,119,288,154,644,100,245,141,80,166.603,166.603,,
2007-05-11,170,118,288,152,642,99,248,140,81,164.614,164.614,,
2007-05-14,170,117,290,152,636,98,252,140,80,164.512,164.512,,
2007-05-15,168,115,283,150,641,97,247,138,80,162.524,162.523,,
2007-05-16,165,113,274,148,617,98,238,135,80,161.024,161.024,,
2007-05-17,162,108,270,145,633,95,237,129,80,157.666,157.665,,
2007-05-18,158,104,269,141,612,93,233,123,80,154.049,154.049,,
2007-05-21,160,106,265,143,614,95,240,123,79,156.104,156.104,,
2007-05-22,157,101,263,139,609,94,237,119,80,152.69,152.69,,
2007-05-23,157,100,264,139,608,93,237,118,79,152.184,152.184,,
2007-05-24,161,103,276,143,620,95,247,120,79,155.81,155.81,,
2007-05-25,159,102,271,140,622,94,244,118,79,154.251,154.251,,
2007-05-28,159,102,271,140,622,94,244,118,79,154.251,154.251,,
2007-05-29,162,101,276,142,627,94,257,118,80,155.366,155.366,,
2007-05-30,164,102,281,146,639,93,262,120,79,157.018,157.018,,
2007-05-31,161,100,277,142,620,93,257,117,80,154.862,154.862,,
2007-06-01,157,97,271,139,618,89,253,109,80,151.091,151.091,,
2007-06-04,162,101,275,144,621,93,257,110,80,154.659,154.659,,
2007-06-05,162,101,274,144,625,92,265,112,79,153.651,153.651,,
2007-06-06,166,103,286,146,650,94,275,114,80,157.064,157.064,,
2007-06-07,166,105,290,146,648,95,282,115,80,156.713,156.713,,
2007-06-08,168,106,292,146,639,100,281,118,80,159.487,159.487,,
2007-06-11,168,103,292,146,643,97,289,117,80,158.738,158.738,,
2007-06-12,165,95,306,143,627,97,287,104,80,155.907,155.907,,
2007-06-13,170,102,310,151,637,98,282,108,79,161.995,161.995,,
2007-06-14,167,106,289,148,615,99,272,107,82,159.606,159.606,,
2007-06-15,161,96,275,141,603,96,263,98,80,155.281,155.281,,
2007-06-18,159,98,267,138,604,97,263,95,79,153.576,153.576,,
2007-06-19,161,103,267,143,586,98,264,96,80,155.928,155.928,,
2007-06-20,162,101,275,142,591,98,269,96,80,155.175,155.174,,
2007-06-21,164,101,280,145,600,98,285,97,79,156.235,156.234,,
2007-06-22,168,103,285,147,604,100,293,103,80,160.452,160.452,,
2007-06-25,176,113,303,154,631,105,299,113,80,167.125,167.126,,
2007-06-26,178,110,312,157,646,104,311,119,81,167.909,167.909,,
2007-06-27,182,113,323,158,663,107,322,119,82,171.46,171.46,,
2007-06-28,176,109,303,151,665,103,317,107,82,165.816,165.816,,
2007-06-29,196,117,325,160,711,111,354,119,83,181.03,181.058,,
2007-07-02,193,118,320,157,700,107,338,120,83,179.659,179.686,,
2007-07-03,193,117,318,157,707,109,335,123,87,179.968,179.995,,
2007-07-04,193,117,318,157,707,109,335,123,87,179.968,179.995,,
2007-07-05,187,109,317,153,707,106,326,116,88,174.56,174.587,,
2007-07-06,180,105,307,147,696,101,312,109,83,167.807,167.834,,
2007-07-09,180,107,308,148,699,101,310,109,83,168.226,168.254,,
2007-07-10,193,120,324,158,724,108,330,124,83,179.953,179.98,,
2007-07-11,188,115,319,154,725,104,324,118,83,176.239,176.239,,
2007-07-12,183,114,303,151,719,102,309,116,84,171.874,171.874,,
2007-07-13,187,116,313,154,721,106,314,119,86,175.662,175.662,,
2007-07-16,190,121,318,158,722,110,311,125,84,178.529,178.529,,
2007-07-17,187,119,322,155,682,107,306,121,81,175.159,175.159,,
2007-07-18,194,128,342,162,691,114,312,131,84,183.126,183.126,,
2007-07-19,191,122,331,160,688,114,304,126,84,180.06,180.06,,
2007-07-20,199,131,345,167,706,118,318,135,85,187.418,187.418,,
2007-07-23,203,133,355,169,723,119,327,139,85,189.044,189.044,,
2007-07-24,212,139,381,176,751,125,344,149,85,196.832,196.832,,
2007-07-25,218,149,401,183,728,130,350,153,88,202.402,202.402,,
2007-07-26,253,173,468,222,779,155,402,190,115,229.202,229.202,,
2007-07-27,246,167,471,212,710,150,393,180,110,227.907,227.906,,
2007-07-30,240,158,449,207,712,142,381,180,115,224.953,224.953,,
2007-07-31,240,158,449,207,711,141,382,174,110,225.224,225.224,,
2007-08-01,241,163,461,205,718,142,385,177,110,227.222,227.222,,
2007-08-02,238,160,461,200,700,140,382,173,108,223.883,223.883,,
2007-08-03,241,166,463,200,692,143,390,178,104,225.869,225.869,,
2007-08-06,239,164,473,199,688,138,391,183,103,223.234,223.234,,
2007-08-07,234,159,459,194,677,135,387,174,105,219.434,219.434,,
2007-08-08,216,144,403,175,627,124,365,157,102,202.672,202.672,,
2007-08-09,226,154,433,183,651,130,388,171,96,211.749,211.749,,
2007-08-10,231,155,427,189,666,133,395,171,108,215.889,215.889,,
2007-08-13,229,151,430,188,660,130,391,168,108,214.335,214.335,,
2007-08-14,240,162,460,196,696,139,408,178,108,223.44,223.44,,
2007-08-15,249,167,469,199,696,143,453,186,111,230.916,230.916,,
2007-08-16,280,192,517,228,770,162,511,216,112,257.464,257.465,,
2007-08-17,263,183,477,208,745,150,493,191,109,244.241,244.241,,
2007-08-20,271,185,492,216,759,154,509,200,110,249.436,249.436,,
2007-08-21,272,188,489,216,763,156,507,202,110,252.373,252.372,,
2007-08-22,261,185,465,209,727,150,478,192,109,242.85,242.85,,
2007-08-23,259,179,471,206,716,145,478,193,109,241.406,241.406,,
2007-08-24,254,174,462,199,714,141,473,187,108,237.944,237.944,,
2007-08-27,251,172,448,199,693,137,467,187,107,237.171,237.171,,
2007-08-28,260,177,465,207,711,139,488,203,110,243.447,243.447,,
2007-08-29,255,168,459,200,689,136,484,199,114,239.161,239.161,,
2007-08-30,260,171,467,205,707,141,490,205,113,243.712,243.712,,
2007-08-31,250,166,450,195,676,131,479,197,107,234.62,234.62,,
2007-10-01,225,138,395,172,603,131,412,163,126,213.574,213.574,,
2007-10-02,227,140,393,172,611,132,418,164,125,214.057,214.057,,
2007-10-03,226,138,402,169,614,129,419,166,125,213.078,213.078,,
2007-10-04,227,138,405,170,608,130,423,168,126,214.129,214.129,,
2007-10-05,221,134,388,164,598,128,414,159,126,207.528,207.528,,
2007-10-08,221,134,388,164,598,128,414,159,126,207.528,207.528,,
2007-10-09,213,126,370,160,584,121,399,151,122,200.402,200.402,,
2007-10-10,212,127,372,161,585,116,398,153,123,200.062,200.062,,
2007-10-11,208,124,354,160,585,116,384,151,116,196.123,196.123,,
2007-10-12,205,123,350,157,582,116,375,149,117,193.216,193.216,,
2007-10-15,206,122,354,159,586,116,378,150,116,194.551,194.551,,
2007-10-16,207,124,355,160,591,117,374,152,114,195.73,195.73,,
2007-10-17,216,136,366,169,596,125,388,162,115,204.905,204.905,,
2007-10-18,217,139,364,167,593,127,392,160,112,206.587,206.587,,
2007-10-19,228,151,386,176,608,134,407,170,112,216.253,216.253,,
2007-10-22,230,153,388,178,614,135,417,171,112,218.349,218.349,,
2007-10-23,228,153,388,176,614,133,416,168,111,215.98,215.98,,
2007-10-24,234,158,395,182,621,136,432,175,113,221.961,221.961,,
2007-10-25,230,151,382,179,613,135,424,171,114,218.417,218.417,,
2007-10-26,223,146,352,175,607,130,411,167,113,212.227,212.227,,
2007-10-29,220,146,350,175,597,126,402,160,112,210.117,210.117,,
2007-10-30,218,145,341,173,596,126,399,157,113,209.184,209.184,,
2007-10-31,210,137,312,166,575,121,383,148,112,201.05,201.05,,
2007-11-01,223,146,329,178,590,131,401,161,110,212.474,212.474,,
2007-11-02,231,153,341,185,596,138,413,168,115,220.092,220.092,,
2007-11-05,233,151,355,185,594,136,430,166,115,221.78,221.78,,
2007-11-06,230,151,345,183,585,133,425,165,115,218.372,218.372,,
2007-11-07,239,155,360,190,609,139,445,176,116,225.01,225.01,,
2007-11-08,248,163,385,199,617,146,459,185,124,233.308,233.308,,
2007-11-09,251,167,387,202,621,150,463,188,123,235.991,235.991,,
2007-11-12,251,167,387,202,621,150,463,188,123,235.991,235.991,,
2007-11-13,252,167,383,201,611,151,464,187,130,235.733,235.733,,
2007-11-14,248,164,373,196,606,148,458,183,132,233.273,233.273,,
2007-11-15,256,170,399,201,609,154,480,194,129,239.696,239.695,,
2007-11-16,265,177,404,209,616,162,493,201,136,248.384,248.384,,
2007-11-19,276,188,425,219,631,169,521,209,135,258.179,258.179,,
2007-11-20,278,185,413,220,619,170,533,210,146,260.346,260.346,,
2007-11-21,289,191,441,233,637,175,552,219,152,271.356,271.356,,
2007-11-22,289,191,441,233,637,175,552,219,152,271.356,271.356,,
2007-11-23,288,190,445,232,629,173,551,218,151,270.109,270.109,,
2007-11-26,309,206,471,253,654,191,587,241,150,288.154,288,,
2007-11-27,300,198,454,245,642,182,578,228,152,278.929,279,,
2007-11-28,285,191,420,228,627,168,563,210,153,265.655,266,,
2007-11-29,291,197,412,232,633,176,576,215,147,270.817,271,,
2007-11-30,279,188,401,219,616,170,556,200,143,260.959,260.959,,
2007-12-03,285,197,407,230,632,179,540,208,146,267.76,267.76,,
2007-12-04,288,198,411,230,632,180,555,211,149,269.73,269.73,,
2007-12-05,285,192,406,226,627,177,554,205,151,265.854,265.854,,
2007-12-06,275,183,387,217,618,169,546,194,157,256.716,256.716,,
2007-12-07,268,177,369,211,611,164,530,185,161,250.881,250.882,,
2007-12-10,259,167,357,204,588,158,518,177,155,243.061,243.061,,
2007-12-11,271,179,378,216,606,168,533,190,152,254.456,254.456,,
2007-12-12,269,176,380,213,603,164,532,188,159,251.546,251.546,,
2007-12-13,261,165,384,204,591,155,524,177,154,241.974,241.974,,
2007-12-14,258,160,388,201,586,154,521,171,155,238.38,238.38,,
2007-12-17,266,165,403,211,596,159,530,180,152,244.212,244.212,,
2007-12-18,271,171,405,216,601,166,531,185,154,250.056,250.055,,
2007-12-19,277,178,412,222,607,172,534,192,155,255.525,255.525,,
2007-12-20,281,183,413,228,611,176,534,198,153,259.251,259.251,,
2007-12-21,268,171,399,213,600,164,516,187,154,247.909,247.909,,
2007-12-24,261,165,399,213,593,164,516,180,147,240.923,240.923,,
2007-12-25,261,165,399,213,593,164,516,180,147,240.923,240.923,,
2007-12-26,258,162,390,202,590,154,505,177,151,238.046,238.046,,
2007-12-27,259,162,392,205,598,155,507,177,152,240.028,240.028,,
2007-12-28,267,170,401,212,606,163,515,186,146,246.777,246.777,,
2007-12-31,275,178,410,220,614,172,523,195,151,254.604,254.604,,
2008-01-01,275,178,410,220,614,172,523,195,151,254.604,254.604,,
2008-01-02,284,188,423,227,624,179,530,208,151,264.671,264.671,,
2008-01-03,282,187,422,225,621,177,524,210,152,264.735,264.734,,
2008-01-04,288,192,436,230,624,180,535,220,155,271.094,271.094,,
2008-01-07,285,188,428,229,627,179,520,219,154,269.162,269.162,,
2008-01-08,280,183,419,224,622,179,502,220,154,265.402,265.402,,
2008-01-09,290,189,437,237,630,187,507,235,159,274.447,274.447,,
2008-01-10,290,189,421,225,622,176,507,221,161,266.417,266.417,,
2008-01-11,282,190,414,230,621,182,490,226,159,270.157,270.157,,
2008-01-14,285,188,416,230,621,183,498,229,160,271.837,271.837,,
2008-01-15,292,191,426,238,631,187,515,241,165,277.8,277.8,,
2008-01-16,291,193,431,236,633,184,512,238,167,277.234,277.234,,
2008-01-17,302,202,446,247,643,191,532,250,165,286.025,286.025,,
2008-01-18,304,200,454,252,641,188,541,259,166,285.961,285.961,,
2008-01-21,304,200,454,252,641,188,541,259,166,285.961,285.961,,
2008-01-22,322,215,473,269,654,202,569,280,174,303.525,303.525,,
2008-01-23,328,223,487,275,663,205,570,285,184,309.038,309.038,,
2008-01-24,305,195,455,252,641,189,541,251,176,285.632,285.632,,
2008-01-25,312,199,468,257,642,199,554,257,171,290.791,290.791,,
2008-01-28,311,199,470,259,642,201,537,259,170,289.792,289.792,,
2008-01-29,306,196,466,253,638,195,535,253,171,284.512,284.512,,
2008-01-30,298,194,451,243,637,191,522,239,172,277.846,277.846,,
2008-01-31,309,205,466,254,649,198,532,256,171,287.533,287.533,,
2008-02-01,312,210,462,258,655,200,533,257,171,290.573,290.573,,
2008-02-04,306,203,453,253,649,194,529,251,168,284.948,284.948,,
2008-02-05,316,213,470,265,657,201,541,263,170,294.048,294.048,,
2008-02-06,316,210,470,264,657,200,544,262,171,294.168,294.168,,
2008-02-07,307,198,464,257,648,191,539,247,169,285.223,285.223,,
2008-02-08,325,212,489,273,659,201,591,262,167,298.849,298.849,,
2008-02-11,326,215,497,273,660,202,589,262,165,299.806,299.806,,
2008-02-12,317,213,479,263,659,195,568,252,165,294.456,294.456,,
2008-02-13,313,212,476,258,655,191,562,246,165,291.801,291.801,,
2008-02-14,308,205,474,251,648,186,558,247,171,287.278,287.278,,
2008-02-15,316,214,487,261,652,192,568,255,169,293.056,293.056,,
2008-02-18,316,214,487,261,652,192,568,255,169,293.056,293.056,,
2008-02-19,313,212,479,260,644,192,558,252,177,291.086,291.086,,
2008-02-20,306,210,478,251,627,185,550,241,166,283.438,283.438,,
2008-02-21,313,219,487,255,618,190,560,251,171,291.335,291.335,,
2008-02-22,306,212,481,247,618,182,554,244,170,287.237,287.237,,
2008-02-25,296,199,477,239,605,172,537,229,169,276.981,276.981,,
2008-02-26,295,200,463,237,602,173,536,229,170,277.939,277.939,,
2008-02-27,297,197,463,240,609,171,548,232,171,279.634,279.634,,
2008-02-28,310,204,479,254,626,181,562,248,171,293.391,293.391,,
2008-02-29,323,215,503,265,640,191,583,258,166,305.593,305.593,,
2008-03-03,327,216,506,267,652,192,604,270,166,308.074,308.074,,
2008-03-04,318,206,493,257,654,183,596,260,161,299.48,299.48,,
2008-03-05,311,199,475,252,646,179,585,247,166,292.609,292.609,,
2008-03-06,317,203,490,256,651,184,599,252,164,297.794,297.794,,
2008-03-07,330,216,505,273,666,194,616,265,169,310.279,310.279,,
2008-03-10,339,223,525,283,671,203,619,273,168,319.067,319.067,,
2008-03-11,321,208,490,265,651,188,596,251,169,302.558,302.558,,
2008-03-12,330,219,510,272,663,197,607,259,168,312.039,312.039,,
2008-03-13,330,218,512,276,667,191,611,259,169,311.187,311.187,,
2008-03-14,345,228,541,289,694,200,643,269,166,324.033,324.033,,
2008-03-17,362,244,580,304,733,212,667,286,169,339.145,339.145,,
2008-03-18,340,229,536,284,678,199,615,271,173,319.573,319.573,,
2008-03-19,348,239,551,290,687,204,634,277,173,326.945,326.945,,
2008-03-20,348,239,551,291,687,202,636,277,169,326.522,326.522,,
2008-03-21,348,239,551,291,687,202,636,277,169,326.522,326.522,,
2008-03-24,332,225,532,272,662,186,620,257,173,310.981,310.981,,
2008-03-25,334,224,535,275,660,185,630,259,172,312.274,312.273,,
2008-03-26,337,223,555,277,658,185,643,262,173,314.974,314.974,,
2008-03-27,334,217,551,277,658,185,647,254,171,311.553,311.553,,
2008-03-28,340,219,559,277,660,189,655,255,170,317.475,317.475,,
2008-03-31,347,223,581,283,662,193,661,258,176,324.456,324.456,,
2008-04-01,335,208,561,272,650,184,647,244,176,312.858,312.858,,
2008-04-02,330,203,543,268,639,182,640,236,174,307.912,307.912,,
2008-04-03,326,193,530,263,631,179,636,229,175,305.952,305.952,,
2008-04-04,330,197,530,265,624,179,648,231,174,310.856,310.856,,
2008-04-07,321,190,529,258,606,175,633,222,174,302.16,302.16,,
2008-04-08,319,188,536,255,610,173,627,223,174,301.186,301.186,,
2008-04-09,327,199,544,263,616,179,638,232,175,309.842,309.841,,
2008-04-10,320,196,542,255,610,173,626,222,176,303.986,303.986,,
2008-04-11,323,199,558,256,613,175,630,228,175,306.334,306.334,,
2008-04-14,320,197,553,252,611,175,623,224,176,304.246,304.246,,
2008-04-15,313,187,550,244,602,170,616,219,175,297.524,297.524,,
2008-04-16,299,170,546,228,588,162,600,201,175,284.169,284.169,,
2008-04-17,301,168,557,229,597,164,606,200,173,283.979,283.979,,
2008-04-18,301,168,545,228,587,164,613,201,172,283.467,283.467,,
2008-04-21,307,173,560,234,591,169,625,204,171,288.307,288.307,,
2008-04-22,309,172,583,234,593,169,627,208,171,289.841,289.841,,
2008-04-23,308,171,576,232,590,168,632,209,170,289.513,289.513,,
2008-04-24,303,163,565,227,580,163,637,203,168,283.033,283.033,,
2008-04-25,302,159,589,225,574,159,646,202,166,280.742,280.742,,
2008-04-28,305,161,580,227,578,161,653,202,164,282.911,282.911,,
2008-04-29,303,165,584,224,577,163,635,205,164,282.374,282.374,,
2008-04-30,301,168,563,217,574,164,639,202,163,283.296,283.296,,
2008-05-01,295,163,547,206,580,162,633,189,162,279.834,279.834,,
2008-05-02,287,156,548,200,571,153,619,185,163,272.127,272.127,,
2008-05-05,286,152,543,200,569,151,619,183,159,271.185,271.185,,
2008-05-06,282,148,546,197,564,147,616,174,157,268.849,268.849,,
2008-05-07,288,150,570,204,567,148,628,183,160,272.67,272.67,,
2008-05-08,296,152,570,210,576,155,651,193,160,280.514,280.514,,
2008-05-09,301,156,573,215,581,157,665,199,161,284.796,284.797,,
2008-05-12,302,158,580,215,580,156,667,196,161,284.562,284.562,,
2008-05-13,294,149,566,205,565,148,680,185,161,275.244,275.244,,
2008-05-14,292,148,559,204,558,150,669,180,160,273.719,273.719,,
2008-05-15,297,154,556,209,566,154,681,179,160,280.029,280.029,,
2008-05-16,292,151,552,204,564,150,663,169,158,275.582,275.582,,
2008-05-19,291,150,538,205,564,152,661,172,158,275.464,275.464,,
2008-05-20,296,159,544,210,565,156,659,184,158,279.771,279.771,,
2008-05-21,293,159,542,207,561,156,647,180,159,277.456,277.456,,
2008-05-22,286,154,541,201,547,152,634,168,156,269.56,269.56,,
2008-05-23,293,162,559,209,554,158,640,178,155,276.873,276.873,,
2008-05-26,293,162,559,209,554,158,640,178,155,276.873,276.873,,
2008-05-27,288,159,556,207,545,157,616,172,157,272.519,272.519,,
2008-05-28,287,157,548,206,544,161,606,173,158,269.015,269.015,,
2008-05-29,277,149,535,190,538,162,590,163,156,263.265,263.265,,
2008-05-30,275,150,535,180,541,158,598,156,159,261.112,261.112,,
2008-06-02,277,155,542,179,547,161,600,161,160,265.693,265.693,,
2008-06-03,282,164,549,183,556,158,613,170,161,271.566,271.566,,
2008-06-04,277,156,528,179,550,153,613,166,166,266.884,266.884,,
2008-06-05,273,149,526,178,545,152,597,163,163,262.725,262.725,,
2008-06-06,282,157,547,189,555,159,598,173,164,272.214,272.214,,
2008-06-09,284,155,543,194,568,163,596,173,173,274.967,274.967,,
2008-06-10,272,142,542,183,556,153,571,167,161,261.936,261.936,,
2008-06-11,275,151,535,190,560,158,560,176,165,265.769,265.769,,
2008-06-12,271,147,535,185,563,156,557,170,170,260.298,260.298,,
2008-06-13,268,146,541,181,562,154,549,166,164,258.82,258.82,,
2008-06-16,272,147,555,187,562,154,555,170,163,261.417,261.417,,
2008-06-17,272,147,575,186,558,151,556,172,162,261.98,261.98,,
2008-06-18,276,156,568,193,550,156,546,183,165,267.732,267.732,,
2008-06-19,274,154,561,188,552,153,557,180,166,266.068,266.068,,
2008-06-20,283,162,581,196,579,160,571,181,165,275.193,275.193,,
2008-06-23,283,158,572,198,574,159,571,181,165,274.462,274.462,,
2008-06-24,291,168,582,205,582,167,582,189,165,282.81,282.81,,
2008-06-25,294,169,581,208,583,170,588,196,166,286.209,286.209,,
2008-06-26,309,187,606,220,598,182,611,216,170,300.731,300.731,,
2008-06-27,317,197,614,227,610,190,615,219,174,308.506,308.506,,
2008-06-30,313,199,614,227,596,194,596,221,177,308.417,308.417,,
2008-07-01,317,202,629,231,598,197,603,228,177,312.428,312.428,,
2008-07-02,321,205,638,235,607,199,605,228,177,314.833,314.833,,
2008-07-03,319,204,622,235,610,201,594,223,183,315.538,315.538,,
2008-07-04,319,204,622,235,610,201,594,223,183,315.538,315.538,,
2008-07-07,323,205,627,238,611,207,598,226,182,318.31,318.31,,
2008-07-08,329,202,635,243,665,212,609,228,182,323.171,323.171,,
2008-07-09,332,207,644,246,663,212,619,227,181,323.486,323.486,,
2008-07-10,336,212,651,249,684,210,636,231,185,325.566,325.566,,
2008-07-11,328,206,658,240,672,201,624,230,184,316.093,316.093,,
2008-07-14,335,208,665,248,678,206,638,236,184,321.12,321.12,,
2008-07-15,339,213,668,248,694,209,652,237,185,326.172,326.172,,
2008-07-16,330,205,657,238,693,199,642,228,187,317.116,317.116,,
2008-07-17,319,194,636,227,687,190,625,212,185,304.889,304.889,,
2008-07-18,315,192,599,225,687,192,613,209,183,301.152,301.152,,
2008-07-21,315,189,594,225,687,192,611,210,181,299.428,299.428,,
2008-07-22,314,190,601,222,684,191,613,203,181,297.47,297.47,,
2008-07-23,309,184,586,216,669,187,614,198,179,290.81,290.81,,
2008-07-24,320,195,609,224,682,196,629,208,180,302.558,302.557,,
2008-07-25,312,186,609,216,673,187,626,199,178,294.786,294.786,,
2008-07-28,319,195,624,221,682,194,633,207,175,302.571,302.571,,
2008-07-29,316,189,613,220,678,192,629,201,174,299.267,299.267,,
2008-07-30,316,184,608,220,663,191,640,202,176,297.347,297.347,,
2008-07-31,332,180,612,225,664,192,657,209,176,308.556,308.259,,
2008-08-01,336,182,625,228,666,194,674,212,176,312.192,312.192,,
2008-08-04,336,181,635,226,665,190,679,211,177,311.008,311.008,,
2008-08-05,332,180,637,224,661,183,675,208,178,307.512,307.512,,
2008-08-06,328,177,643,220,662,181,666,208,178,303.499,303.499,,
2008-08-07,339,188,684,229,675,187,681,216,177,314.267,314.267,,
2008-08-08,344,190,729,229,674,191,693,217,177,318.286,318.285,,
2008-08-11,338,183,668,225,672,188,690,216,173,312.193,312.193,,
2008-08-12,345,189,672,230,682,195,708,220,173,318.057,318.057,,
2008-08-13,343,190,657,230,680,196,701,217,175,316.734,316.734,,
2008-08-14,346,194,656,234,684,199,700,221,172,319.888,319.888,,
2008-08-15,347,200,664,238,687,203,683,225,169,323.126,323.126,,
2008-08-18,351,203,672,243,723,206,685,229,169,326.482,326.482,,
2008-08-19,348,201,672,240,720,205,679,228,169,325.076,325.076,,
2008-08-20,353,206,677,245,725,208,684,233,171,329.278,329.278,,
2008-08-21,350,202,681,240,728,206,680,228,169,326.578,326.578,,
2008-08-22,348,200,675,239,725,206,677,226,169,324.288,324.288,,
2008-08-25,354,205,685,246,733,211,683,233,168,330.755,330.755,,
2008-08-26,354,209,680,246,741,210,682,232,172,331.906,331.906,,
2008-08-27,354,209,678,247,742,212,676,231,172,332.414,332.414,,
2008-08-28,349,208,676,244,728,209,660,227,171,328.19,328.19,,
2008-08-29,344,204,671,240,724,207,648,223,169,322.731,322.73,,
2008-10-01,480,318,1005,338,1078,275,985,324,220,447.69,447.69,,
2008-10-02,501,326,1099,358,1162,288,1019,350,217,462.319,462.319,,
2008-10-03,498,329,1040,351,1160,284,1036,347,213,464.306,464.306,,
2008-10-06,573,402,1161,411,1341,342,1182,421,233,526.468,526.468,,
2008-10-07,578,409,1232,406,1298,341,1210,435,235,530.725,530.724,,
2008-10-08,622,444,1294,442,1347,370,1356,479,260,556.506,556.506,,
2008-10-09,635,458,1284,444,1431,400,1376,479,266,572.81,572.81,,
2008-10-10,700,505,1358,522,1509,447,1481,564,291,666.952,666.952,,
2008-10-13,700,505,1358,522,1509,447,1481,564,291,666.952,666.952,,
2008-10-14,615,474,1242,440,1397,380,1252,478,258,571.139,571.139,,
2008-10-15,651,483,1334,469,1470,410,1359,501,270,603.754,603.754,,
2008-10-16,687,495,1372,496,1543,449,1428,540,319,646.394,646.394,,
2008-10-17,689,499,1364,485,1610,451,1454,521,320,654.341,654.341,,
2008-10-20,703,510,1385,490,1668,477,1473,530,319,671.985,671.985,,
2008-10-21,762,536,1627,532,1916,521,1617,585,318,714.036,714.036,,
2008-10-22,884,612,1905,670,2439,596,1859,699,365,815.716,815.716,,
2008-10-23,914,653,1878,688,2819,627,1804,741,374,866.688,866.688,,
2008-10-24,901,645,1843,668,2989,617,1758,709,383,890.896,890.896,,
2008-10-27,869,638,1841,614,2985,581,1732,672,393,873.536,873.536,,
2008-10-28,818,604,1897,562,3130,501,1660,640,389,821.603,821.603,,
2008-10-29,774,602,1894,518,3129,437,1583,611,387,775.576,775.576,,
2008-10-30,744,551,1892,491,3153,408,1542,569,367,720.47,720.47,,
2008-10-31,709,513,1787,451,3150,390,1486,531,366,683.772,683.772,,
2008-11-03,692,484,1664,440,3080,392,1434,514,356,666.576,666.576,,
2008-11-04,666,428,1625,419,3089,399,1378,468,341,615.266,615.266,,
2008-11-05,694,444,1714,444,3109,427,1423,493,353,646.657,646.657,,
2008-11-06,708,449,1711,451,3109,431,1523,506,353,659.112,659.112,,
2008-11-07,701,441,1711,441,2945,422,1516,504,359,655.975,655.975,,
2008-11-10,690,436,1707,434,2941,413,1474,498,351,639.342,639.342,,
2008-11-11,690,436,1707,434,2941,413,1474,498,351,639.342,639.342,,
2008-11-12,724,455,1751,461,3029,444,1552,526,363,695.302,695.302,,
2008-11-13,740,471,1899,460,4218,445,1615,548,370,711.402,711.402,,
2008-11-14,740,474,1965,462,4460,446,1578,537,365,711.684,711.684,,
2008-11-17,734,472,1835,452,4457,449,1565,539,361,715.964,715.964,,
2008-11-18,745,484,1835,466,4469,471,1522,565,354,738.768,738.768,,
2008-11-19,771,503,1865,496,4476,501,1532,601,349,763.079,763.079,,
2008-11-20,812,542,1912,535,4493,537,1601,646,350,802.067,802.067,,
2008-11-21,816,542,1909,540,4280,538,1626,646,347,799.258,799.258,,
2008-11-24,775,519,1845,500,4213,494,1555,603,353,762.466,762.466,,
2008-11-25,760,520,1828,484,4039,482,1530,577,342,745.25,745.25,,
2008-11-26,761,529,1720,489,3575,481,1542,574,347,750.832,750.832,,
2008-11-27,761,529,1720,489,3575,481,1542,574,347,750.832,750.832,,
2008-11-28,765,530,1722,490,3576,482,1544,575,337,747.736,747.737,,
2008-12-01,802,560,1777,530,3604,518,1589,610,345,779.854,779.854,,
2008-12-02,805,557,1806,526,3481,515,1644,598,343,789.43,789.43,,
2008-12-03,800,553,1815,524,3489,496,1645,595,346,788.229,788.229,,
2008-12-04,813,554,1858,531,3558,511,1688,592,361,796.5,796.5,,
2008-12-05,804,545,1849,523,3490,498,1683,583,360,793.143,793.143,,
2008-12-08,780,524,1799,500,3486,465,1681,570,361,776.523,776.523,,
2008-12-09,781,519,1842,500,3491,465,1701,563,361,773.529,773.529,,
2008-12-10,778,515,1833,490,3511,462,1748,546,361,764.303,764.303,,
2008-12-11,777,516,1836,490,3496,461,1756,539,359,760.509,760.509,,
2008-12-12,791,515,1906,495,3924,467,1837,534,360,770.227,770.227,,
2008-12-15,803,521,1960,506,4325,473,1880,540,360,778.225,778.225,,
2008-12-16,805,525,1946,504,5020,476,1887,542,360,785.866,785.866,,
2008-12-17,771,514,1846,465,5040,448,1837,512,358,755.027,755.027,,
2008-12-18,768,519,1894,455,5054,446,1846,506,357,747.111,747.111,,
2008-12-19,760,514,1842,450,5055,437,1873,503,356,740.541,740.541,,
2008-12-22,757,515,1822,446,5069,437,1873,506,337,737.773,737.773,,
2008-12-23,749,508,1817,438,4666,432,1861,499,336,727.596,727.596,,
2008-12-24,748,506,1817,437,4672,431,1860,497,338,726.084,726.084,,
2008-12-25,748,506,1817,437,4672,431,1860,497,338,726.084,726.084,,
2008-12-26,749,507,1817,437,4671,431,1860,498,338,726.177,726.177,,
2008-12-29,754,515,1742,440,4735,439,1871,506,338,732.738,732.738,,
2008-12-30,747,510,1705,431,4729,435,1867,500,341,726.486,726.486,,
2008-12-31,746,509,1704,429,4731,434,1864,498,343,724.44,724.44,,
2009-01-01,746,509,1704,429,4731,434,1864,498,343,724.44,724.44,,
2009-01-02,723,485,1681,405,4720,411,1842,474,339,700.499,700.499,,
2009-01-05,701,468,1637,393,4342,390,1792,460,341,684.781,684.781,,
2009-01-06,682,465,1572,388,4039,385,1633,470,342,667.724,667.724,,
2009-01-07,691,464,1580,402,3930,394,1624,486,354,670.284,670.284,,
2009-01-08,709,456,1636,427,3937,412,1654,502,361,687.547,687.547,,
2009-01-09,706,454,1639,424,3947,410,1632,505,362,685.089,685.089,,
2009-01-12,721,463,1647,446,3958,421,1647,515,362,697.206,697.206,,
2009-01-13,724,470,1646,447,3963,422,1649,522,369,700.178,700.178,,
2009-01-14,736,483,1640,460,3829,437,1661,532,399,716.478,716.478,,
2009-01-15,743,487,1611,466,3752,445,1685,540,399,725.749,725.749,,
2009-01-16,733,481,1553,451,3748,441,1688,521,400,708.471,708.471,,
2009-01-19,733,481,1553,451,3748,441,1688,521,400,708.471,708.471,,
2009-01-20,747,479,1539,461,3710,454,1750,532,401,716.854,716.854,,
2009-01-21,736,463,1557,449,3710,437,1763,522,402,706.429,706.429,,
2009-01-22,728,456,1535,439,3713,432,1742,517,403,699.873,699.873,,
2009-01-23,724,458,1514,433,3713,431,1727,514,411,698.508,698.508,,
2009-01-26,718,447,1510,425,3715,425,1727,504,410,686.273,686.273,,
2009-01-27,725,456,1510,431,3861,438,1721,500,410,688.559,688.559,,
2009-01-28,708,430,1480,415,3747,424,1709,480,409,666.415,666.415,,
2009-01-29,706,420,1489,413,3835,419,1737,478,395,661.62,661.62,,
2009-01-30,693,416,1495,409,3842,411,1730,472,392,655.642,655.642,,
2009-02-02,709,431,1507,426,3877,431,1744,489,391,671.956,671.956,,
2009-02-03,700,418,1507,414,3884,426,1736,476,389,661.847,661.847,,
2009-02-04,706,421,1535,419,3928,436,1744,476,397,660.656,660.656,,
2009-02-05,714,427,1547,429,3934,432,1788,479,396,667.72,667.72,,
2009-02-06,697,419,1541,414,3933,405,1777,464,387,654.554,654.554,,
2009-02-09,692,416,1537,409,3933,398,1774,457,378,648.869,648.869,,
2009-02-10,715,430,1578,426,3953,424,1834,475,377,672.019,672.019,,
2009-02-11,730,439,1637,439,3480,451,1841,489,372,684.347,684.347,,
2009-02-12,741,446,1645,451,3487,462,1849,497,371,697.806,697.806,,
2009-02-13,718,425,1618,426,3477,440,1812,477,361,678.781,678.781,,
2009-02-16,718,425,1618,426,3477,440,1812,477,361,678.781,678.781,,
2009-02-17,743,438,1694,451,3497,466,1835,500,365,711.674,711.674,,
2009-02-18,727,425,1698,441,3468,450,1763,491,363,701.551,701.551,,
2009-02-19,700,408,1724,417,3463,430,1651,471,357,678.346,678.346,,
2009-02-20,707,410,1749,427,3486,433,1678,477,354,685.183,685.183,,
2009-02-23,718,419,1798,438,3425,444,1686,488,363,693.073,693.073,,
2009-02-24,712,417,1791,430,3506,436,1679,481,359,691.971,691.971,,
2009-02-25,695,399,1707,419,3427,416,1668,468,358,677.946,677.946,,
2009-02-26,692,391,1708,418,3428,417,1643,463,354,671.677,671.677,,
2009-02-27,689,383,1727,420,3433,429,1644,460,348,671.918,671.918,,
2009-03-02,710,394,1772,441,3464,458,1652,480,345,692.6,692.6,,
2009-03-03,709,394,1802,440,3456,460,1635,482,351,698.426,698.426,,
2009-03-04,698,383,1762,433,3459,453,1580,472,350,688.032,688.032,,
2009-03-05,726,408,1827,457,3476,485,1620,499,350,713.29,713.29,,
2009-03-06,728,412,1890,456,3477,483,1633,506,348,714.342,714.341,,
2009-03-09,728,406,1908,453,3475,485,1650,498,348,712.997,712.997,,
2009-03-10,714,399,1874,441,3470,468,1622,486,339,695.754,695.754,,
2009-03-11,717,409,1809,446,3481,470,1618,496,333,692.335,692.335,,
2009-03-12,709,413,1810,445,3487,454,1587,495,324,685.46,685.46,,
2009-03-13,706,413,1828,441,3493,448,1584,487,323,676.538,676.538,,
2009-03-16,695,400,1815,430,3492,434,1568,481,323,664.437,664.437,,
2009-03-17,694,399,1848,428,3491,434,1580,474,316,660.906,660.906,,
2009-03-18,710,430,1885,438,3537,449,1577,498,316,684.982,684.982,,
2009-03-19,691,410,1838,423,3533,432,1536,479,311,662.248,662.248,,
2009-03-20,694,408,1884,425,3535,433,1558,478,308,663.591,663.591,,
2009-03-23,692,412,1909,418,3538,431,1571,475,310,655.651,655.651,,
2009-03-24,695,418,1908,420,3538,434,1589,475,296,652.568,652.568,,
2009-03-25,693,415,1960,417,3698,433,1599,466,288,647.242,647.242,,
2009-03-26,687,413,1903,410,3702,423,1590,470,281,643.398,643.398,,
2009-03-27,688,413,1927,413,3700,426,1579,468,282,644.073,644.073,,
2009-03-30,700,422,1932,426,3687,440,1588,484,284,657.556,657.556,,
2009-03-31,695,425,1894,424,3568,441,1570,486,286,656.617,656.617,,
2009-04-01,695,431,1893,426,3519,438,1571,493,285,653.636,653.636,,
2009-04-02,670,415,1864,411,3514,397,1534,475,286,629.755,629.755,,
2009-04-03,638,393,1833,382,3394,369,1457,445,295,601.701,601.701,,
2009-04-06,632,393,1808,377,3396,362,1439,442,302,592.553,592.553,,
2009-04-07,639,395,1832,382,3415,370,1461,443,302,599.867,599.867,,
2009-04-08,628,387,1786,375,3417,369,1399,437,306,595.472,595.472,,
2009-04-09,618,374,1734,367,3415,358,1385,424,306,582.094,582.094,,
2009-04-10,618,374,1734,367,3415,358,1385,424,306,582.094,582.094,,
2009-04-13,615,359,1728,368,3418,353,1385,422,298,580.552,580.552,,
2009-04-14,624,356,1752,380,3435,363,1385,435,307,587.356,587.357,,
2009-04-15,624,361,1755,388,3446,371,1343,431,307,585.329,585.329,,
2009-04-16,613,350,1761,387,3443,360,1296,413,307,572.751,572.751,,
2009-04-17,610,339,1756,381,3437,358,1321,400,308,563.937,563.938,,
2009-04-20,632,354,1838,398,3412,383,1357,423,307,584.843,584.843,,
2009-04-21,626,346,1790,391,3411,384,1347,406,311,581.554,581.611,,
2009-04-22,618,339,1781,386,3415,374,1330,398,312,573.98,573.98,,
2009-04-23,620,343,1794,389,3374,372,1333,406,312,576.895,576.895,,
2009-04-24,605,333,1750,375,3372,358,1301,390,309,564.98,564.98,,
2009-04-27,617,342,1747,383,3383,377,1327,396,308,575.906,575.906,,
2009-04-28,605,329,1777,369,3379,361,1328,379,307,565.806,565.806,,
2009-04-29,593,308,1769,358,3382,351,1332,351,299,551.948,551.948,,
2009-04-30,584,304,1766,353,3385,350,1314,353,298,542.38,542.38,,
2009-05-01,580,300,1764,349,3386,344,1312,349,295,537.515,537.515,,
2009-05-04,570,296,1699,341,3390,334,1285,341,296,527.759,527.758,,
2009-05-05,554,290,1551,329,3392,323,1247,330,291,515.311,515.311,,
2009-05-06,534,285,1445,313,3434,306,1187,322,271,496.837,496.836,,
2009-05-07,524,283,1379,305,3427,294,1189,316,264,478.919,478.919,,
2009-05-08,525,281,1409,309,3452,296,1189,316,264,478.973,478.973,,
2009-05-11,543,300,1433,323,3466,314,1237,332,260,494.343,494.343,,
2009-05-12,550,303,1510,324,3383,314,1282,334,260,499.648,499.648,,
2009-05-13,567,317,1565,336,3393,326,1340,353,255,512.148,512.148,,
2009-05-14,559,314,1514,332,3396,313,1326,348,255,510.181,510.181,,
2009-05-15,558,319,1550,328,3399,308,1338,345,256,508.276,508.276,,
2009-05-18,543,306,1474,315,3404,293,1324,329,256,495.025,495.025,,
2009-05-19,535,300,1429,308,3405,286,1313,321,245,485.763,485.763,,
2009-05-20,532,299,1378,308,3395,286,1298,318,236,483.212,483.212,,
2009-05-21,531,293,1405,304,3360,281,1343,313,234,478.254,478.254,,
2009-05-22,527,283,1380,298,3358,278,1361,307,224,472.889,472.889,,
2009-05-25,527,283,1380,298,3358,278,1361,307,224,472.889,472.889,,
2009-05-26,518,276,1355,289,3210,269,1357,300,210,465.782,465.782,,
2009-05-27,499,257,1315,275,3051,251,1330,284,203,446.718,446.718,,
2009-05-28,503,263,1296,280,3035,254,1333,296,204,450.764,450.764,,
2009-05-29,514,278,1291,291,3003,270,1328,311,193,463.693,463.693,,
2009-06-01,478,250,1214,263,2958,234,1233,284,195,430.377,430.377,,
2009-06-02,485,262,1158,277,2964,253,1205,295,194,435.675,435.675,,
2009-06-03,497,270,1166,288,2963,269,1214,309,181,445.545,445.545,,
2009-06-04,484,252,1157,275,2954,260,1204,298,182,432.491,432.491,,
2009-06-05,473,241,1144,266,2901,251,1184,286,180,418.074,418.074,,
2009-06-08,469,236,1144,264,2881,250,1168,283,179,417.471,417.471,,
2009-06-09,462,235,1109,261,2875,247,1128,276,173,415.564,415.564,,
2009-06-10,461,231,1100,258,2860,258,1111,280,173,411.025,411.025,,
2009-06-11,457,237,1054,258,2869,270,1039,278,168,413.995,413.995,,
2009-06-12,461,240,1042,263,2704,266,1075,282,168,417.202,417.202,,
2009-06-15,474,251,1050,272,2714,272,1125,291,165,427.887,427.887,,
2009-06-16,483,258,1100,279,2677,280,1136,299,164,434.758,434.758,,
2009-06-17,497,265,1184,293,2689,289,1161,308,166,448.998,448.998,,
2009-06-18,489,253,1174,283,2675,284,1154,298,167,437.184,437.184,,
2009-06-19,495,264,1183,289,2682,289,1156,306,166,441.601,441.601,,
2009-06-22,513,276,1231,307,2692,304,1200,319,166,457.786,457.785,,
2009-06-23,516,280,1248,307,2699,299,1218,320,168,464.554,464.554,,
2009-06-24,504,271,1210,292,2705,284,1222,308,170,455.029,455.029,,
2009-06-25,505,274,1171,293,2716,286,1231,312,166,458.792,458.792,,
2009-06-26,500,276,1142,287,2723,281,1216,311,166,456.317,456.316,,
2009-06-29,490,271,1008,276,2780,274,1225,302,166,450.133,450.133,,
2009-06-30,464,272,1062,282,1322,280,1208,301,161,432.983,432.983,,
2009-07-01,457,269,1040,275,1323,273,1191,291,163,427.812,427.812,,
2009-07-02,469,282,1045,287,1333,285,1217,305,170,438.248,438.248,,
2009-07-03,469,282,1045,287,1333,285,1217,305,170,438.248,438.248,,
2009-07-06,471,287,1059,284,1302,289,1228,306,163,438.76,438.76,,
2009-07-07,474,292,1050,285,1295,295,1230,317,163,442.105,442.105,,
2009-07-08,493,313,1124,305,1310,315,1233,336,162,460.566,460.566,,
2009-07-09,479,293,1125,289,1300,298,1233,320,163,444.776,444.776,,
2009-07-10,491,305,1123,302,1311,306,1253,333,166,455.277,455.277,,
2009-07-13,485,301,1141,292,1307,295,1262,332,166,449.907,449.907,,
2009-07-14,472,292,1112,277,1299,279,1254,324,166,437.28,437.28,,
2009-07-15,457,276,1103,260,1284,259,1260,309,167,421.119,421.119,,
2009-07-16,455,281,1079,261,1289,256,1257,295,167,421.937,421.937,,
2009-07-17,441,272,1037,248,1281,245,1216,285,167,409.773,409.773,,
2009-07-20,444,277,1033,256,1288,251,1207,290,167,414.248,414.248,,
2009-07-21,453,283,1052,268,1299,256,1216,302,167,421.558,421.558,,
2009-07-22,444,270,1007,262,1293,246,1210,293,168,412.088,412.088,,
2009-07-23,422,244,966,242,1226,223,1191,267,153,391.36,391.359,,
2009-07-24,427,248,978,247,1216,226,1197,271,172,394.206,394.206,,
2009-07-27,417,241,946,242,1168,219,1164,264,167,386.38,386.379,,
2009-07-28,420,243,945,247,1168,229,1144,270,158,388.185,388.185,,
2009-07-29,426,249,963,252,1166,239,1150,273,151,391.751,391.751,,
2009-07-30,424,245,961,252,1166,239,1134,273,147,390.502,390.502,,
2009-07-31,433,262,962,266,1180,250,1146,284,147,398.186,398.186,,
2009-08-03,407,229,905,244,1168,229,1088,255,144,374.76,374.76,,
2009-08-04,395,226,877,239,1164,215,1052,243,140,362.545,362.545,,
2009-08-05,384,214,873,231,1159,202,1035,232,141,351.827,351.827,,
2009-08-06,390,218,887,238,1161,209,1038,240,134,356.664,356.664,,
2009-08-07,375,209,862,228,1150,196,998,226,132,346.089,346.089,,
2009-08-10,387,223,875,238,1159,212,1005,240,132,356.729,356.728,,
2009-08-11,402,237,897,248,1165,228,1033,256,133,369.532,369.532,,
2009-08-12,401,241,888,246,1143,221,1051,262,133,370.983,370.983,,
2009-08-13,410,245,901,254,1155,232,1059,268,135,380.115,380.115,,
2009-08-14,413,251,912,256,1160,233,1063,272,134,382.911,382.911,,
2009-08-17,419,260,925,262,1140,244,1062,277,126,392.502,392.502,,
2009-08-18,412,250,924,256,1135,237,1049,266,126,385.811,385.811,,
2009-08-19,419,257,926,264,1113,245,1054,272,127,391.502,391.502,,
2009-08-20,422,256,914,266,1114,252,1053,275,128,392.683,392.684,,
2009-08-21,406,241,864,253,1101,240,1020,260,132,376.53,376.53,,
2009-08-24,408,241,855,254,1108,247,1007,265,133,379.039,379.039,,
2009-08-25,416,245,874,262,1112,261,1007,266,133,384.384,384.384,,
2009-08-26,422,249,917,266,1084,270,1014,273,132,386.99,386.99,,
2009-08-27,420,243,934,263,1081,263,1024,272,138,384.591,384.591,,
2009-08-28,423,247,940,266,1084,265,1025,276,147,386.673,386.673,,
2009-08-31,428,258,957,270,1091,271,1030,288,146,389.282,389.282,,
2009-10-01,386,216,797,251,953,249,923,235,140,351.093,351.093,,
2009-10-02,385,214,792,249,945,248,933,230,142,348.212,348.212,,
2009-10-05,368,200,723,238,883,227,909,220,143,334.649,334.648,,
2009-10-06,362,191,708,233,881,220,907,212,147,325.506,325.506,,
2009-10-07,371,200,718,238,937,229,936,217,146,332.367,332.367,,
2009-10-08,355,175,690,220,882,217,931,198,146,317.288,317.288,,
2009-10-09,343,161,663,213,871,208,922,176,132,305.914,305.914,,
2009-10-12,343,161,663,213,871,208,922,176,132,305.914,305.914,,
2009-10-13,353,174,693,218,879,213,938,201,145,314.107,314.107,,
2009-10-14,345,170,685,205,870,202,951,198,144,301.708,301.708,,
2009-10-15,348,180,693,207,842,200,970,201,140,301.542,301.542,,
2009-10-16,355,189,700,215,845,204,980,209,135,309.136,309.136,,
2009-10-19,359,195,711,217,846,208,973,217,135,311.455,311.455,,
2009-10-20,363,207,699,224,829,214,961,228,134,316.083,316.083,,
2009-10-21,362,199,703,221,809,218,958,227,134,314.178,314.178,,
2009-10-22,363,193,692,222,810,223,957,228,132,317.248,317.247,,
2009-10-23,362,197,692,223,804,222,945,225,133,313.268,313.268,,
2009-10-26,363,198,686,220,796,225,949,223,132,311.83,311.83,,
2009-10-27,384,220,700,238,807,250,978,252,132,330.573,330.573,,
2009-10-28,393,233,711,247,812,256,979,263,137,342.58,342.58,,
2009-10-29,377,204,707,231,802,246,963,231,140,328.841,328.841,,
2009-10-30,376,213,721,238,814,224,989,237,139,333.292,333.292,,
2009-11-02,379,210,732,236,813,234,1007,230,139,334.57,334.57,,
2009-11-03,379,209,737,234,810,228,1028,230,140,336.201,336.201,,
2009-11-04,370,194,728,223,807,219,1028,221,139,326.539,326.539,,
2009-11-05,372,194,735,226,811,219,1035,222,138,327.631,327.631,,
2009-11-06,373,192,738,226,814,220,1037,220,137,328.455,328.455,,
2009-11-09,363,183,730,215,816,211,1025,208,134,319.626,319.626,,
2009-11-10,361,183,729,210,816,210,1034,200,130,316.509,316.509,,
2009-11-11,361,183,729,210,816,210,1034,200,130,316.509,316.509,,
2009-11-12,364,188,733,215,820,212,1036,206,132,318.015,318.015,,
2009-11-13,366,187,735,217,821,211,1051,208,129,319.742,319.742,,
2009-11-16,371,190,728,218,829,215,1078,212,129,325.552,325.552,,
2009-11-17,370,194,724,218,830,212,1079,217,128,325.089,325.089,,
2009-11-18,363,189,712,214,827,197,1075,215,124,318.363,318.363,,
2009-11-19,366,193,714,217,831,202,1076,220,125,324.398,324.398,,
2009-11-20,364,190,710,215,830,197,1083,216,124,322.717,322.717,,
2009-11-23,360,184,698,211,817,196,1073,211,124,318.919,318.919,,
2009-11-24,363,182,700,214,825,200,1090,206,123,323.617,323.617,,
2009-11-25,363,181,701,215,825,200,1085,200,124,323.875,323.875,,
2009-11-26,363,181,701,215,825,200,1085,200,124,323.875,323.875,,
2009-11-27,375,191,737,225,832,210,1111,215,124,336.507,336.507,,
2009-11-30,383,199,766,228,842,221,1141,223,129,341.921,341.921,,
2009-12-01,373,188,755,217,844,204,1151,212,129,331.584,331.584,,
2009-12-02,377,183,770,215,839,206,1203,211,129,330.801,330.801,,
2009-12-03,376,177,783,209,835,202,1245,204,128,326.383,326.383,,
2009-12-04,368,170,773,204,823,199,1205,197,128,316.707,316.707,,
2009-12-07,367,177,780,204,829,196,1190,202,124,318.596,318.596,,
2009-12-08,375,182,793,210,837,209,1182,211,124,325.987,325.987,,
2009-12-09,375,185,794,206,834,211,1189,214,123,324.47,324.47,,
2009-12-10,370,182,777,200,842,208,1191,210,113,319.225,319.225,,
2009-12-11,363,183,733,198,860,205,1144,207,114,313.621,313.621,,
2009-12-14,358,187,709,196,856,201,1115,205,112,307.653,307.653,,
2009-12-15,355,186,709,193,862,201,1102,207,104,304.018,304.018,,
2009-12-16,357,190,689,198,827,203,1100,216,104,304.578,304.578,,
2009-12-17,373,197,722,213,839,211,1134,228,107,318.582,318.582,,
2009-12-18,368,186,711,210,833,210,1128,215,107,313.936,313.936,,
2009-12-21,356,175,690,201,809,201,1097,204,105,301.707,301.707,,
2009-12-22,352,173,671,202,791,200,1070,211,104,297.329,297.329,,
2009-12-23,353,176,670,201,791,204,1059,212,100,298.697,298.697,,
2009-12-24,349,172,666,197,786,200,1057,208,97,294.36,294.36,,
2009-12-25,349,172,666,197,786,200,1057,208,97,294.36,294.36,,
2009-12-28,342,166,659,190,779,193,1050,201,96,288.04,288.04,,
2009-12-29,345,168,662,193,779,195,1052,203,101,289.877,289.877,,
2009-12-30,345,169,663,193,775,195,1051,203,98,290.109,290.109,,
2009-12-31,356,165,660,189,769,192,1041,198,95,294.431,294.431,,
2010-01-01,356,165,660,189,769,192,1041,198,95,294.431,294.431,,
2010-01-04,346,165,631,187,751,185,988,191,95,291.836,291.836,,
2010-01-05,348,168,643,194,748,186,970,190,94,294.889,294.888,,
2010-01-06,340,160,656,188,744,183,932,189,94,287.047,287.047,,
2010-01-07,341,162,669,190,743,183,926,194,95,287.365,287.365,,
2010-01-08,341,164,685,192,747,181,925,190,97,288.419,288.419,,
2010-01-11,326,159,681,187,725,184,820,186,98,280.206,280.206,,
2010-01-12,336,169,729,198,732,189,828,199,100,288.214,288.214,,
2010-01-13,339,168,727,193,727,187,871,196,99,286.125,286.125,,
2010-01-14,348,175,710,202,733,194,890,209,109,294.693,294.694,,
2010-01-15,348,175,710,202,733,194,890,209,115,301.419,294.694,,
2010-01-18,348,175,710,202,733,194,890,209,115,301.419,294.694,,
2010-01-19,352,179,708,206,736,198,900,211,112,297.253,297.253,,
2010-01-20,360,185,723,212,751,201,918,221,112,303.008,303.008,,
2010-01-21,372,194,740,221,793,206,960,230,112,313.444,313.444,,
2010-01-22,375,196,756,221,783,206,981,232,117,317.866,317.866,,
2010-01-25,368,190,737,216,781,198,973,224,121,311.69,311.69,,
2010-01-26,372,187,739,217,782,201,1000,219,121,313.647,313.647,,
2010-01-27,374,194,749,223,779,202,987,233,120,315.284,315.284,,
2010-01-28,378,202,751,226,801,214,978,233,120,317.598,317.598,,
2010-01-29,381,214,753,232,806,214,979,241,119,322.574,322.573,,
2010-02-01,376,210,739,229,804,209,964,237,124,319.103,319.103,,
2010-02-02,375,210,753,228,806,207,949,243,123,318.425,318.425,,
2010-02-03,373,212,751,223,801,204,958,239,128,313.896,313.896,,
2010-02-04,390,229,798,238,812,217,991,260,129,330.559,330.559,,
2010-02-05,399,240,813,247,820,223,1001,271,133,341.011,341.011,,
2010-02-08,393,231,809,241,816,216,999,266,133,336.179,336.179,,
2010-02-09,387,218,801,232,817,212,1001,252,132,331.605,331.605,,
2010-02-10,378,205,791,222,810,202,994,238,124,321.428,321.428,,
2010-02-11,368,192,777,214,811,195,966,225,132,314.903,314.903,,
2010-02-12,376,195,794,220,815,204,985,229,133,321.465,321.465,,
2010-02-15,376,195,794,220,815,204,985,229,133,321.465,321.465,,
2010-02-16,376,192,797,217,818,205,988,228,133,323.171,323.171,,
2010-02-17,369,187,788,209,810,198,988,225,133,314.66,314.66,,
2010-02-18,366,182,793,204,804,195,988,219,132,309.977,309.977,,
2010-02-19,366,180,782,206,803,194,983,224,135,310.685,310.685,,
2010-02-22,364,179,785,205,805,195,979,222,136,307.36,307.36,,
2010-02-23,379,194,826,219,815,204,1006,240,139,319.813,319.813,,
2010-02-24,373,184,805,216,813,201,997,224,138,316.166,316.166,,
2010-02-25,370,185,809,213,816,198,994,220,137,315.933,315.933,,
2010-02-26,366,179,806,212,822,196,989,211,137,310.882,310.882,,
2010-03-01,354,166,776,199,822,188,973,200,144,301.844,301.844,,
2010-03-02,353,169,769,198,821,187,970,202,142,298.187,298.187,,
2010-03-03,357,178,770,200,823,189,980,208,144,300.812,300.812,,
2010-03-04,355,179,764,196,824,191,980,205,144,300.595,300.595,,
2010-03-05,342,165,750,186,822,179,945,191,138,288.117,288.117,,
2010-03-08,335,155,751,180,821,172,928,187,137,280.994,280.994,,
2010-03-09,331,158,729,180,829,166,915,186,130,279.01,279.01,,
2010-03-10,327,157,722,182,826,163,899,186,130,274.377,274.377,,
2010-03-11,326,157,718,183,821,162,894,185,127,272.313,272.313,,
2010-03-12,328,158,722,186,823,167,883,188,128,272.975,272.975,,
2010-03-15,328,158,719,186,824,168,883,193,127,272.444,272.444,,
2010-03-16,330,160,720,188,829,170,883,195,127,275.782,275.781,,
2010-03-17,328,162,705,189,829,170,872,192,124,272.339,272.339,,
2010-03-18,327,158,685,190,825,171,871,192,123,271.672,271.672,,
2010-03-19,326,158,678,191,827,171,866,192,123,270.836,270.836,,
2010-03-22,330,159,677,194,831,170,890,195,123,275.538,275.538,,
2010-03-23,328,157,669,189,831,165,909,189,123,272.691,272.691,,
2010-03-24,318,145,655,180,815,153,903,181,122,260.473,260.473,,
2010-03-25,314,141,644,178,807,151,898,181,121,255.589,255.589,,
2010-03-26,319,147,645,181,814,157,909,179,119,260.799,260.799,,
2010-03-29,318,148,644,180,813,156,908,175,116,260.16,260.16,,
2010-03-30,316,146,640,180,813,156,896,172,117,259.292,259.292,,
2010-03-31,317,149,646,182,817,159,890,173,115,261.329,261.329,,
2010-04-01,317,149,646,182,817,159,890,173,116,259.004,261.329,,
2010-04-02,315,145,646,182,816,157,883,171,116,259.004,261.329,,
2010-04-05,298,128,614,169,800,145,839,158,110,243.081,243.081,,
2010-04-06,302,132,614,170,803,152,848,159,115,245.852,245.852,,
2010-04-07,313,148,636,179,813,161,868,171,109,255.061,255.061,,
2010-04-08,311,146,637,172,811,160,871,166,111,253.159,253.158,,
2010-04-09,310,142,626,173,811,156,875,167,111,251.944,251.944,,
2010-04-12,313,147,621,177,816,161,871,174,111,253.502,253.502,,
2010-04-13,313,147,624,176,819,162,864,173,107,254.144,254.145,,
2010-04-14,302,136,618,168,816,157,828,167,108,245.375,245.375,,
2010-04-15,296,133,601,165,813,148,823,162,108,242.074,242.074,,
2010-04-16,308,140,619,175,822,160,846,173,108,251.501,251.501,,
2010-04-19,305,138,618,173,818,157,838,173,109,249.598,249.598,,
2010-04-20,301,136,622,172,816,158,811,173,109,247.56,247.56,,
2010-04-21,307,146,633,177,820,162,820,179,108,253.253,253.253,,
2010-04-22,308,143,637,177,816,163,829,175,112,254.08,254.08,,
2010-04-23,305,138,638,175,812,161,826,170,112,251.603,251.603,,
2010-04-26,304,140,620,174,814,162,823,170,111,252.261,252.261,,
2010-04-27,323,156,652,191,828,177,866,188,115,271.74,271.74,,
2010-04-28,317,150,644,183,819,172,860,180,115,266.651,266.651,,
2010-04-29,325,156,649,188,823,174,893,187,115,269.213,269.213,,
2010-04-30,329,168,659,196,823,181,898,192,112,274.405,274.405,,
2010-05-03,324,164,653,190,818,176,894,186,113,269.979,269.979,,
2010-05-04,345,181,690,206,828,193,943,201,114,288.168,288.168,,
2010-05-05,360,192,724,218,835,204,977,220,124,303.329,303.329,,
2010-05-06,397,219,786,249,867,239,1057,253,134,339.521,339.521,,
2010-05-07,393,217,778,242,887,234,1046,247,137,338.797,338.797,,
2010-05-10,364,194,736,215,879,207,987,215,132,305.896,305.896,,
2010-05-11,360,185,725,210,880,201,999,211,132,303.545,303.545,,
2010-05-12,350,175,709,196,877,187,1010,202,132,293.56,293.56,,
2010-05-13,346,179,696,198,879,183,982,204,126,291.705,291.704,,
2010-05-14,365,197,725,212,890,199,1026,219,134,308.503,308.504,,
2010-05-17,366,193,726,210,887,198,1050,218,133,308.52,308.52,,
2010-05-18,385,204,754,225,923,212,1102,234,138,322.683,322.683,,
2010-05-19,395,207,782,230,921,215,1161,243,139,331.623,331.623,,
2010-05-20,417,221,850,244,932,232,1218,262,152,354.094,354.094,,
2010-05-21,417,224,844,248,933,232,1201,262,150,358.834,358.834,,
2010-05-24,413,218,832,242,931,224,1224,251,161,352.237,352.237,,
2010-05-25,428,227,878,251,962,235,1281,260,166,369.624,369.624,,
2010-05-26,417,219,833,241,954,224,1274,248,166,355.353,355.353,,
2010-05-27,401,205,796,228,942,211,1241,234,159,334.797,334.797,,
2010-05-28,407,208,807,234,952,219,1244,241,162,342.543,342.543,,
2010-05-31,407,208,807,234,952,219,1244,241,162,342.543,342.543,,
2010-06-01,405,208,814,235,952,210,1257,234,162,343.872,343.872,,
2010-06-02,396,202,787,229,948,203,1232,225,161,336.101,336.101,,
2010-06-03,389,192,775,222,920,197,1223,217,161,329.184,329.184,,
2010-06-04,413,211,816,244,937,219,1276,238,161,353.478,353.478,,
2010-06-07,416,213,842,244,965,216,1306,236,157,355.704,355.704,,
2010-06-08,427,220,852,251,966,226,1349,242,170,363.257,363.257,,
2010-06-09,420,212,844,247,964,220,1315,237,167,356.143,356.143,,
2010-06-10,402,201,808,234,953,206,1261,220,167,340.731,340.732,,
2010-06-11,409,212,833,242,962,215,1237,232,165,347.804,347.804,,
2010-06-14,401,206,819,233,958,209,1226,222,166,339.825,339.825,,
2010-06-15,393,200,814,222,955,201,1223,210,160,332.688,332.688,,
2010-06-16,391,199,795,224,957,199,1212,210,152,332.224,332.224,,
2010-06-17,392,204,800,228,966,202,1185,217,149,335.868,335.868,,
2010-06-18,382,200,769,222,963,198,1135,212,146,327.816,327.816,,
2010-06-21,380,196,758,221,962,198,1133,210,145,323.684,323.684,,
2010-06-22,390,204,777,231,968,205,1159,216,144,332.169,332.169,,
2010-06-23,396,210,785,237,974,210,1174,217,143,338.524,338.525,,
2010-06-24,395,206,792,235,971,205,1187,217,142,338.039,338.039,,
2010-06-25,397,207,795,237,974,208,1191,219,144,340.251,340.251,,
2010-06-28,399,212,780,238,995,210,1196,217,142,343.888,343.888,,
2010-06-29,409,220,803,248,1000,216,1225,230,147,353.807,353.807,,
2010-06-30,415,215,845,247,1013,212,1247,229,146,358.23,358.23,,
2010-07-01,421,219,870,250,1014,216,1277,231,148,363.087,363.087,,
2010-07-02,416,209,856,246,1013,212,1273,228,145,359.538,359.538,,
2010-07-05,416,209,856,246,1013,212,1273,228,145,359.538,359.538,,
2010-07-06,416,212,828,244,1018,212,1281,228,148,359.407,359.407,,
2010-07-07,407,198,803,235,1016,204,1277,219,142,350.157,350.157,,
2010-07-08,399,196,786,232,1014,204,1220,216,140,342.218,342.218,,
2010-07-09,392,192,775,228,997,200,1193,206,138,336.157,336.157,,
2010-07-12,390,191,767,223,998,198,1198,205,138,334.657,334.657,,
2010-07-13,382,184,757,211,992,196,1191,191,136,323.43,323.43,,
2010-07-14,390,188,761,220,999,208,1203,191,135,328.48,328.48,,
2010-07-15,395,187,770,226,1007,212,1208,195,135,334.247,334.247,,
2010-07-16,395,190,774,227,1012,210,1205,200,136,335.863,335.862,,
2010-07-19,389,184,765,221,1011,204,1198,196,136,331.683,331.683,,
2010-07-20,386,179,762,219,1013,200,1190,197,135,330.603,330.603,,
2010-07-21,391,186,758,225,1017,206,1192,202,136,332.407,332.407,,
2010-07-22,380,181,733,217,1029,199,1152,192,136,322.921,322.921,,
2010-07-23,373,174,735,210,1024,191,1147,181,137,313.851,313.851,,
2010-07-26,365,168,722,203,1023,187,1124,170,136,308.158,308.158,,
2010-07-27,360,160,711,200,1018,183,1110,169,136,301.682,301.682,,
2010-07-28,365,167,712,205,1026,187,1111,175,135,306.797,306.797,,
2010-07-29,362,164,706,202,1027,185,1100,176,136,304.567,304.567,,
2010-07-30,370,171,721,212,1037,192,1104,183,133,312.882,312.882,,
2010-08-02,356,158,700,203,1034,178,1064,173,127,299.524,299.524,,
2010-08-03,356,157,711,203,1042,176,1065,175,140,298.627,298.627,,
2010-08-04,347,149,684,198,1036,170,1046,167,129,292.871,292.871,,
2010-08-05,351,156,688,203,1042,173,1049,170,136,296.743,296.743,,
2010-08-06,357,158,685,206,1047,177,1071,174,141,300.474,300.474,,
2010-08-09,346,145,666,193,1046,166,1083,154,132,290.155,290.155,,
2010-08-10,351,147,671,194,1052,170,1110,156,135,295.84,295.84,,
2010-08-11,355,148,686,194,1055,172,1143,151,140,301.909,301.909,,
2010-08-12,356,146,689,194,1052,171,1155,152,130,299.931,299.931,,
2010-08-13,362,150,685,198,1052,176,1179,163,135,303.825,303.825,,
2010-08-16,372,160,705,206,1060,184,1202,170,131,314.269,314.269,,
2010-08-17,355,147,691,197,1002,172,1150,150,131,301.382,301.382,,
2010-08-18,348,142,697,194,1001,168,1106,142,132,295.622,295.622,,
2010-08-19,355,148,706,199,1006,172,1136,150,131,299.33,299.33,,
2010-08-20,358,149,708,201,1031,172,1161,153,132,299.546,299.546,,
2010-08-23,354,147,704,199,1030,170,1148,154,132,295.118,295.118,,
2010-08-24,371,162,741,212,1039,184,1188,171,132,311.789,311.789,,
2010-08-25,372,161,766,209,1034,185,1196,173,131,311.802,311.802,,
2010-08-26,382,171,792,219,1035,194,1207,181,133,318.296,318.296,,
2010-08-27,374,168,771,212,1024,187,1193,178,117,307.341,307.341,,
2010-08-30,388,185,774,226,1035,200,1209,193,134,321.086,321.086,,
2010-08-31,389,191,778,229,1040,210,1214,197,138,325.643,325.643,,
2010-10-01,360,171,677,199,1010,190,1154,166,137,301.707,301.707,,
2010-10-04,363,177,683,202,1015,192,1161,169,138,304.857,304.857,,
2010-10-05,361,178,661,200,1017,195,1136,173,135,301.479,301.479,,
2010-10-06,363,182,667,199,1021,198,1137,177,136,302.717,302.717,,
2010-10-07,361,173,661,198,1024,197,1133,175,136,300.196,300.196,,
2010-10-08,357,171,643,194,1029,196,1120,171,139,299.31,299.31,,
2010-10-11,357,171,643,194,1029,196,1120,171,139,299.31,299.31,,
2010-10-12,344,160,603,182,1025,183,1109,158,134,288.213,288.213,,
2010-10-13,336,154,586,177,1040,180,1073,157,132,280.569,280.569,,
2010-10-14,335,148,598,174,1035,178,1091,151,133,276.64,276.64,,
2010-10-15,335,145,593,170,1007,181,1100,151,133,275.44,275.44,,
2010-10-18,344,153,599,179,1013,189,1126,161,133,285.453,285.453,,
2010-10-19,353,163,618,188,1015,194,1156,165,133,291.991,291.991,,
2010-10-20,352,164,620,185,1016,192,1161,162,132,291.275,291.275,,
2010-10-21,350,158,623,183,1013,189,1161,164,132,286.469,286.469,,
2010-10-22,343,151,620,181,1012,182,1148,151,131,284.475,284.475,,
2010-10-25,336,145,605,176,1009,173,1139,145,131,279.85,279.85,,
2010-10-26,330,137,596,172,1003,169,1132,144,130,273.36,273.36,,
2010-10-27,323,130,545,169,997,162,1139,136,128,268.89,268.89,,
2010-10-28,324,133,539,170,1004,164,1127,136,130,271.44,271.44,,
2010-10-29,337,136,543,173,1011,155,1148,138,130,282.504,282.504,,
2010-11-01,333,125,547,169,1012,149,1149,132,127,278.081,278.081,,
2010-11-02,335,132,551,172,1013,150,1147,136,124,279.184,279.184,,
2010-11-03,331,130,532,169,1016,149,1131,135,126,274.074,274.073,,
2010-11-04,331,137,521,173,1026,151,1094,137,127,275.066,275.066,,
2010-11-05,328,135,514,171,1019,152,1075,135,123,270.06,270.06,,
2010-11-08,336,150,526,177,1015,159,1098,147,122,274.238,274.238,,
2010-11-09,333,146,529,171,1004,158,1092,143,121,268.461,268.461,,
2010-11-10,338,155,533,173,1008,162,1097,147,120,277.387,277.387,,
2010-11-11,338,155,533,173,1008,162,1097,147,120,276.577,277.387,,
2010-11-12,341,156,544,174,996,167,1110,151,120,276.577,276.578,,
2010-11-15,338,152,542,169,982,163,1109,145,120,272.301,272.301,,
2010-11-16,359,163,581,185,985,186,1149,168,122,290.525,290.525,,
2010-11-17,350,154,569,173,986,173,1153,158,125,284.373,284.372,,
2010-11-18,347,152,548,173,983,169,1160,157,124,281.361,281.361,,
2010-11-19,349,155,543,175,981,171,1162,159,125,282.864,282.864,,
2010-11-22,356,161,550,181,990,178,1175,163,127,289.155,289.155,,
2010-11-23,364,169,560,187,995,181,1203,168,127,297.813,297.813,,
2010-11-24,349,153,533,175,979,166,1188,153,114,285.207,285.207,,
2010-11-25,349,153,533,175,979,166,1188,153,114,285.207,285.207,,
2010-11-26,349,153,533,175,979,166,1188,153,114,285.207,285.207,,
2010-11-29,368,170,569,189,983,180,1244,169,125,304.039,304.039,,
2010-11-30,388,180,597,198,988,187,1291,180,128,321.673,321.673,,
2010-12-01,368,163,563,183,971,172,1228,166,122,300.261,300.261,,
2010-12-02,360,160,548,178,969,169,1184,161,123,293.675,293.675,,
2010-12-03,352,154,543,172,974,163,1145,156,121,286.151,286.151,,
2010-12-06,355,156,544,177,984,166,1154,158,123,291.99,291.99,,
2010-12-07,338,142,513,163,962,150,1121,148,118,270.756,270.756,,
2010-12-08,344,148,521,168,952,155,1143,150,117,274.494,274.494,,
2010-12-09,343,154,521,169,949,151,1142,148,118,276.642,276.642,,
2010-12-10,341,149,521,167,916,150,1139,145,115,272.521,272.521,,
2010-12-13,344,153,521,172,922,154,1134,154,115,278.269,278.269,,
2010-12-14,333,142,511,166,907,146,1109,148,111,264.798,264.798,,
2010-12-15,343,149,529,175,904,157,1114,155,110,270.741,270.741,,
2010-12-16,351,164,529,184,908,168,1107,165,112,282.164,282.164,,
2010-12-17,362,178,547,199,919,178,1096,180,115,295.283,295.283,,
2010-12-20,357,165,528,184,917,170,1130,170,116,290.082,290.082,,
2010-12-21,358,162,523,187,916,173,1132,172,116,290.812,290.812,,
2010-12-22,352,161,507,181,912,168,1116,167,113,284.173,284.173,,
2010-12-23,350,159,501,180,908,167,1113,165,115,282.352,282.352,,
2010-12-24,350,159,501,180,908,167,1113,165,115,282.352,282.352,,
2010-12-27,348,157,500,178,904,165,1111,163,114,279.657,279.656,,
2010-12-28,347,152,493,178,904,164,1117,161,107,278.381,278.381,,
2010-12-29,354,157,499,184,908,169,1130,166,123,285.492,285.492,,
2010-12-30,349,154,498,180,905,164,1126,162,108,280.342,280.342,,
2010-12-31,357,165,507,189,913,173,1114,172,115,288.523,288.523,,
2011-01-03,348,161,493,181,914,164,1096,163,117,282.417,282.417,,
2011-01-04,336,141,489,168,886,149,1099,141,114,270.618,270.618,,
2011-01-05,332,135,483,164,874,146,1104,137,110,263.52,263.52,,
2011-01-06,336,142,486,165,880,147,1121,141,113,271.855,271.855,,
2011-01-07,344,147,503,170,892,155,1135,147,114,281.632,281.633,,
2011-01-10,348,151,502,174,896,158,1146,152,117,287.602,287.602,,
2011-01-11,341,144,488,169,892,150,1135,144,114,280.969,280.97,,
2011-01-12,337,141,478,166,891,149,1127,138,114,278.37,278.37,,
2011-01-13,339,143,479,168,897,150,1124,143,115,281.384,281.384,,
2011-01-14,340,143,485,170,896,155,1116,142,114,281.399,281.399,,
2011-01-17,340,143,485,170,896,155,1116,142,114,281.399,281.399,,
2011-01-18,337,140,475,167,839,155,1103,140,116,278.6,278.6,,
2011-01-19,346,148,495,175,841,164,1120,148,119,285.444,285.444,,
2011-01-20,341,142,489,172,831,159,1116,147,109,281.646,281.646,,
2011-01-21,341,144,493,170,834,158,1112,147,117,284.126,284.126,,
2011-01-24,338,143,485,166,835,158,1103,142,117,283.2,283.2,,
2011-01-25,347,152,503,173,842,161,1120,152,120,290.598,290.598,,
2011-01-26,338,140,499,167,836,151,1110,142,119,281.511,281.511,,
2011-01-27,345,148,508,175,838,156,1120,146,119,289.336,289.336,,
2011-01-28,361,157,555,186,844,169,1150,157,125,305.225,305.225,,
2011-01-31,355,152,552,179,841,162,1139,150,125,298.201,298.201,,
2011-02-01,341,145,525,170,835,153,1102,141,121,284.463,284.463,,
2011-02-02,334,140,517,166,786,147,1081,136,117,277.936,277.936,,
2011-02-03,334,134,522,166,780,149,1075,140,115,277.445,277.444,,
2011-02-04,328,129,518,160,770,143,1069,135,112,270.338,270.338,,
2011-02-07,331,135,518,164,770,148,1068,140,111,273.473,273.473,,
2011-02-08,329,127,513,163,758,147,1067,139,109,265.861,265.861,,
2011-02-09,339,139,530,174,765,154,1077,147,112,277.135,277.135,,
2011-02-10,340,136,527,172,759,154,1094,151,112,275.794,275.794,,
2011-02-11,345,142,534,176,761,156,1111,154,108,280.107,280.107,,
2011-02-14,354,150,544,182,763,162,1136,157,115,287.679,287.679,,
2011-02-15,358,157,554,181,751,166,1154,161,113,291.486,291.486,,
2011-02-16,350,150,549,175,735,160,1129,153,111,286.05,286.05,,
2011-02-17,349,149,538,176,744,158,1124,151,117,287.539,287.539,,
2011-02-18,349,147,533,176,744,158,1133,150,111,286.849,286.849,,
2011-02-21,349,147,533,176,744,158,1133,150,111,286.849,286.849,,
2011-02-22,362,157,559,184,758,167,1166,161,117,300.583,300.583,,
2011-02-23,363,158,571,185,754,168,1165,162,116,299.716,299.716,,
2011-02-24,367,162,588,188,753,170,1169,165,116,302.746,302.746,,
2011-02-25,364,162,573,187,756,170,1147,166,117,300.946,300.946,,
2011-02-28,371,156,580,178,759,162,1174,160,115,303.696,303.696,,
2011-03-01,370,151,590,176,761,159,1178,159,114,303.202,303.202,,
2011-03-02,363,143,571,170,756,154,1165,155,113,296.044,296.044,,
2011-03-03,350,132,554,162,743,143,1134,144,102,283.799,283.799,,
2011-03-04,354,141,563,167,756,150,1122,151,114,290.925,290.925,,
2011-03-07,353,138,558,165,762,150,1122,150,111,288.149,288.149,,
2011-03-08,345,133,547,157,753,144,1102,143,110,280.807,280.807,,
2011-03-09,351,138,561,162,758,147,1121,147,111,287.041,287.041,,
2011-03-10,365,150,575,174,782,160,1144,157,117,298.547,298.547,,
2011-03-11,362,148,574,172,782,155,1147,149,114,296.28,296.28,,
2011-03-14,367,152,580,175,788,160,1153,155,114,300.01,300.01,,
2011-03-15,374,157,597,182,802,163,1178,158,118,306.546,306.546,,
2011-03-16,386,167,608,192,813,172,1205,168,129,318.129,318.129,,
2011-03-17,382,163,590,189,810,170,1200,164,118,313.485,313.485,,
2011-03-18,378,163,591,185,806,168,1185,162,119,309.214,309.214,,
2011-03-21,371,166,577,179,798,163,1164,160,115,303.229,303.229,,
2011-03-22,374,172,582,179,797,165,1171,164,115,303.97,303.97,,
2011-03-23,369,171,563,177,797,163,1151,160,116,302.06,302.06,,
2011-03-24,363,169,549,174,791,158,1138,156,112,296.242,296.242,,
2011-03-25,358,165,535,172,784,154,1128,152,110,291.275,291.275,,
2011-03-28,357,168,538,170,781,153,1121,152,111,290.975,290.975,,
2011-03-29,359,174,544,174,784,156,1110,156,115,293.311,293.311,,
2011-03-30,357,172,535,171,780,153,1118,153,113,290.236,290.236,,
2011-03-31,373,173,539,174,780,160,1137,153,117,298.812,298.811,,
2011-04-01,368,173,513,172,778,159,1117,154,117,295.231,295.231,,
2011-04-04,369,179,515,170,743,159,1119,156,119,293.944,293.944,,
2011-04-05,367,176,518,169,736,157,1119,152,118,290.202,290.202,,
2011-04-06,360,164,513,164,730,154,1097,147,118,282.419,282.419,,
2011-04-07,359,157,514,165,736,154,1092,147,116,283.474,283.474,,
2011-04-08,355,160,507,165,734,152,1074,146,117,281.641,281.641,,
2011-04-11,356,162,508,165,734,153,1074,146,117,282.739,282.739,,
2011-04-12,364,170,525,171,743,157,1092,154,117,291.753,291.753,,
2011-04-13,366,184,525,173,745,160,1093,155,117,294.05,294.05,,
2011-04-14,367,193,528,173,743,161,1097,153,118,294.341,294.341,,
2011-04-15,371,202,529,177,751,165,1099,155,120,299.768,299.768,,
2011-04-18,378,203,540,180,785,168,1125,159,123,306.995,306.995,,
2011-04-19,380,206,547,182,785,170,1126,159,123,307.578,307.578,,
2011-04-20,374,203,541,178,779,163,1115,150,122,300.445,300.445,,
2011-04-21,374,204,542,177,780,163,1112,150,123,299.998,299.998,,
2011-04-22,374,204,542,177,780,163,1112,150,123,299.998,299.998,,
2011-04-25,379,210,547,180,785,165,1131,154,124,304.229,304.229,,
2011-04-26,382,227,564,180,790,165,1138,153,124,307.95,307.95,,
2011-04-27,382,231,567,178,774,162,1152,149,121,304,304,,
2011-04-28,382,226,563,177,779,164,1148,146,125,303.893,303.893,,
2011-04-29,377,217,555,172,782,164,1138,147,124,301.679,301.679,,
2011-05-02,373,218,546,168,782,160,1132,142,125,299.951,299.951,,
2011-05-03,377,216,555,171,784,163,1143,143,125,301.844,301.845,,
2011-05-04,379,199,564,175,785,166,1150,146,126,303.943,303.943,,
2011-05-05,383,200,582,173,790,165,1173,146,126,308.406,308.406,,
2011-05-06,381,189,577,174,793,164,1169,145,127,307.601,307.601,,
2011-05-09,382,188,588,171,796,163,1176,145,129,308.263,308.263,,
2011-05-10,377,188,584,168,790,157,1174,142,128,301.319,301.319,,
2011-05-11,382,194,586,174,793,159,1185,146,127,304.873,304.873,,
2011-05-12,374,183,567,170,764,157,1162,145,127,298.889,298.889,,
2011-05-13,375,178,579,170,767,157,1165,148,126,301.385,301.385,,
2011-05-16,376,181,588,171,771,159,1162,152,128,303.901,303.901,,
2011-05-17,379,183,594,172,773,160,1170,154,126,305.685,305.685,,
2011-05-18,372,181,579,169,769,158,1144,150,128,299.901,299.901,,
2011-05-19,370,179,576,165,770,158,1136,149,126,298.001,298.001,,
2011-05-20,372,182,577,164,787,158,1148,146,127,299.779,299.779,,
2011-05-23,375,175,590,167,787,158,1160,147,126,303.766,303.766,,
2011-05-24,379,176,591,167,788,162,1180,148,127,306.284,306.284,,
2011-05-25,380,174,587,168,803,163,1191,147,127,307.354,307.354,,
2011-05-26,391,182,600,176,808,169,1226,154,129,315.597,315.597,,
2011-05-27,391,182,595,177,810,169,1225,154,129,314.8,314.8,,
2011-05-30,391,182,595,177,810,169,1225,154,129,314.8,314.8,,
2011-05-31,387,189,592,177,799,168,1195,144,131,311.74,311.74,,
2011-06-01,394,201,609,185,806,170,1218,142,132,317.355,317.355,,
2011-06-02,389,189,597,177,809,166,1217,139,129,310.464,310.464,,
2011-06-03,390,192,597,178,807,167,1212,142,135,311.914,311.914,,
2011-06-06,392,214,597,179,808,167,1213,144,136,312.045,312.045,,
2011-06-07,388,195,592,177,782,166,1202,145,136,310.559,310.559,,
2011-06-08,394,199,602,181,789,171,1215,152,138,316.102,316.102,,
2011-06-09,387,189,587,178,795,167,1196,150,135,310.078,310.078,,
2011-06-10,390,191,590,179,797,170,1209,150,134,313.86,313.86,,
2011-06-13,390,193,596,178,797,168,1216,151,135,314.168,314.168,,
2011-06-14,378,182,574,163,787,160,1198,141,132,302.488,302.487,,
2011-06-15,393,193,597,176,799,170,1236,149,133,316.382,316.382,,
2011-06-16,401,198,625,181,803,174,1255,157,138,323.194,323.194,,
2011-06-17,401,197,628,182,803,173,1261,151,138,323.66,323.66,,
2011-06-20,397,196,622,175,802,171,1258,149,137,321.498,321.498,,
2011-06-21,392,193,614,170,801,168,1238,147,136,317.174,317.174,,
2011-06-22,386,192,611,169,801,166,1202,141,136,315.412,315.412,,
2011-06-23,395,197,629,175,809,173,1222,149,141,326.132,326.132,,
2011-06-24,398,200,636,177,816,176,1221,152,145,331.127,331.127,,
2011-06-27,385,191,628,170,810,167,1166,144,142,320.824,320.824,,
2011-06-28,375,184,607,162,796,158,1153,136,138,307.716,307.716,,
2011-06-29,366,177,597,155,787,152,1130,130,136,298.416,298.415,,
2011-06-30,355,169,568,150,783,148,1117,121,131,288.447,288.447,,
2011-07-01,349,168,556,148,779,147,1086,119,130,283.944,283.944,,
2011-07-04,349,168,556,148,779,147,1086,119,130,283.944,283.944,,
2011-07-05,357,168,565,155,790,151,1109,132,131,292.116,292.116,,
2011-07-06,361,173,572,160,794,155,1111,135,130,295.631,295.631,,
2011-07-07,352,168,570,154,772,151,1074,132,127,288.795,288.795,,
2011-07-08,364,180,588,164,788,161,1088,143,130,301.161,301.16,,
2011-07-11,377,186,608,174,796,170,1119,156,134,312.699,312.699,,
2011-07-12,381,189,614,174,797,170,1142,157,133,315.176,315.176,,
2011-07-13,382,189,621,177,797,173,1142,157,135,316.027,316.027,,
2011-07-14,377,182,628,173,794,165,1136,149,135,310.043,310.043,,
2011-07-15,380,185,623,174,799,169,1141,152,136,314.168,314.168,,
2011-07-18,379,176,628,171,800,167,1148,149,136,314.276,314.276,,
2011-07-19,379,177,621,172,799,170,1139,151,131,315.45,315.45,,
2011-07-20,374,169,614,168,796,164,1136,145,131,308.802,308.802,,
2011-07-21,364,160,593,163,763,159,1108,139,126,299.986,299.987,,
2011-07-22,367,163,591,165,766,162,1114,142,125,302.685,302.685,,
2011-07-25,364,160,577,161,764,159,1120,138,123,300.558,300.558,,
2011-07-26,365,160,582,161,768,158,1118,141,127,302.158,302.158,,
2011-07-27,361,154,577,158,764,157,1114,135,120,296.605,296.605,,
2011-07-28,358,154,581,155,764,154,1107,132,121,293.994,293.994,,
2011-07-29,361,159,592,160,779,159,1123,132,121,301.418,301.418,,
2011-08-01,354,151,593,159,782,150,1099,124,121,297.762,297.762,,
2011-08-02,360,159,611,165,791,157,1108,127,123,305.559,305.559,,
2011-08-03,363,162,619,167,789,157,1113,131,125,305.57,305.57,,
2011-08-04,385,183,648,188,799,175,1162,147,125,325.082,325.082,,
2011-08-05,384,181,689,181,790,169,1179,146,132,323.063,323.063,,
2011-08-08,427,216,756,215,801,198,1284,177,141,355.843,355.843,,
2011-08-09,432,225,741,221,872,206,1285,186,156,376.054,376.054,,
2011-08-10,439,225,754,225,872,216,1284,196,153,380.044,380.044,,
2011-08-11,437,214,737,217,869,212,1296,195,158,373.363,373.363,,
2011-08-12,434,216,716,217,900,215,1272,191,164,373.487,373.487,,
2011-08-15,420,204,709,201,896,204,1244,181,156,360.058,360.058,,
2011-08-16,426,209,728,208,901,211,1251,186,153,366.033,366.033,,
2011-08-17,423,208,729,208,902,204,1254,172,154,361.642,361.642,,
2011-08-18,436,216,759,215,903,215,1300,183,155,372.663,372.663,,
2011-08-19,435,218,750,217,901,215,1296,183,153,371.303,371.303,,
2011-08-22,436,213,755,215,899,211,1331,180,153,371.193,371.193,,
2011-08-23,438,210,763,214,900,211,1345,178,155,373.709,373.709,,
2011-08-24,426,194,746,202,892,201,1326,171,151,362.337,362.337,,
2011-08-25,430,200,749,206,896,204,1327,178,153,367.559,367.559,,
2011-08-26,435,204,758,212,901,209,1332,183,153,371.706,371.706,,
2011-08-29,424,194,741,202,868,200,1308,174,151,362.227,362.227,,
2011-08-30,427,202,749,209,872,203,1294,175,152,366.999,366.999,,
2011-08-31,414,186,738,197,871,196,1273,165,151,353.99,353.99,,
2011-10-03,540,295,1018,290,876,276,1469,254,187,480.687,480.687,,
2011-10-04,542,295,1017,292,873,277,1480,255,199,489.827,489.827,,
2011-10-05,533,292,1013,280,899,271,1444,248,189,476.901,476.901,,
2011-10-06,514,271,976,264,896,256,1405,234,184,459.536,459.536,,
2011-10-07,506,261,963,259,891,250,1390,229,181,450.162,450.162,,
2011-10-10,506,261,963,259,891,250,1390,229,181,450.162,450.162,,
2011-10-11,489,235,935,241,885,232,1390,206,165,430.773,430.773,,
2011-10-12,472,217,883,223,882,225,1353,191,159,411.689,411.689,,
2011-10-13,481,224,900,234,889,234,1368,198,164,418.383,418.383,,
2011-10-14,468,212,861,226,889,228,1322,189,165,408.025,408.025,,
2011-10-17,473,219,878,232,892,233,1330,196,164,411.091,411.091,,
2011-10-18,475,218,888,233,895,235,1331,196,167,413.389,413.389,,
2011-10-19,474,218,886,236,894,235,1315,198,167,410.622,410.622,,
2011-10-20,478,219,912,239,894,237,1331,200,167,414.854,414.854,,
2011-10-21,471,215,899,233,894,230,1314,196,165,408.99,408.99,,
2011-10-24,465,212,888,228,892,227,1292,195,162,403.445,403.445,,
2011-10-25,468,219,881,236,899,232,1285,203,164,408.23,408.23,,
2011-10-26,457,208,874,226,894,220,1272,194,155,396.329,396.329,,
2011-10-27,427,183,789,198,870,196,1224,170,143,364.347,364.347,,
2011-10-28,440,192,800,212,876,207,1245,180,153,376.553,376.552,,
2011-10-31,454,205,835,223,886,221,1269,188,153,391.731,391.731,,
2011-11-01,464,210,850,231,891,227,1297,196,164,405.294,405.294,,
2011-11-02,462,209,847,227,893,223,1301,194,165,404.788,404.788,,
2011-11-03,444,192,809,217,892,210,1256,179,159,390.367,390.367,,
2011-11-04,446,192,818,220,894,211,1264,181,157,391.8,391.8,,
2011-11-07,451,199,821,224,895,215,1270,187,161,396.284,396.284,,
2011-11-08,440,190,807,214,847,205,1252,181,156,385.916,385.915,,
2011-11-09,458,208,848,231,865,218,1290,196,162,403.26,403.26,,
2011-11-10,450,198,846,221,862,209,1289,187,157,396.584,396.584,,
2011-11-11,450,198,846,221,862,209,1289,187,157,396.584,396.584,,
2011-11-14,451,201,849,221,863,211,1291,189,156,398.875,398.875,,
2011-11-15,452,199,855,220,862,212,1292,188,154,402.152,402.152,,
2011-11-16,455,203,872,226,862,216,1290,190,153,406.008,406.008,,
2011-11-17,468,210,898,237,864,227,1319,200,158,416.594,416.595,,
2011-11-18,467,217,912,233,860,225,1315,197,154,415.063,415.063,,
2011-11-21,479,228,955,242,861,233,1347,205,156,427.189,427.189,,
2011-11-22,480,231,970,240,863,235,1341,209,155,431.747,431.747,,
2011-11-23,490,242,1003,249,863,243,1356,217,162,442.463,442.463,,
2011-11-24,490,242,1003,249,863,243,1356,217,162,442.463,442.463,,
2011-11-25,490,242,1003,249,863,243,1356,217,162,442.463,442.463,,
2011-11-28,483,236,982,243,862,237,1347,210,161,436.964,436.964,,
2011-11-29,479,238,974,239,861,234,1330,209,160,431.354,431.354,,
2011-11-30,463,227,941,229,838,228,1287,199,159,413.248,413.248,,
2011-12-01,456,217,934,220,837,221,1280,189,156,406.997,406.997,,
2011-12-02,459,220,932,225,840,226,1280,191,155,409.574,409.574,,
2011-12-05,455,219,929,221,840,224,1268,187,157,405.741,405.741,,
2011-12-06,447,211,900,216,839,217,1255,180,152,401.408,401.408,,
2011-12-07,452,218,905,223,844,224,1248,187,155,408.575,408.576,,
2011-12-08,455,221,914,224,847,226,1256,190,157,414.563,414.563,,
2011-12-09,442,210,895,211,844,212,1237,179,156,405.88,405.88,,
2011-12-12,446,215,909,214,846,215,1245,183,155,411.598,411.598,,
2011-12-13,448,215,919,216,846,216,1247,182,156,414.86,414.86,,
2011-12-14,458,223,938,224,845,224,1273,189,166,423.663,423.663,,
2011-12-15,459,221,949,223,845,223,1282,190,165,423.176,423.176,,
2011-12-16,466,228,960,233,848,230,1285,197,166,429.319,429.319,,
2011-12-19,469,232,961,237,847,234,1288,201,166,432.732,432.732,,
2011-12-20,457,218,944,226,844,222,1269,191,164,420.73,420.73,,
2011-12-21,452,212,943,220,840,215,1265,186,166,415.027,415.027,,
2011-12-22,450,214,927,221,840,216,1251,187,163,414.922,414.922,,
2011-12-23,442,205,918,212,835,207,1244,178,161,407.109,407.109,,
2011-12-26,442,205,918,212,835,207,1244,178,161,407.109,407.109,,
2011-12-27,443,207,915,213,836,208,1245,180,161,408.341,408.341,,
2011-12-28,452,215,922,223,840,220,1252,190,162,416.927,416.927,,
2011-12-29,455,217,925,225,843,222,1257,191,163,419.084,419.084,,
2011-12-30,468,216,925,225,846,222,1258,191,172,426.342,426.342,,
2012-01-02,468,216,925,225,846,222,1258,191,172,426.342,426.342,,
2012-01-03,458,206,900,218,790,216,1230,184,166,416.714,416.715,,
2012-01-04,457,205,881,218,790,216,1232,184,165,418.339,418.339,,
2012-01-05,456,207,873,216,791,216,1226,187,165,420.485,420.485,,
2012-01-06,461,211,884,220,792,222,1238,190,165,424.783,424.783,,
2012-01-09,462,210,870,221,793,221,1244,191,166,427.423,427.423,,
2012-01-10,465,211,869,225,793,227,1245,199,164,427.228,427.228,,
2012-01-11,478,228,888,234,795,240,1262,209,167,436.041,436.041,,
2012-01-12,475,227,891,231,810,240,1252,206,167,432.994,432.994,,
2012-01-13,482,233,894,238,812,247,1260,213,168,440.852,440.852,,
2012-01-16,482,233,894,238,812,247,1260,213,168,440.852,440.852,,
2012-01-17,479,235,888,236,813,245,1249,211,170,439.47,439.47,,
2012-01-18,472,230,859,231,811,242,1226,206,168,433.829,433.829,,
2012-01-19,459,220,837,220,808,231,1201,197,163,420.322,420.323,,
2012-01-20,452,214,821,215,806,225,1184,191,161,412.726,412.726,,
2012-01-23,447,212,796,211,805,223,1173,190,161,407.776,407.776,,
2012-01-24,447,221,806,214,805,224,1156,193,161,407.847,407.847,,
2012-01-25,443,220,789,211,813,221,1139,191,160,406.855,406.855,,
2012-01-26,450,223,798,219,815,227,1151,195,159,408.042,408.042,,
2012-01-27,452,221,810,220,816,229,1153,196,161,409.839,409.839,,
2012-01-30,456,223,825,225,817,233,1159,200,164,416.129,416.129,,
2012-01-31,449,221,840,225,818,229,1155,200,162,412.228,412.228,,
2012-02-01,438,214,824,218,817,218,1132,189,159,401.425,401.425,,
2012-02-02,439,215,828,219,818,220,1129,191,161,401.596,401.596,,
2012-02-03,424,203,808,209,783,208,1090,180,158,387.962,387.962,,
2012-02-06,426,207,813,212,785,212,1091,184,161,390.599,390.599,,
2012-02-07,420,199,810,205,781,206,1084,177,158,384.841,384.841,,
2012-02-08,421,200,820,205,779,207,1083,177,158,385.01,385.01,,
2012-02-09,416,195,844,197,776,201,1075,171,154,378.992,378.992,,
2012-02-10,424,204,858,203,795,209,1084,178,159,387.485,387.485,,
2012-02-13,412,196,835,198,792,204,1041,170,157,378.811,378.811,,
2012-02-14,419,201,844,205,793,209,1055,174,160,383.053,383.053,,
2012-02-15,421,201,844,207,795,210,1060,175,161,383.583,383.583,,
2012-02-16,417,195,829,204,790,205,1065,172,159,379.604,379.604,,
2012-02-17,413,192,808,200,787,204,1053,168,156,374.623,374.623,,
2012-02-20,413,192,808,200,787,204,1053,168,156,374.623,374.623,,
2012-02-21,405,188,800,195,786,201,1018,168,154,366.743,366.743,,
2012-02-22,400,191,797,198,788,203,978,168,154,364.651,364.651,,
2012-02-23,404,195,798,202,787,208,976,176,157,366.744,366.744,,
2012-02-24,402,198,800,202,787,208,965,176,155,364.979,364.979,,
2012-02-27,403,203,817,207,790,212,942,178,158,369.023,369.023,,
2012-02-28,396,200,829,203,791,210,911,176,160,364.527,364.527,,
2012-02-29,390,195,843,197,788,209,916,171,160,356.768,356.768,,
2012-03-01,384,187,818,194,787,202,911,164,158,348.705,348.705,,
2012-03-02,381,187,811,191,791,200,903,159,160,347.731,347.731,,
2012-03-05,385,187,820,192,789,204,917,164,161,348.183,348.183,,
2012-03-06,396,193,835,201,808,211,950,172,162,357.779,357.779,,
2012-03-07,391,186,834,196,805,208,936,164,165,354.227,354.227,,
2012-03-08,381,180,816,187,803,201,911,157,161,344.183,344.183,,
2012-03-09,379,179,822,184,802,199,913,155,161,342.471,342.471,,
2012-03-12,375,174,827,178,800,195,912,146,158,339.37,339.37,,
2012-03-13,364,165,807,174,796,187,879,143,152,328.253,328.253,,
2012-03-14,355,152,795,167,800,177,874,137,144,318.845,318.845,,
2012-03-15,356,152,788,169,803,179,870,142,146,322.551,322.551,,
2012-03-16,356,150,792,171,802,180,869,143,144,321.433,321.433,,
2012-03-19,352,144,784,166,797,176,867,138,138,315.668,315.668,,
2012-03-20,354,145,793,165,795,176,881,140,136,318.727,318.727,,
2012-03-21,361,151,799,168,800,180,898,139,145,326.09,326.09,,
2012-03-22,366,154,814,171,803,183,917,142,142,330.758,330.758,,
2012-03-23,371,158,822,175,804,187,931,144,143,335.361,335.361,,
2012-03-26,373,157,829,174,806,187,940,146,144,336.3,336.3,,
2012-03-27,378,161,846,178,810,189,951,148,145,340.464,340.465,,
2012-03-28,376,160,880,179,809,188,937,146,145,339.596,339.596,,
2012-03-29,381,164,899,183,826,192,939,150,149,346.081,346.081,,
2012-03-30,377,157,880,177,824,185,939,141,148,341.577,341.577,,
2012-04-02,379,159,902,178,827,186,943,143,149,342.835,342.835,,
2012-04-03,371,148,900,171,804,177,932,136,148,333.077,333.077,,
2012-04-04,380,153,934,178,807,183,950,142,150,340.88,340.88,,
2012-04-05,388,160,938,185,811,190,966,149,156,348.649,348.649,,
2012-04-06,388,160,938,185,811,190,966,149,156,348.649,348.649,,
2012-04-09,400,173,947,196,818,201,981,159,162,360.653,360.653,,
2012-04-10,407,179,960,195,821,205,1015,159,166,367.42,367.42,,
2012-04-11,401,171,946,189,819,198,1009,150,167,361.582,361.582,,
2012-04-12,394,165,931,183,819,190,1007,143,163,355.169,355.169,,
2012-04-13,401,168,946,189,838,197,1022,151,164,360.883,360.883,,
2012-04-16,403,171,976,191,830,198,1018,149,166,362.668,362.668,,
2012-04-17,396,163,992,184,789,190,1009,143,160,355.37,355.37,,
2012-04-18,403,163,1048,185,790,190,1041,145,161,360.459,360.459,,
2012-04-19,395,162,1019,182,790,184,1015,137,162,357.535,357.535,,
2012-04-20,390,161,994,183,790,185,985,141,161,354.091,354.091,,
2012-04-23,396,167,1010,189,792,190,990,148,163,360.232,360.232,,
2012-04-24,392,165,1003,186,790,188,982,147,159,356.134,356.134,,
2012-04-25,389,162,981,185,790,188,968,150,155,351.503,351.503,,
2012-04-26,390,165,983,186,791,188,971,152,156,353.644,353.643,,
2012-04-27,388,166,973,188,792,188,950,152,157,353.387,353.387,,
2012-04-30,383,166,962,188,792,187,926,152,156,348.005,348.005,,
2012-05-01,379,160,953,184,791,185,917,148,153,343.737,343.737,,
2012-05-02,377,159,967,184,792,182,909,147,152,342.453,342.453,,
2012-05-03,373,154,973,183,792,180,899,143,151,338.518,338.518,,
2012-05-04,383,156,998,188,794,184,937,145,153,345.521,345.521,,
2012-05-07,384,155,994,189,794,183,944,146,154,346.207,346.207,,
2012-05-08,390,159,1005,193,795,186,969,150,154,353.029,353.03,,
2012-05-09,397,161,1020,196,794,190,992,155,156,358.707,358.707,,
2012-05-10,395,156,1014,195,793,187,994,154,152,355.898,355.898,,
2012-05-11,407,164,1042,201,811,196,1034,162,154,364.695,364.695,,
2012-05-14,423,175,1077,208,828,204,1097,170,157,380.91,380.91,,
2012-05-15,432,180,1103,212,860,208,1122,175,164,387.07,387.07,,
2012-05-16,441,184,1134,216,858,214,1155,177,166,394.541,394.542,,
2012-05-17,450,195,1132,227,858,226,1152,189,174,403.87,403.87,,
2012-05-18,452,197,1134,229,857,227,1155,190,180,407.132,407.132,,
2012-05-21,446,196,1123,226,858,226,1124,189,179,402.159,402.159,,
2012-05-22,443,190,1121,223,890,226,1110,188,178,395.091,395.091,,
2012-05-23,457,201,1152,235,909,237,1140,195,182,407.836,407.836,,
2012-05-24,457,195,1184,229,906,234,1161,193,183,406.668,406.668,,
2012-05-25,459,197,1175,229,907,234,1171,194,181,410.044,410.044,,
2012-05-28,459,197,1175,229,907,234,1171,194,181,410.044,410.044,,
2012-05-29,461,197,1185,230,924,235,1176,196,182,410.532,410.531,,
2012-05-30,473,208,1244,238,946,242,1207,202,189,422.13,422.13,,
2012-05-31,480,216,1236,244,948,249,1209,207,191,428.977,428.977,,
2012-06-01,488,226,1249,252,951,256,1221,211,198,440.563,440.563,,
2012-06-04,478,217,1211,245,949,250,1196,206,195,433.26,433.26,,
2012-06-05,462,208,1165,235,881,238,1156,191,188,422.37,422.37,,
2012-06-06,443,193,1117,222,878,226,1105,177,180,402.781,402.781,,
2012-06-07,444,189,1170,222,878,224,1108,180,177,397.573,397.573,,
2012-06-08,443,190,1167,222,878,223,1106,177,178,397.378,397.378,,
2012-06-11,451,195,1199,227,879,227,1133,182,179,401.029,401.029,,
2012-06-12,441,188,1131,217,875,217,1127,170,180,392.712,392.712,,
2012-06-13,440,189,1111,216,876,218,1132,165,181,393.186,393.186,,
2012-06-14,437,184,1088,214,876,215,1129,164,179,390.835,390.835,,
2012-06-15,428,176,1077,204,875,206,1121,155,171,382.044,382.044,,
2012-06-18,434,182,1094,212,878,211,1130,163,175,386.263,386.263,,
2012-06-19,430,180,1079,211,877,211,1106,163,171,381.454,381.454,,
2012-06-20,432,180,1078,211,891,213,1113,164,172,380.401,380.401,,
2012-06-21,440,183,1111,212,892,214,1161,167,171,385.595,385.595,,
2012-06-22,436,176,1103,207,891,209,1162,162,169,381.871,381.871,,
2012-06-25,445,182,1128,213,893,216,1185,169,169,390.317,390.317,,
2012-06-26,442,180,1112,212,892,214,1174,169,168,387.861,387.861,,
2012-06-27,439,181,1103,213,892,212,1162,167,170,386.098,386.098,,
2012-06-28,445,184,1120,218,893,213,1181,168,173,391.39,391.391,,
2012-06-29,428,174,1088,208,892,202,1129,158,167,374.167,374.167,,
2012-07-02,431,182,1071,213,887,206,1121,165,170,377.745,377.745,,
2012-07-03,419,174,1044,204,877,198,1089,158,168,365.155,365.155,,
2012-07-04,419,174,1044,204,877,198,1089,158,168,365.155,365.155,,
2012-07-05,420,174,1053,204,870,198,1092,157,172,365.419,365.419,,
2012-07-06,425,179,1080,208,872,200,1105,160,172,370.244,370.244,,
2012-07-09,424,180,1090,208,864,195,1115,158,172,372.092,372.092,,
2012-07-10,424,176,1108,211,864,192,1121,155,169,371.205,371.205,,
2012-07-11,420,165,1098,208,863,187,1118,151,172,366.817,366.817,,
2012-07-12,419,162,1097,206,864,189,1115,151,170,365.769,365.769,,
2012-07-13,412,157,1075,203,847,185,1089,147,168,357.937,357.937,,
2012-07-16,409,156,1079,201,850,184,1084,143,171,354.076,354.076,,
2012-07-17,403,151,1066,195,849,180,1071,139,170,346.994,346.994,,
2012-07-18,407,153,1084,199,851,181,1083,143,169,350.006,350.006,,
2012-07-19,404,150,1088,197,834,177,1083,140,165,345.348,345.348,,
2012-07-20,412,155,1114,198,836,180,1114,145,166,351.733,351.733,,
2012-07-23,419,158,1128,204,837,182,1139,151,171,362.279,362.279,,
2012-07-24,427,165,1147,210,854,188,1161,159,172,370.209,370.21,,
2012-07-25,426,165,1136,210,853,190,1154,160,173,368.874,368.874,,
2012-07-26,421,162,1116,206,852,189,1138,156,170,361.37,361.37,,
2012-07-27,403,146,1082,189,847,175,1099,143,158,343.877,343.877,,
2012-07-30,402,148,1085,182,851,175,1100,142,160,344.806,344.806,,
2012-07-31,398,145,1087,183,852,176,1099,140,154,341.371,341.371,,
2012-08-01,388,136,1075,175,849,171,1074,128,152,333.282,333.282,,
2012-08-02,392,142,1083,182,851,176,1067,136,153,337.811,337.811,,
2012-08-03,376,130,1050,174,831,169,1014,129,143,323.655,323.655,,
2012-08-06,375,131,1051,173,832,167,1015,129,143,321.103,321.103,,
2012-08-07,371,124,1040,168,827,162,1016,124,141,315.284,315.284,,
2012-08-08,369,122,1031,163,825,159,1019,122,139,315.118,315.118,,
2012-08-09,372,125,1048,165,825,159,1032,123,138,316.83,316.83,,
2012-08-10,378,130,1059,169,827,163,1049,126,139,322.854,322.854,,
2012-08-13,377,131,1051,168,827,163,1048,126,139,322.44,322.44,,
2012-08-14,375,130,1040,165,825,161,1040,125,138,318.536,318.536,,
2012-08-15,368,126,1032,162,796,159,1009,124,139,313.461,313.461,,
2012-08-16,368,126,1010,164,795,163,993,127,137,313.476,313.476,,
2012-08-17,370,132,1013,165,795,166,997,129,137,315.628,315.629,,
2012-08-20,372,134,1025,167,796,166,999,129,139,314.954,314.954,,
2012-08-21,369,131,1014,165,770,166,993,128,137,312.912,312.912,,
2012-08-22,372,137,1023,168,774,170,992,128,139,317.384,317.384,,
2012-08-23,375,139,1027,171,775,173,998,131,142,318.254,318.254,,
2012-08-24,375,137,1023,173,774,173,998,131,144,317.962,317.962,,
2012-08-27,377,140,1027,176,775,176,993,135,143,320.462,320.461,,
2012-08-28,376,139,1024,172,775,177,989,132,147,319.298,319.298,,
2012-08-29,375,136,1038,172,783,177,981,133,143,316.573,316.573,,
2012-08-30,378,139,1064,173,786,179,993,130,147,319.785,319.785,,
2012-08-31,381,145,1051,179,791,186,1001,137,146,325.448,325.448,,
2012-10-01,363,126,880,159,743,168,934,129,139,303.791,303.791,,
2012-10-02,365,124,882,156,743,167,959,124,139,303.68,303.68,,
2012-10-03,362,121,879,154,743,164,958,119,134,299.943,299.943,,
2012-10-04,358,113,856,149,751,158,960,114,134,295.278,295.278,,
2012-10-05,348,106,842,143,748,151,935,106,131,287.382,287.382,,
2012-10-08,348,106,842,143,748,151,935,106,131,287.382,287.382,,
2012-10-09,361,107,888,145,748,153,1002,108,129,294.876,294.876,,
2012-10-10,364,111,908,149,756,156,1003,113,128,297.011,297.011,,
2012-10-11,362,114,891,151,756,158,983,112,129,294.838,294.838,,
2012-10-12,358,112,870,149,765,156,973,110,128,291.829,291.829,,
2012-10-15,352,107,851,147,765,155,955,107,127,286.788,286.788,,
2012-10-16,346,101,851,142,763,149,942,102,124,279.006,279.006,,
2012-10-17,340,94,845,136,759,142,943,98,120,271.758,271.758,,
2012-10-18,336,91,845,133,767,139,928,96,117,269.746,269.746,,
2012-10-19,344,100,866,140,768,147,938,103,121,276.788,276.788,,
2012-10-22,343,98,862,140,766,147,933,104,123,276.647,276.647,,
2012-10-23,343,100,860,142,786,150,922,106,124,280.994,280.994,,
2012-10-24,344,99,858,141,786,152,923,107,127,280.301,280.301,,
2012-10-25,341,98,851,140,782,150,915,106,121,276.712,276.712,,
2012-10-26,356,111,987,150,785,160,936,115,122,287.867,287.867,,
2012-10-29,361,114,1024,152,786,163,939,119,125,292.439,292.439,,
2012-10-30,361,114,1024,152,786,163,939,119,125,292.439,292.439,,
2012-10-31,365,118,1066,154,824,166,959,122,126,295.76,295.76,,
2012-11-01,363,114,1127,148,824,162,956,117,127,292.526,292.526,,
2012-11-02,363,113,1158,149,824,160,953,117,125,291.803,291.803,,
2012-11-05,360,115,1115,143,826,161,944,115,127,290.496,290.496,,
2012-11-06,354,110,1092,139,804,157,932,109,126,284.425,284.425,,
2012-11-07,362,121,1149,144,808,165,939,116,132,292.634,292.634,,
2012-11-08,367,124,1165,149,809,168,952,120,130,295.322,295.322,,
2012-11-09,371,126,1209,151,809,170,959,122,135,298.449,298.449,,
2012-11-12,371,126,1209,151,809,170,959,122,135,298.449,298.449,,
2012-11-13,377,128,1222,157,810,174,975,126,139,302.036,302.036,,
2012-11-14,380,131,1233,161,810,176,978,129,142,303.928,303.928,,
2012-11-15,383,133,1275,164,811,177,981,130,146,306.149,306.149,,
2012-11-16,381,133,1264,162,811,176,974,129,147,307.048,307.048,,
2012-11-19,374,130,1171,159,810,174,956,130,144,302.167,302.167,,
2012-11-20,371,124,1159,155,809,170,951,127,142,297.39,297.39,,
2012-11-21,366,122,1147,151,807,168,938,125,139,294.037,294.037,,
2012-11-22,366,122,1147,151,807,168,938,125,139,294.037,294.037,,
2012-11-23,366,122,1147,151,807,168,938,125,139,294.037,294.037,,
2012-11-26,370,124,1348,152,826,169,927,126,139,295.25,295.25,,
2012-11-27,362,123,1315,152,827,167,885,125,140,290.547,290.547,,
2012-11-28,362,122,1340,153,828,169,883,122,140,291.078,291.078,,
2012-11-29,357,120,1168,150,828,167,880,121,140,286.979,286.978,,
2012-11-30,355,122,1140,152,829,169,880,124,130,286.639,286.639,,
2012-12-03,352,123,1144,153,829,169,858,123,129,284.354,284.354,,
2012-12-04,347,125,1107,154,830,170,831,122,129,283.184,283.184,,
2012-12-05,347,124,1076,157,830,170,832,124,129,284.583,284.583,,
2012-12-06,342,126,1079,156,831,171,796,125,129,283.168,283.168,,
2012-12-07,342,122,1066,153,830,168,814,123,127,281.655,281.655,,
2012-12-10,333,124,1047,153,830,169,764,122,127,278.438,278.438,,
2012-12-11,333,121,1041,151,830,167,769,121,128,276.73,276.73,,
2012-12-12,328,115,1036,146,829,161,764,118,123,271.517,271.517,,
2012-12-13,328,116,1037,145,827,160,770,116,121,270.982,270.982,,
2012-12-14,328,118,1024,145,828,162,771,116,122,272.331,272.331,,
2012-12-17,328,112,1023,139,826,156,796,111,120,269.835,269.835,,
2012-12-18,324,108,1006,136,823,151,791,108,118,264.305,264.305,,
2012-12-19,324,109,1000,135,823,152,790,109,119,264.465,264.465,,
2012-12-20,324,111,997,136,823,152,791,109,119,264.211,264.211,,
2012-12-21,330,115,1014,141,824,157,800,113,120,268.167,268.167,,
2012-12-24,328,113,1012,139,823,155,799,111,120,266.629,266.629,,
2012-12-25,328,113,1012,139,823,155,799,111,120,266.629,266.629,,
2012-12-26,329,114,1013,140,823,156,800,112,116,267.438,267.438,,
2012-12-27,332,118,1014,144,825,160,800,116,118,270.593,270.593,,
2012-12-28,332,120,1002,146,825,161,798,117,117,270.999,270.999,,
2012-12-31,326,114,991,140,826,155,786,112,116,265.777,265.777,,
2013-01-01,326,114,991,140,826,155,786,112,116,265.777,265.777,,
2013-01-02,311,105,949,134,767,148,737,105,111,254.15,254.15,,
2013-01-03,302,100,935,134,765,144,705,102,107,245.424,245.424,,
2013-01-04,304,100,943,134,764,145,712,104,106,247.285,247.285,,
2013-01-07,313,103,966,139,765,150,742,108,107,251.606,251.606,,
2013-01-08,323,108,1020,143,766,153,770,115,114,259.137,259.137,,
2013-01-09,327,110,1037,145,757,157,783,117,115,262.851,262.851,,
2013-01-10,323,109,1080,143,746,154,761,115,113,259.93,259.93,,
2013-01-11,326,111,1094,144,746,157,774,118,114,265.067,265.067,,
2013-01-14,326,111,1087,141,747,155,783,114,117,264.198,264.198,,
2013-01-15,328,112,1088,144,710,158,780,113,120,266.003,266.003,,
2013-01-16,327,111,1077,146,709,157,779,112,117,266.305,266.305,,
2013-01-17,323,108,1062,143,707,154,774,107,115,261.903,261.903,,
2013-01-18,325,110,1070,144,708,155,776,107,117,264.348,264.348,,
2013-01-21,325,110,1070,144,708,155,776,107,117,264.348,264.348,,
2013-01-22,325,111,1070,145,708,156,773,109,117,264.892,264.892,,
2013-01-23,323,111,1100,146,708,157,754,113,117,264.002,264.002,,
2013-01-24,323,110,1106,148,708,157,753,113,118,263.021,263.021,,
2013-01-25,317,106,1113,143,703,152,739,109,113,255.545,255.545,,
2013-01-28,317,109,1110,144,701,153,736,113,113,256.504,256.504,,
2013-01-29,317,112,1101,146,702,156,722,117,116,257.582,257.582,,
2013-01-30,321,121,1101,150,703,159,728,124,119,263.607,263.607,,
2013-01-31,328,129,1102,154,704,165,746,132,124,270.735,270.735,,
2013-02-01,323,126,1082,150,704,163,729,129,124,268.559,268.559,,
2013-02-04,327,127,1092,154,706,168,733,133,126,276.628,276.628,,
2013-02-05,324,121,1089,152,704,166,727,127,126,274.104,274.104,,
2013-02-06,327,123,1124,155,705,168,725,129,130,276.916,276.916,,
2013-02-07,325,124,1102,156,705,167,717,125,131,275.464,275.464,,
2013-02-08,321,122,1077,155,705,165,705,122,129,272.061,272.061,,
2013-02-11,322,124,1089,156,704,166,704,123,131,272.814,272.814,,
2013-02-12,328,122,1111,156,703,165,741,123,129,273.888,273.888,,
2013-02-13,325,119,1098,154,699,163,731,124,129,271.578,271.578,,
2013-02-14,326,122,1093,156,710,167,725,127,130,274.938,274.938,,
2013-02-15,327,124,1098,157,710,168,723,128,132,274.728,274.728,,
2013-02-18,327,124,1098,157,710,168,723,128,132,274.728,274.728,,
2013-02-19,325,121,1100,158,700,167,715,128,133,273.068,273.068,,
2013-02-20,331,128,1104,168,700,172,717,134,136,277.359,277.359,,
2013-02-21,338,131,1132,171,701,175,742,138,139,284.327,284.327,,
2013-02-22,339,132,1131,171,702,176,741,140,141,285.448,285.448,,
2013-02-25,342,138,1137,173,704,179,746,143,142,288.952,288.952,,
2013-02-26,343,139,1115,176,704,182,743,143,144,290.45,290.45,,
2013-02-27,340,136,1114,173,703,179,737,141,141,286.838,286.838,,
2013-02-28,342,138,1287,178,704,180,737,141,140,288.333,288.333,,
2013-03-01,343,141,1218,182,705,181,738,143,142,290.051,290.051,,
2013-03-04,339,139,1208,178,704,179,732,140,142,287.155,287.155,,
2013-03-05,336,132,1198,171,703,175,734,135,141,284.293,284.293,,
2013-03-06,336,128,1177,167,701,171,762,129,139,281.996,281.996,,
2013-03-07,339,125,1171,166,700,168,789,126,137,281.505,281.505,,
2013-03-08,335,125,1160,166,699,169,768,128,135,278.915,278.915,,
2013-03-11,335,127,1157,169,699,170,759,131,136,280.244,280.244,,
2013-03-12,333,131,1136,169,699,170,749,132,138,281.304,281.304,,
2013-03-13,336,135,1149,176,697,171,749,136,140,282.945,282.945,,
2013-03-14,335,134,1157,173,697,171,748,136,139,282.925,282.924,,
2013-03-15,343,144,1183,178,698,176,761,144,141,287.513,287.513,,
2013-03-18,347,147,1180,179,699,179,776,147,144,292.034,292.034,,
2013-03-19,357,152,1205,188,700,184,801,152,149,300.074,300.074,,
2013-03-20,353,149,1202,186,699,181,787,150,149,296.846,296.846,,
2013-03-21,355,150,1217,188,698,183,791,150,150,298.136,298.136,,
2013-03-22,357,148,1219,193,698,184,792,153,153,300.215,300.215,,
2013-03-25,356,147,1261,190,699,184,786,152,154,300.14,300.14,,
2013-03-26,357,148,1293,191,698,182,789,150,154,301.072,301.072,,
2013-03-27,362,150,1337,192,699,184,806,150,156,307.728,307.728,,
2013-03-28,358,147,1307,190,700,182,797,147,153,307.347,307.347,,
2013-03-29,358,147,1307,190,700,182,797,147,153,307.347,307.347,,
2013-04-01,359,148,1321,192,700,183,798,148,153,308.139,308.139,,
2013-04-02,354,142,1306,189,699,179,791,141,150,303.47,303.47,,
2013-04-03,355,141,1262,187,680,176,809,138,151,304.948,304.948,,
2013-04-04,349,133,1254,182,681,169,808,133,145,301.772,301.772,,
2013-04-05,347,136,1271,182,680,168,796,133,143,296.998,296.998,,
2013-04-08,340,132,1257,179,680,165,777,127,140,288.449,288.449,,
2013-04-09,334,130,1233,176,679,163,755,126,139,285.684,285.684,,
2013-04-10,331,126,1219,171,677,159,754,123,138,281.849,281.849,,
2013-04-11,330,125,1205,167,677,157,761,124,137,280.473,280.473,,
2013-04-12,335,128,1167,170,679,161,779,127,141,285.266,285.266,,
2013-04-15,343,130,1159,175,679,165,811,130,145,289.672,289.672,,
2013-04-16,355,128,1165,174,678,163,898,127,143,294.891,294.891,,
2013-04-17,355,129,1186,175,677,164,890,127,146,297.185,297.185,,
2013-04-18,354,131,1204,179,677,170,858,131,150,298.703,298.703,,
2013-04-19,349,130,1209,178,676,171,825,132,149,296.671,296.671,,
2013-04-22,349,130,1216,175,677,171,823,134,148,296.594,296.594,,
2013-04-23,347,129,1212,174,677,170,820,133,144,293.553,293.552,,
2013-04-24,349,131,1212,177,676,171,824,135,143,293.719,293.719,,
2013-04-25,351,133,1210,174,676,170,845,135,142,293.721,293.721,,
2013-04-26,353,137,1215,175,677,173,845,136,143,296.838,296.838,,
2013-04-29,350,135,1212,173,668,171,833,132,143,294.37,294.37,,
2013-04-30,346,132,1210,173,647,169,821,131,141,291.271,291.271,,
2013-05-01,347,129,1215,172,647,169,832,126,140,291.718,291.718,,
2013-05-02,344,125,1205,171,647,167,827,121,139,287.733,287.733,,
2013-05-03,339,122,1204,166,645,163,814,121,135,279.343,279.343,,
2013-05-06,337,122,1205,164,644,162,809,122,134,278.535,278.535,,
2013-05-07,336,121,1208,163,643,161,807,121,134,277.714,277.714,,
2013-05-08,339,121,1203,166,642,161,819,124,134,279.534,279.534,,
2013-05-09,335,116,1194,163,642,156,821,121,132,275.587,275.587,,
2013-05-10,337,112,1193,162,639,153,842,118,129,275.183,275.183,,
2013-05-13,340,115,1191,167,639,155,846,124,132,278.563,278.563,,
2013-05-14,336,112,1177,164,638,151,835,122,131,276.034,276.034,,
2013-05-15,341,120,1186,170,638,157,841,128,131,280.421,280.421,,
2013-05-16,346,131,1184,179,639,166,829,135,136,285.769,285.769,,
2013-05-17,340,131,1157,177,637,163,802,132,133,276.589,276.589,,
2013-05-20,345,135,1148,178,637,166,826,134,135,280.06,280.06,,
2013-05-21,348,142,1149,183,637,170,821,139,136,284.752,284.752,,
2013-05-22,342,134,1127,181,635,165,807,136,136,277.674,277.674,,
2013-05-23,351,146,1141,191,635,176,814,145,139,288.129,288.129,,
2013-05-24,355,149,1144,193,634,178,820,148,141,292.174,292.174,,
2013-05-27,355,149,1144,193,634,178,820,148,141,292.174,292.174,,
2013-05-28,357,156,1128,198,629,182,815,151,144,291.4,291.4,,
2013-05-29,370,165,1148,205,627,192,845,168,147,305.738,305.738,,
2013-05-30,372,164,1158,201,628,192,859,163,150,306.9,306.9,,
2013-05-31,376,159,1167,208,626,196,878,167,153,306.872,306.872,,
2013-06-03,385,161,1169,210,628,199,917,170,157,315.817,315.817,,
2013-06-04,387,157,1183,209,628,196,938,165,156,314.881,314.881,,
2013-06-05,396,162,1195,215,628,200,969,169,161,324.734,324.734,,
2013-06-06,403,171,1204,223,628,206,979,173,165,333.815,333.815,,
2013-06-07,390,162,1187,217,625,196,932,164,163,324.93,324.93,,
2013-06-10,396,165,1188,226,623,199,943,170,167,330.061,330.061,,
2013-06-11,417,181,1198,242,654,217,984,188,183,350.277,350.277,,
2013-06-12,412,170,1199,232,651,207,1001,174,177,343.905,343.905,,
2013-06-13,392,162,1192,217,631,192,939,159,168,334.191,334.191,,
2013-06-14,395,165,1197,221,636,197,941,164,169,329.898,329.898,,
2013-06-17,400,161,1198,220,637,195,983,162,168,329.2,329.2,,
2013-06-18,408,172,1221,228,637,201,1002,170,172,338.316,338.316,,
2013-06-19,420,182,1213,237,630,211,1039,178,177,337.681,337.681,,
2013-06-20,445,199,1227,255,648,230,1095,193,197,366.761,366.761,,
2013-06-21,444,191,1223,258,664,230,1088,195,199,369.576,369.576,,
2013-06-24,460,212,1229,270,661,247,1105,208,207,395.316,395.316,,
2013-06-25,449,211,1221,260,660,242,1063,204,203,381.916,381.916,,
2013-06-26,436,206,1219,254,662,235,1002,202,189,369.977,369.977,,
2013-06-27,428,205,1215,249,665,230,975,199,183,360.336,360.336,,
2013-06-28,424,201,1199,243,665,223,976,193,180,353.42,353.42,,
2013-07-01,413,192,1189,239,665,213,953,183,177,347.599,347.599,,
2013-07-02,413,186,1199,241,665,211,962,178,178,341.317,341.316,,
2013-07-03,417,191,1204,244,664,214,972,183,179,346.527,346.527,,
2013-07-04,417,191,1204,244,664,214,972,183,179,346.527,346.527,,
2013-07-05,410,185,1188,241,658,211,957,180,183,336.036,336.036,,
2013-07-08,416,189,1194,247,663,217,960,189,181,349.283,349.283,,
2013-07-09,421,189,1194,248,662,215,991,189,182,350.427,350.427,,
2013-07-10,422,184,1205,244,659,211,1025,182,176,352.311,352.311,,
2013-07-11,426,188,1194,246,664,219,1020,185,183,356.28,356.28,,
2013-07-12,421,180,1188,240,662,212,1017,177,181,349.923,349.923,,
2013-07-15,413,175,1164,230,664,204,1008,162,177,346.202,346.202,,
2013-07-16,408,174,1142,228,665,197,999,157,175,342.051,342.051,,
2013-07-17,397,166,1139,219,667,188,972,151,169,334.338,334.338,,
2013-07-18,381,157,1052,210,622,181,924,144,163,320.302,320.302,,
2013-07-19,387,160,1075,213,623,185,946,147,159,325.177,325.177,,
2013-07-22,385,156,1040,214,622,186,940,148,156,321.033,321.033,,
2013-07-23,381,153,1025,214,621,185,923,148,154,318.779,318.779,,
2013-07-24,384,157,1063,217,617,185,931,155,153,320.124,320.124,,
2013-07-25,389,163,1092,223,618,189,937,159,156,327.73,327.73,,
2013-07-26,399,172,1107,235,621,197,952,168,161,331.728,331.728,,
2013-07-29,403,175,1139,238,621,199,961,173,161,332.615,332.615,,
2013-07-30,405,178,1130,241,620,202,965,177,159,336.55,336.55,,
2013-07-31,406,180,1112,241,620,202,966,181,160,342.988,342.988,,
2013-08-01,400,179,1095,238,617,198,950,181,158,333.789,333.789,,
2013-08-02,403,179,1101,241,621,200,944,183,162,341.86,341.86,,
2013-08-05,399,176,1094,238,620,199,936,178,161,337.88,337.88,,
2013-08-06,396,179,1069,238,619,196,929,172,162,338.272,338.272,,
2013-08-07,404,183,1067,242,617,200,952,176,168,345.899,345.9,,
2013-08-08,402,183,1052,239,618,201,940,176,168,344.179,344.179,,
2013-08-09,402,186,1036,241,617,204,937,176,170,344.497,344.497,,
2013-08-12,398,183,1032,236,617,202,923,173,170,340.505,340.505,,
2013-08-13,391,177,1020,228,613,195,916,169,167,334.354,334.354,,
2013-08-14,391,181,1018,232,613,193,917,171,168,335.902,335.902,,
2013-08-15,393,185,1019,234,611,193,918,176,168,337.905,337.905,,
2013-08-16,391,188,1017,237,610,194,907,177,166,338.167,338.167,,
2013-08-19,402,193,1034,246,631,205,929,185,171,347.003,347.003,,
2013-08-20,411,197,1039,247,656,207,960,187,174,358.112,358.112,,
2013-08-21,418,200,1043,252,652,214,981,192,177,360.739,360.739,,
2013-08-22,413,196,1023,244,648,210,970,188,172,359.54,359.54,,
2013-08-23,419,199,1072,248,650,216,973,189,177,363.519,363.519,,
2013-08-26,420,199,1075,248,651,216,979,188,177,364.408,364.408,,
2013-08-27,433,208,1120,255,653,223,1015,195,184,376.344,376.344,,
2013-08-28,432,206,1127,253,648,222,1016,195,181,376.006,376.006,,
2013-08-29,435,208,1163,257,649,224,1014,200,184,377.667,377.667,,
2013-08-30,432,207,1170,257,649,222,1017,198,182,375.111,375.111,,
2013-10-01,412,180,1039,242,626,207,1021,185,168,352.378,352.378,,
2013-10-02,420,179,1029,241,627,209,1076,187,167,355.475,355.475,,
2013-10-03,422,180,1019,241,627,211,1094,185,167,357.318,357.318,,
2013-10-04,411,177,1005,238,626,207,1036,180,164,349.179,349.179,,
2013-10-07,408,175,997,236,624,207,1021,179,163,347.515,347.515,,
2013-10-08,406,172,979,232,620,205,1030,176,162,345.814,345.814,,
2013-10-09,405,169,971,230,620,203,1039,174,162,342.891,342.891,,
2013-10-10,399,168,919,227,621,201,1019,170,161,339.03,339.03,,
2013-10-11,396,166,904,222,622,197,1022,166,162,337.131,337.131,,
2013-10-14,396,166,904,222,622,197,1022,166,162,337.131,337.131,,
2013-10-15,391,161,887,216,621,193,1017,162,160,330.757,330.757,,
2013-10-16,399,165,908,219,622,198,1047,166,160,334.592,334.592,,
2013-10-17,401,171,904,222,624,201,1044,167,163,335.063,335.063,,
2013-10-18,393,168,851,213,503,192,1045,161,159,328.924,328.924,,
2013-10-21,392,169,842,217,503,193,1042,160,158,327.347,327.347,,
2013-10-22,397,175,859,220,504,193,1054,164,160,331.825,331.825,,
2013-10-23,396,174,873,220,502,193,1045,166,160,329.401,329.401,,
2013-10-24,399,175,896,222,502,198,1044,169,161,329.815,329.815,,
2013-10-25,398,179,891,225,502,201,1023,173,164,331.489,331.489,,
2013-10-28,397,179,881,226,501,201,1016,173,164,330.966,330.966,,
2013-10-29,399,178,909,226,500,200,1028,173,163,335.067,335.067,,
2013-10-30,394,174,921,223,499,195,1014,168,162,331.56,331.56,,
2013-10-31,390,176,921,229,499,196,1014,170,161,327.514,327.514,,
2013-11-01,394,176,892,234,523,200,1029,171,161,329.428,329.428,,
2013-11-04,394,175,875,233,523,201,1031,171,161,333.501,333.501,,
2013-11-05,399,176,841,236,523,204,1057,174,164,337.594,337.594,,
2013-11-06,402,177,841,238,522,207,1067,178,164,340.954,340.954,,
2013-11-07,413,182,838,244,523,212,1111,184,164,345.438,345.438,,
2013-11-08,413,182,825,248,520,213,1115,185,163,345.74,345.74,,
2013-11-11,413,182,825,248,520,213,1115,185,163,345.74,345.74,,
2013-11-12,432,189,831,252,518,216,1237,190,164,358.495,358.495,,
2013-11-13,434,189,839,252,518,217,1238,190,166,360.97,360.97,,
2013-11-14,429,182,829,247,519,212,1223,184,164,357.801,357.801,,
2013-11-15,421,179,813,245,519,209,1182,180,163,351.306,351.306,,
2013-11-18,421,179,807,244,544,207,1189,179,161,348.4,348.4,,
2013-11-19,426,179,829,248,544,206,1230,179,162,349.858,349.858,,
2013-11-20,421,178,806,248,544,204,1203,180,163,345.983,345.983,,
2013-11-21,424,181,791,248,544,208,1209,183,164,351.512,351.513,,
2013-11-22,420,183,790,250,542,209,1162,185,163,348.985,348.984,,
2013-11-25,421,190,803,255,540,211,1142,188,164,347.884,347.884,,
2013-11-26,428,194,789,257,539,213,1185,190,167,354.077,354.077,,
2013-11-27,427,193,776,256,539,211,1221,190,171,355.003,355.003,,
2013-11-28,427,193,776,256,539,211,1221,190,171,355.003,355.003,,
2013-11-29,427,193,776,256,539,211,1221,190,171,355.003,355.003,,
2013-12-02,433,193,777,263,539,212,1262,190,169,358.237,358.237,,
2013-12-03,435,195,795,268,539,214,1258,193,172,361.48,361.48,,
2013-12-04,433,193,805,266,537,210,1248,193,169,358.672,358.672,,
2013-12-05,428,191,798,264,536,208,1215,193,169,355.061,355.061,,
2013-12-06,421,188,780,255,535,202,1200,188,165,351.4,351.4,,
2013-12-09,417,187,775,254,534,200,1176,189,164,349.222,349.222,,
2013-12-10,416,189,782,254,535,202,1156,187,167,348.878,348.878,,
2013-12-11,415,184,783,251,533,198,1168,184,166,344.967,344.967,,
2013-12-12,407,177,791,244,530,192,1143,177,163,340.493,340.493,,
2013-12-13,400,176,804,243,530,189,1103,174,160,337.49,337.49,,
2013-12-16,394,173,806,241,529,186,1070,172,159,332.99,332.99,,
2013-12-17,406,177,824,247,530,193,1126,178,162,338.389,338.389,,
2013-12-18,404,171,824,243,527,189,1131,176,159,336.283,336.283,,
2013-12-19,398,168,822,237,524,187,1114,174,155,331.142,331.142,,
2013-12-20,399,173,826,238,522,189,1119,173,150,333.04,333.04,,
2013-12-23,396,170,823,235,534,185,1116,170,150,329.99,329.99,,
2013-12-24,392,163,817,229,531,179,1123,164,147,325.093,325.093,,
2013-12-25,392,163,817,229,531,179,1123,164,147,324.619,325.093,,
2013-12-26,391,162,816,228,531,178,1123,163,147,324.619,324.619,,
2013-12-27,394,163,809,231,531,178,1141,164,147,327.754,327.754,,
2013-12-30,396,166,812,234,532,181,1144,167,149,330.751,330.751,,
2013-12-31,393,162,808,230,530,177,1141,163,148,327.178,327.178,,
2014-01-01,393,162,808,230,530,177,1141,163,148,327.178,327.178,,
2014-01-02,395,165,800,235,530,182,1131,169,148,331.169,331.169,,
2014-01-03,393,164,793,235,528,181,1125,167,147,328.513,328.513,,
2014-01-06,398,166,796,241,555,184,1143,170,148,330.319,330.319,,
2014-01-07,405,168,836,249,554,189,1162,172,148,333.056,333.056,,
2014-01-08,404,166,840,251,550,187,1157,171,146,330.726,330.726,,
2014-01-09,403,164,867,250,550,187,1140,171,148,332.357,332.357,,
2014-01-10,413,170,914,254,568,194,1171,177,151,339.534,339.534,,
2014-01-13,417,172,937,255,569,197,1181,178,153,342.339,342.339,,
2014-01-14,412,167,911,253,567,193,1172,174,153,337.86,337.86,,
2014-01-15,405,163,901,247,564,190,1150,168,151,333.185,333.185,,
2014-01-16,415,166,926,249,564,192,1210,172,151,337.497,337.497,,
2014-01-17,419,168,941,252,565,193,1229,174,151,340.055,340.055,,
2014-01-20,419,168,941,252,565,193,1229,174,151,340.055,340.055,,
2014-01-21,422,169,920,251,565,193,1255,177,151,340.893,340.893,,
2014-01-22,428,176,952,255,561,195,1281,184,151,342.327,342.327,,
2014-01-23,442,190,996,266,578,204,1323,196,158,358.057,358.056,,
2014-01-24,451,193,1043,269,592,209,1348,202,166,367.565,367.565,,
2014-01-27,450,193,1018,269,606,209,1341,202,165,366.413,366.413,,
2014-01-28,447,194,983,269,607,209,1316,201,165,363.904,363.904,,
2014-01-29,460,201,1037,278,604,219,1354,209,167,374.628,374.628,,
2014-01-30,463,201,1067,278,604,219,1372,209,169,376.789,376.789,,
2014-01-31,479,202,1085,278,605,219,1400,208,172,389.861,389.861,,
2014-02-03,488,210,1103,284,608,227,1418,214,177,396.511,396.511,,
2014-02-04,475,200,1056,275,607,217,1376,204,175,384.458,384.458,,
2014-02-05,470,191,1018,266,605,206,1411,197,167,378.813,378.813,,
2014-02-06,468,188,984,260,604,200,1443,192,163,374.897,374.897,,
2014-02-07,456,183,961,259,605,195,1367,188,161,370.004,370.004,,
2014-02-10,461,182,984,262,604,195,1404,192,161,372.371,372.371,,
2014-02-11,456,178,972,260,602,192,1391,190,158,367.118,367.118,,
2014-02-12,450,174,974,259,600,189,1359,187,156,363.053,363.053,,
2014-02-13,455,178,970,260,617,192,1388,184,158,369.149,369.148,,
2014-02-14,456,177,951,259,616,191,1411,183,156,367.49,367.49,,
2014-02-17,456,177,951,259,616,191,1411,183,156,367.49,367.49,,
2014-02-18,466,178,972,261,617,193,1482,186,156,371.512,371.513,,
2014-02-19,464,178,986,254,615,190,1490,183,156,370.927,370.927,,
2014-02-20,459,178,961,252,614,190,1453,185,156,367.179,367.179,,
2014-02-21,454,177,951,249,614,191,1418,186,156,363.459,363.459,,
2014-02-24,444,173,928,241,613,187,1366,178,154,354.598,354.598,,
2014-02-25,441,178,924,246,613,191,1317,181,156,356.688,356.688,,
2014-02-26,446,182,927,251,610,195,1325,186,156,359.483,359.483,,
2014-02-27,438,182,917,248,610,193,1281,182,153,355.247,355.247,,
2014-02-28,424,181,907,251,609,195,1255,184,151,344.237,344.237,,
2014-03-03,433,184,926,258,611,199,1294,191,154,357.974,357.974,,
2014-03-04,416,173,917,245,608,187,1235,177,150,342.043,342.043,,
2014-03-05,414,166,929,236,607,182,1255,172,148,340.563,340.563,,
2014-03-06,409,164,905,233,576,178,1246,170,145,336.358,336.358,,
2014-03-07,403,163,899,235,574,177,1204,170,143,334.17,334.17,,
2014-03-10,407,162,900,237,573,178,1230,172,145,338.316,338.316,,
2014-03-11,409,162,903,242,573,182,1217,175,148,341.211,341.211,,
2014-03-12,409,163,904,244,558,185,1202,173,152,345.858,345.858,,
2014-03-13,418,168,926,251,560,194,1219,182,154,354.924,354.924,,
2014-03-14,417,168,914,251,544,195,1207,183,156,354.811,354.811,,
2014-03-17,413,165,883,246,525,193,1209,181,153,349.586,349.586,,
2014-03-18,414,166,883,239,531,191,1232,178,154,349.161,349.161,,
2014-03-19,411,164,873,235,519,189,1239,177,149,338.907,338.907,,
2014-03-20,413,168,861,238,535,194,1232,182,150,343.74,343.74,,
2014-03-21,407,168,849,237,535,195,1183,181,150,343.42,343.42,,
2014-03-24,402,173,850,239,533,196,1130,185,149,342.009,342.009,,
2014-03-25,396,168,846,233,528,191,1114,179,150,336.389,336.389,,
2014-03-26,394,168,851,227,519,187,1122,174,148,334.143,334.143,,
2014-03-27,389,168,837,227,507,184,1111,171,147,328.721,328.721,,
2014-03-28,392,166,824,229,506,182,1152,171,144,326.898,326.898,,
2014-03-31,393,165,799,230,508,182,1165,168,143,323.523,323.523,,
2014-04-01,386,155,802,225,498,173,1167,160,139,317.236,317.236,,
2014-04-02,384,153,794,226,503,172,1153,161,137,315.029,315.029,,
2014-04-03,381,156,782,227,504,173,1128,161,138,316.488,316.488,,
2014-04-04,378,156,754,226,506,174,1105,161,140,315.187,315.187,,
2014-04-07,379,156,775,228,501,174,1099,158,141,319.242,319.242,,
2014-04-08,375,157,791,227,500,177,1061,160,141,316.812,316.812,,
2014-04-09,369,155,769,228,501,176,1022,160,139,313.017,313.017,,
2014-04-10,369,154,769,226,472,179,1015,160,142,313.504,313.504,,
2014-04-11,374,156,779,228,470,183,1033,162,142,317.378,317.378,,
2014-04-14,374,154,784,229,469,182,1034,164,141,319.143,319.143,,
2014-04-15,376,157,804,230,467,185,1033,168,141,323.022,323.022,,
2014-04-16,372,156,805,227,466,184,1012,167,138,319.216,319.216,,
2014-04-17,362,148,796,218,433,176,992,158,134,309.221,309.221,,
2014-04-18,362,148,796,218,433,176,992,158,134,309.221,309.221,,
2014-04-21,358,148,796,219,433,176,962,159,135,308.37,308.37,,
2014-04-22,362,149,780,220,431,178,988,161,133,310.82,310.82,,
2014-04-23,366,156,792,224,426,182,992,164,136,314.205,314.204,,
2014-04-24,369,155,789,224,426,182,1019,165,135,316.257,316.257,,
2014-04-25,375,157,809,226,395,183,1050,166,136,322.937,322.937,,
2014-04-28,369,153,795,223,394,181,1018,164,137,318.397,318.397,,
2014-04-29,364,150,790,218,393,178,999,160,136,313.533,313.533,,
2014-04-30,366,149,786,217,361,177,1018,157,137,315.296,315.296,,
2014-05-01,366,152,778,215,361,180,1008,159,139,317.293,317.293,,
2014-05-02,365,153,787,213,344,180,1003,159,136,316.68,316.68,,
2014-05-05,366,152,781,213,344,179,1017,160,136,314.776,314.776,,
2014-05-06,364,148,781,209,343,174,1024,156,135,312.07,312.07,,
2014-05-07,358,146,752,209,342,172,998,153,135,303.383,303.383,,
2014-05-08,354,143,759,208,343,167,992,147,136,297.526,297.526,,
2014-05-09,357,143,771,211,342,168,1008,149,135,298.358,298.358,,
2014-05-12,356,139,763,210,340,165,1011,149,133,297.424,297.424,,
2014-05-13,359,140,774,210,340,167,1034,149,134,299.497,299.497,,
2014-05-14,364,143,773,212,339,169,1063,150,135,302.562,302.561,,
2014-05-15,373,151,788,219,339,174,1097,155,136,307.272,307.272,,
2014-05-16,371,152,795,217,337,174,1077,156,136,306.837,306.837,,
2014-05-19,368,149,801,216,354,170,1074,153,137,302.869,302.869,,
2014-05-20,375,153,813,221,353,175,1089,162,140,307.237,307.237,,
2014-05-21,370,151,815,217,365,172,1069,156,137,302.8,302.8,,
2014-05-22,370,153,834,220,380,172,1064,157,137,302.07,302.069,,
2014-05-23,369,153,832,220,379,173,1052,158,138,300.679,300.679,,
2014-05-26,369,153,832,220,379,173,1052,158,138,300.679,300.679,,
2014-05-27,371,155,846,221,378,174,1052,156,137,300.385,300.385,,
2014-05-28,367,156,850,218,375,173,1034,154,136,299.007,299.007,,
2014-05-29,361,152,832,211,373,166,1034,145,132,293.889,293.889,,
2014-05-30,359,150,833,214,372,165,1031,147,129,292.539,292.539,,
2014-06-02,357,147,839,213,370,163,1025,144,126,288.719,288.719,,
2014-06-03,356,144,833,211,369,163,1028,144,125,287.564,287.564,,
2014-06-04,356,142,819,213,367,163,1033,145,124,289.319,289.319,,
2014-06-05,349,141,796,211,367,162,991,142,124,285.909,285.909,,
2014-06-06,337,134,766,202,365,153,956,133,120,273.052,273.052,,
2014-06-09,336,132,769,200,363,151,960,133,116,270.77,270.77,,
2014-06-10,340,134,767,203,361,154,976,136,117,273.387,273.387,,
2014-06-11,347,141,754,212,360,159,994,146,117,278.318,278.318,,
2014-06-12,352,148,761,213,360,164,1000,150,123,284.962,284.962,,
2014-06-13,345,148,737,207,357,161,970,146,121,281.248,281.247,,
2014-06-16,350,151,850,211,355,164,962,150,123,286.8,286.8,,
2014-06-17,349,149,873,209,354,163,959,149,124,285.368,285.368,,
2014-06-18,343,150,797,210,385,164,926,148,124,284.836,284.836,,
2014-06-19,341,149,817,211,385,163,901,149,125,280.492,280.492,,
2014-06-20,335,150,709,211,384,163,880,149,123,280.601,280.601,,
2014-06-23,334,147,669,210,384,162,890,147,123,279.396,279.396,,
2014-06-24,336,151,676,210,383,162,903,146,123,279.415,279.415,,
2014-06-25,334,147,667,206,377,157,914,143,123,278.855,278.855,,
2014-06-26,335,148,692,206,377,158,912,142,123,281.023,281.023,,
2014-06-27,336,150,708,208,377,159,910,143,122,281.236,281.236,,
2014-06-30,340,151,724,211,376,160,938,144,123,284.968,284.968,,
2014-07-01,336,147,697,209,406,158,928,141,121,281.292,281.292,,
2014-07-02,332,144,686,209,404,154,919,140,120,276.677,276.677,,
2014-07-03,331,136,673,208,403,154,918,141,121,276.411,276.411,,
2014-07-04,331,136,673,208,403,154,918,141,121,276.411,276.411,,
2014-07-07,331,136,680,209,402,156,911,142,120,276.908,276.908,,
2014-07-08,332,144,668,210,402,160,898,144,121,277.87,277.87,,
2014-07-09,330,146,591,214,435,163,886,148,125,276.695,276.695,,
2014-07-10,334,147,593,216,437,165,907,149,125,279.647,279.647,,
2014-07-11,335,149,596,218,436,167,902,151,127,280.594,280.594,,
2014-07-14,335,148,631,216,435,167,897,151,126,279.772,279.772,,
2014-07-15,336,148,649,216,433,169,895,152,126,280.73,280.73,,
2014-07-16,337,148,644,217,430,171,900,152,126,281.509,281.509,,
2014-07-17,346,153,669,222,431,175,929,155,127,291.636,291.636,,
2014-07-18,339,147,646,214,429,167,926,147,128,286.337,286.337,,
2014-07-21,341,150,671,212,428,168,935,147,128,289.268,289.268,,
2014-07-22,338,147,667,211,428,167,928,142,126,286.893,286.893,,
2014-07-23,331,145,656,207,424,158,915,137,125,280.968,280.968,,
2014-07-24,326,144,630,205,423,158,888,138,123,275.836,275.836,,
2014-07-25,336,149,687,210,422,162,922,145,126,283.77,283.77,,
2014-07-28,340,148,707,212,421,163,941,145,124,285.141,285.141,,
2014-07-29,347,154,680,216,419,167,977,151,125,289.435,289.435,,
2014-07-30,336,149,560,208,415,161,972,142,122,279.919,279.919,,
2014-07-31,352,151,649,214,486,164,976,145,125,290.567,290.567,,
2014-08-01,365,159,701,226,493,171,1009,159,129,304.771,304.771,,
2014-08-04,368,159,730,226,494,172,1018,157,129,305.905,305.905,,
2014-08-05,375,164,724,232,495,175,1044,162,131,312.282,312.282,,
2014-08-06,374,162,682,232,495,174,1049,161,132,314.997,314.996,,
2014-08-07,377,168,696,235,501,178,1038,166,135,321.207,321.207,,
2014-08-08,377,168,698,235,504,178,1042,166,133,321.589,321.589,,
2014-08-11,376,167,694,233,503,176,1040,163,134,316.474,316.474,,
2014-08-12,377,164,720,229,501,173,1062,159,133,315.106,315.106,,
2014-08-13,376,160,744,228,504,172,1059,158,134,313.945,313.945,,
2014-08-14,373,157,774,223,476,171,1052,152,133,310.49,310.49,,
2014-08-15,374,161,801,225,481,172,1040,153,135,313.413,313.413,,
2014-08-18,369,159,783,220,477,169,1031,152,130,307.757,307.757,,
2014-08-19,368,154,764,218,475,165,1044,148,129,303.515,303.516,,
2014-08-20,369,153,790,214,472,163,1065,145,130,303.081,303.081,,
2014-08-21,374,151,813,213,474,164,1101,146,127,306.277,306.277,,
2014-08-22,379,152,821,214,474,163,1141,147,127,308.644,308.644,,
2014-08-25,378,151,820,213,475,162,1144,146,126,308.37,308.37,,
2014-08-26,374,149,803,211,475,161,1119,147,125,305.192,305.192,,
2014-08-27,370,148,806,208,432,163,1098,145,124,302.751,302.751,,
2014-08-28,371,149,804,206,414,163,1120,147,124,307.687,307.687,,
2014-08-29,369,148,808,208,412,161,1123,146,124,306.354,306.354,,
2014-10-01,426,166,753,248,500,189,1423,176,145,340.93,340.93,,
2014-10-02,420,166,735,243,491,185,1407,169,142,337.555,337.555,,
2014-10-03,424,164,738,242,489,183,1458,168,144,339.725,339.725,,
2014-10-06,428,165,750,239,500,185,1487,170,145,340.69,340.69,,
2014-10-07,434,170,768,243,504,192,1485,176,149,346.368,346.368,,
2014-10-08,430,170,751,242,496,191,1454,176,149,345.143,345.143,,
2014-10-09,431,167,754,237,496,187,1496,173,150,342.642,342.642,,
2014-10-10,439,172,771,242,505,190,1542,176,151,350.013,350.013,,
2014-10-13,439,172,771,242,505,190,1542,176,151,350.013,350.013,,
2014-10-14,454,180,798,250,515,198,1625,185,156,360.31,360.31,,
2014-10-15,474,182,844,252,595,202,1814,184,164,372.151,372.151,,
2014-10-16,470,179,833,251,605,195,1807,179,159,369.445,369.445,,
2014-10-17,454,170,799,244,547,187,1724,173,155,357.391,357.391,,
2014-10-20,455,172,792,246,542,188,1725,175,154,357.803,357.803,,
2014-10-21,459,171,779,248,543,186,1781,176,153,357.077,357.077,,
2014-10-22,457,169,762,249,537,188,1765,173,150,352.687,352.687,,
2014-10-23,451,167,747,248,529,187,1724,168,150,349.204,349.204,,
2014-10-24,455,170,745,248,529,191,1743,173,148,350.081,350.081,,
2014-10-27,455,171,736,251,524,194,1727,176,146,350.077,350.078,,
2014-10-28,441,169,722,242,514,189,1614,171,146,341.321,341.321,,
2014-10-29,431,167,712,240,497,190,1533,168,146,335.379,335.379,,
2014-10-30,430,168,713,236,498,191,1510,173,148,336.059,336.059,,
2014-10-31,424,169,703,236,495,188,1507,172,146,331.563,331.563,,
2014-11-03,424,167,682,240,490,186,1517,172,147,332.107,332.107,,
2014-11-04,437,170,686,246,532,192,1612,174,149,339.243,339.243,,
2014-11-05,439,167,674,244,538,191,1649,173,150,341.047,341.047,,
2014-11-06,443,165,672,245,559,190,1707,169,149,342.905,342.905,,
2014-11-07,454,169,663,253,561,195,1774,173,154,351.931,351.931,,
2014-11-10,454,165,664,250,557,189,1830,170,150,347.76,347.76,,
2014-11-11,454,165,664,250,557,189,1830,170,150,347.76,347.76,,
2014-11-12,458,160,658,249,556,188,1903,169,150,349.675,349.674,,
2014-11-13,464,162,660,251,572,187,1986,168,151,353.101,353.101,,
2014-11-14,465,164,664,265,570,192,1926,172,153,356.103,356.103,,
2014-11-17,470,164,667,268,569,192,1983,173,151,357.544,357.544,,
2014-11-18,471,166,671,267,570,196,1969,175,151,358.346,358.346,,
2014-11-19,461,163,678,260,563,193,1863,173,150,352.766,352.766,,
2014-11-20,464,164,683,257,565,198,1887,176,150,353.806,353.806,,
2014-11-21,455,164,681,244,528,195,1828,173,148,349.324,349.324,,
2014-11-24,455,166,680,246,525,193,1837,173,149,348.888,348.888,,
2014-11-25,459,165,680,250,529,198,1835,178,151,353.397,353.397,,
2014-11-26,453,167,687,243,550,195,1837,175,157,352.514,352.514,,
2014-11-27,453,167,687,243,550,195,1837,175,157,352.514,352.514,,
2014-11-28,453,167,687,243,550,195,1837,175,157,352.514,352.514,,
2014-12-01,473,169,698,250,607,199,2061,181,160,365.277,365.277,,
2014-12-02,472,162,688,244,603,194,2111,175,159,364.002,364.002,,
2014-12-03,466,161,700,240,599,195,2038,175,158,364.385,364.385,,
2014-12-04,469,165,699,243,605,198,2050,178,157,364.416,364.417,,
2014-12-05,472,166,707,247,617,199,2074,181,156,364.694,364.694,,
2014-12-08,494,177,726,259,658,213,2241,194,165,379.26,379.26,,
2014-12-09,513,183,743,269,693,218,2424,199,169,392.783,392.783,,
2014-12-10,534,192,760,283,751,227,2605,212,175,410.347,410.347,,
2014-12-11,538,192,751,277,881,228,2660,218,173,412.14,412.14,,
2014-12-12,566,207,780,304,947,245,2856,230,185,439.865,439.865,,
2014-12-15,589,215,804,315,1010,252,3147,239,191,458.983,458.983,,
2014-12-16,602,222,823,327,1111,261,3181,253,197,477.579,477.578,,
2014-12-17,555,200,800,296,1017,237,2693,235,190,442.338,442.338,,
2014-12-18,537,186,771,292,924,225,2644,207,175,417.986,417.986,,
2014-12-19,520,184,770,275,898,222,2463,197,174,407.505,407.505,,
2014-12-22,515,180,768,273,878,217,2414,194,175,403.143,403.143,,
2014-12-23,505,170,759,261,846,204,2412,187,171,393.774,393.774,,
2014-12-24,506,169,757,262,858,207,2417,188,169,394.913,394.913,,
2014-12-25,506,169,757,262,858,207,2417,188,169,394.913,394.913,,
2014-12-26,507,177,728,264,875,211,2423,187,170,395.747,395.747,,
2014-12-29,509,177,729,266,862,209,2454,189,171,399.306,399.306,,
2014-12-30,510,179,717,269,881,212,2452,191,172,403.634,403.634,,
2014-12-31,508,182,719,270,883,213,2457,196,169,404.204,404.204,,
2015-01-01,508,182,719,270,883,213,2457,196,169,404.204,404.204,,
2015-01-02,514,188,726,275,887,218,2473,202,170,410.112,410.112,,
2015-01-05,544,196,750,291,994,233,2776,221,177,431.736,431.736,,
2015-01-06,558,201,766,300,1010,237,2972,227,178,446.203,446.203,,
2015-01-07,545,197,749,296,977,231,2811,221,176,439.3,439.299,,
2015-01-08,537,192,734,290,947,226,2744,215,172,427.416,427.416,,
2015-01-09,543,194,726,294,949,229,2797,220,177,435.572,435.572,,
2015-01-12,557,202,736,306,986,237,2924,231,178,446.583,446.583,,
2015-01-13,562,204,729,305,993,239,3017,235,182,449.292,449.292,,
2015-01-14,571,206,730,307,986,243,3167,240,194,451.755,451.755,,
2015-01-15,577,212,741,309,963,254,3158,245,200,454.836,454.836,,
2015-01-16,580,209,731,307,953,257,3246,242,199,451.756,451.756,,
2015-01-19,580,209,731,307,953,257,3246,242,199,451.756,451.756,,
2015-01-20,580,208,720,302,953,255,3370,241,194,453.467,453.467,,
2015-01-21,578,206,720,300,920,250,3416,242,189,450.363,450.363,,
2015-01-22,573,200,710,297,918,246,3399,238,187,447.647,447.647,,
2015-01-23,567,199,726,294,897,244,3302,230,187,441.248,441.248,,
2015-01-26,565,198,726,293,893,243,3276,231,186,442.854,442.854,,
2015-01-27,565,204,724,292,935,242,3279,231,187,443.264,443.264,,
2015-01-28,572,210,730,305,909,255,3218,238,199,452.506,452.506,,
2015-01-29,566,202,728,302,899,248,3234,232,194,448.046,448.047,,
2015-01-30,571,208,742,331,887,252,3173,229,200,454.782,454.782,,
2015-02-02,561,204,739,331,881,243,3081,219,198,448.789,448.789,,
2015-02-03,548,195,727,319,782,237,2955,212,191,434.507,434.507,,
2015-02-04,550,196,728,314,805,241,2935,218,190,436.659,436.659,,
2015-02-05,546,195,718,308,788,238,2913,214,186,430.745,430.745,,
2015-02-06,533,188,709,303,760,231,2741,212,179,419.642,419.642,,
2015-02-09,530,187,712,302,762,231,2670,212,180,421.618,421.618,,
2015-02-10,538,193,712,306,774,234,2750,218,178,427.933,427.933,,
2015-02-11,546,192,715,316,819,235,2875,217,179,430.53,430.53,,
2015-02-12,540,188,720,319,799,233,2751,214,176,422.785,422.785,,
2015-02-13,526,183,702,311,773,222,2636,207,168,412.28,412.28,,
2015-02-16,526,183,702,311,773,222,2636,207,168,412.28,412.28,,
2015-02-17,516,173,686,308,769,214,2585,199,156,402.879,402.879,,
2015-02-18,519,178,679,311,762,220,2548,206,161,411.413,411.413,,
2015-02-19,521,171,668,305,752,219,2680,201,155,408.093,408.093,,
2015-02-20,522,168,650,312,745,216,2771,197,150,409.634,409.634,,
2015-02-23,530,174,626,318,765,223,2838,202,156,418.291,418.291,,
2015-02-24,528,177,633,319,773,222,2771,204,155,420.5,420.5,,
2015-02-25,524,173,635,327,770,219,2727,201,149,417.02,417.02,,
2015-02-26,523,169,624,334,764,214,2787,196,146,410.629,410.629,,
2015-02-27,500,170,618,328,763,215,2736,199,144,402.327,402.327,,
2015-03-02,493,161,604,317,759,208,2757,194,140,394.401,394.401,,
2015-03-03,491,159,597,311,743,209,2715,197,137,391.052,391.052,,
2015-03-04,494,164,586,315,743,214,2695,201,143,394.715,394.715,,
2015-03-05,499,168,581,317,741,221,2680,207,149,397.432,397.432,,
2015-03-06,499,169,566,317,728,223,2641,209,147,391.912,397.432,,
2015-03-09,511,174,561,334,733,231,2755,214,149,401.039,401.039,,
2015-03-10,528,185,568,338,755,243,2931,226,156,414.698,401.039,,
2015-03-11,531,186,581,342,764,246,2916,226,156,416.628,416.628,,
2015-03-12,523,185,580,336,775,237,2890,220,155,412.552,412.552,,
2015-03-13,537,192,584,357,797,243,3013,228,158,421.454,421.454,,
2015-03-16,544,198,581,358,814,249,3056,235,162,426.391,421.454,,
2015-03-17,551,205,586,375,845,255,3065,238,166,432.448,432.448,,
2015-03-18,555,211,598,375,842,257,3104,238,174,441.579,441.579,,
2015-03-19,540,202,598,366,864,247,2929,235,165,424.384,424.384,,
2015-03-20,531,200,604,357,840,242,2797,232,167,419.498,419.498,,
2015-03-23,525,193,602,346,844,235,2840,232,164,415.086,415.086,,
2015-03-24,525,192,608,341,835,235,2886,231,161,415.423,415.422,,
2015-03-25,523,187,608,335,826,233,2912,228,158,409.264,409.264,,
2015-03-26,518,182,595,330,824,229,2881,223,154,402.226,402.226,,
2015-03-27,520,185,612,334,837,232,2843,225,158,409.35,409.35,,
2015-03-30,515,179,620,329,844,227,2821,220,157,407.058,407.058,,
2015-03-31,516,181,629,331,865,228,2902,222,158,409.656,409.656,,
2015-04-01,515,183,628,325,868,232,2852,225,157,407.538,407.538,,
2015-04-02,509,177,618,318,868,225,2841,218,156,400.861,400.861,,
2015-04-03,513,181,625,322,874,229,2849,221,160,406.215,406.215,,
2015-04-06,502,171,610,312,867,220,2797,213,154,397.843,397.843,,
2015-04-07,501,177,609,309,858,225,2713,217,156,396.732,396.732,,
2015-04-08,496,176,588,295,856,227,2661,217,153,390.031,390.031,,
2015-04-09,488,174,574,288,836,223,2573,214,149,382.412,382.412,,
2015-04-10,482,176,568,292,825,225,2405,215,150,381.557,381.557,,
2015-04-13,481,177,574,295,805,225,2374,215,149,382.231,382.231,,
2015-04-14,483,179,583,293,787,227,2388,217,151,385.343,385.343,,
2015-04-15,484,181,590,296,769,225,2390,217,153,386.404,386.404,,
2015-04-16,488,186,602,304,759,227,2393,219,156,388.587,388.586,,
2015-04-17,499,190,619,315,766,233,2482,225,158,395.838,395.838,,
2015-04-20,494,184,617,301,750,229,2466,223,154,392.892,392.892,,
2015-04-21,487,179,620,295,744,224,2427,217,154,389.19,389.19,,
2015-04-22,476,172,617,284,733,219,2312,210,151,379.325,379.325,,
2015-04-23,475,174,619,283,715,222,2271,212,155,380.807,380.807,,
2015-04-24,470,173,616,285,701,221,2201,211,153,377.739,377.739,,
2015-04-27,473,174,608,288,704,222,2250,212,151,378.099,378.099,,
2015-04-28,473,170,603,283,702,218,2326,207,146,375.544,375.544,,
2015-04-29,472,168,605,287,691,219,2270,208,145,374.99,374.99,,
2015-04-30,472,171,603,297,672,224,2200,213,147,376.035,376.035,,
2015-05-01,470,169,596,300,671,222,2188,212,142,371.53,371.53,,
2015-05-04,467,167,593,296,665,219,2161,208,141,369.071,369.071,,
2015-05-05,467,167,593,296,665,219,2161,208,139,366.602,366.602,,
2015-05-06,458,162,581,283,627,214,2121,200,136,363.091,363.091,,
2015-05-07,468,170,601,287,637,223,2159,209,141,370.601,370.601,,
2015-05-08,460,165,610,281,628,218,2090,205,139,365.789,365.789,,
2015-05-11,455,159,606,280,614,210,2083,200,137,358.574,358.574,,
2015-05-12,464,164,616,287,625,219,2106,209,140,366.619,366.619,,
2015-05-13,461,164,606,282,618,215,2095,206,140,361.281,361.281,,
2015-05-14,466,164,615,287,649,219,2126,209,142,367.782,367.782,,
2015-05-15,471,171,625,289,670,221,2174,212,148,371.319,367.782,,
2015-05-18,465,162,599,279,667,212,2224,206,141,363.18,363.18,,
2015-05-19,475,163,590,278,689,213,2386,209,145,367.002,367.002,,
2015-05-20,475,160,579,275,682,212,2425,208,144,368.274,368.273,,
2015-05-21,471,164,578,273,684,213,2344,207,146,367.819,367.819,,
2015-05-22,470,164,576,272,683,211,2360,206,144,364.624,364.624,,
2015-05-25,470,164,576,272,683,211,2360,206,144,364.624,364.624,,
2015-05-26,482,170,588,283,700,219,2437,213,149,374.339,374.339,,
2015-05-27,487,170,589,287,704,221,2505,216,148,377.691,377.691,,
2015-05-28,490,171,594,290,738,222,2530,219,149,381.116,381.116,,
2015-05-29,492,174,601,297,735,225,2483,220,150,380.313,380.313,,
2015-06-01,491,169,596,294,730,222,2508,217,149,377.205,377.205,,
2015-06-02,488,164,576,287,732,221,2528,213,146,374.057,374.057,,
2015-06-03,485,162,557,286,740,218,2526,212,141,369.23,369.23,,
2015-06-04,494,169,566,291,755,226,2553,223,147,379.437,379.437,,
2015-06-05,496,166,555,289,775,225,2649,220,142,376.419,376.419,,
2015-06-08,506,172,559,291,792,231,2767,225,144,385.373,385.373,,
2015-06-09,505,173,566,295,781,235,2631,228,148,384.978,384.978,,
2015-06-10,505,177,567,295,748,237,2577,229,147,384.204,384.204,,
2015-06-11,508,179,572,293,757,238,2648,227,151,390.408,390.408,,
2015-06-12,503,179,573,291,755,233,2605,227,150,386.266,390.408,,
2015-06-15,512,185,580,297,768,237,2686,230,153,393.367,393.367,,
2015-06-16,520,191,588,302,788,244,2719,235,157,400.882,400.882,,
2015-06-17,521,191,621,303,795,244,2691,236,160,400.689,400.689,,
2015-06-18,506,179,629,289,785,231,2606,223,154,388.016,388.016,,
2015-06-19,510,185,652,298,798,233,2628,227,157,391.989,391.989,,
2015-06-22,500,176,627,296,783,225,2547,223,154,381.23,381.23,,
2015-06-23,494,172,614,293,781,221,2511,217,149,375.006,375.006,,
2015-06-24,498,176,621,295,771,226,2516,221,151,378.362,378.362,,
2015-06-25,503,178,595,301,788,229,2575,224,151,379.257,379.257,,
2015-06-26,501,172,589,299,791,224,2613,222,149,375.909,375.909,,
2015-06-29,518,186,617,314,821,237,2697,235,160,395.02,395.02,,
2015-06-30,513,182,631,309,824,232,2679,233,158,391.756,391.756,,
2015-07-01,504,173,624,303,826,225,2649,224,153,382.852,382.852,,
2015-07-02,503,173,619,298,831,224,2648,223,153,383.595,383.595,,
2015-07-03,503,173,619,298,831,224,2648,223,153,383.595,383.595,,
2015-07-06,520,187,625,308,896,236,2805,235,162,396.532,396.532,,
2015-07-07,526,189,625,312,894,237,2922,241,166,401.572,401.572,,
2015-07-08,532,190,635,316,909,240,2977,247,171,406.658,406.658,,
2015-07-09,521,183,618,308,865,232,2874,240,165,395.161,395.161,,
2015-07-10,512,174,595,299,852,223,2865,232,159,383.894,383.893,,
2015-07-13,514,175,597,298,851,222,2941,230,160,383.79,383.79,,
2015-07-14,517,176,591,298,862,225,2955,231,159,387.455,387.454,,
2015-07-15,523,185,577,306,899,232,2961,238,161,393.937,387.454,,
2015-07-16,520,185,581,306,896,233,2894,236,159,391.313,391.313,,
2015-07-17,524,185,585,312,895,235,2940,237,159,392.011,391.313,,
2015-07-20,523,183,582,320,904,234,2900,238,159,389.834,389.834,,
2015-07-21,525,186,585,324,909,236,2851,242,163,392.372,392.371,,
2015-07-22,528,190,589,330,926,240,2848,247,164,394.86,394.86,,
2015-07-23,540,197,591,347,948,250,2905,258,173,402.955,402.955,,
2015-07-24,546,200,597,356,959,254,2921,260,187,407.317,407.317,,
2015-07-27,559,206,612,364,975,261,3027,269,195,418.506,418.506,,
2015-07-28,554,202,610,355,979,258,3026,265,189,416.016,416.016,,
2015-07-29,541,194,606,344,971,247,2953,254,179,407.491,407.491,,
2015-07-30,534,192,609,344,965,242,2876,246,176,405.429,405.429,,
2015-07-31,533,196,615,325,980,244,2829,250,179,406.676,406.676,,
2015-08-03,544,200,627,333,990,249,2970,259,182,413.913,413.913,,
2015-08-04,541,199,608,333,988,245,2969,256,180,409.014,409.014,,
2015-08-05,536,197,583,328,985,240,2977,249,177,405.96,405.96,,
2015-08-06,549,203,586,354,1019,244,3088,259,180,414.265,414.265,,
2015-08-07,554,207,592,358,1043,249,3104,265,186,419.903,419.903,,
2015-08-10,550,205,572,351,1038,246,3093,263,179,415.181,415.181,,
2015-08-11,562,211,590,361,1073,256,3152,276,186,425.104,425.104,,
2015-08-12,557,210,581,343,1105,252,3165,269,187,424.995,424.995,,
2015-08-13,556,206,580,340,1107,248,3238,265,184,421.961,421.961,,
2015-08-14,558,209,574,337,1132,251,3278,266,188,423.037,423.037,,
2015-08-17,561,212,571,336,1150,253,3315,270,187,427.532,423.037,,
2015-08-18,562,215,565,335,1157,253,3339,269,188,426.608,426.608,,
2015-08-19,573,223,572,348,1193,265,3318,281,198,438.177,438.177,,
2015-08-20,581,229,580,358,1240,273,3314,287,204,446.077,446.077,,
2015-08-21,591,236,593,373,1270,280,3344,296,212,454.269,454.269,,
2015-08-24,614,247,621,394,1336,293,3477,310,225,473.787,473.787,,
2015-08-25,599,237,608,375,1315,280,3441,299,210,457.683,457.683,,
2015-08-26,602,238,612,382,1331,284,3369,302,213,456.105,456.105,,
2015-08-27,581,231,599,359,1332,276,3109,289,205,438.201,438.201,,
2015-08-28,573,227,591,356,1360,273,3022,283,202,432.662,432.662,,
2015-08-31,566,225,584,363,1344,270,2922,277,205,429.943,429.943,,
2015-10-01,618,256,589,467,1498,305,3033,310,245,469.061,473.943,,
2015-10-02,612,249,596,456,1494,297,3013,310,250,469.597,469.597,,
2015-10-05,592,231,584,435,1458,275,3002,291,237,451.909,451.909,,
2015-10-06,589,231,584,425,1439,274,3002,289,231,448.087,448.087,,
2015-10-07,586,229,579,435,1418,275,2942,284,225,440.887,440.887,,
2015-10-08,581,224,577,423,1419,272,2958,272,218,437.614,437.614,,
2015-10-09,574,222,572,415,1385,270,2873,269,215,431.915,431.915,,
2015-10-12,574,222,572,415,1385,270,2873,269,215,431.915,431.915,,
2015-10-13,586,229,584,436,1386,281,2898,281,220,440.566,440.566,,
2015-10-14,589,233,588,444,1377,283,2882,282,225,445.328,440.566,,
2015-10-15,577,226,576,443,1334,273,2808,274,221,435.218,445.328,,
2015-10-16,569,219,558,450,1289,269,2731,268,218,427.805,427.805,,
2015-10-19,577,222,554,467,1266,274,2775,273,220,429.498,429.498,,
2015-10-20,581,225,555,481,1254,278,2775,278,221,430.354,430.354,,
2015-10-21,589,225,557,481,1257,286,2862,290,221,438.134,438.134,,
2015-10-22,585,224,553,470,1222,284,2829,290,220,434.632,434.632,,
2015-10-23,573,216,542,457,1225,275,2762,279,212,425.927,425.927,,
2015-10-26,569,216,519,451,1240,273,2755,278,211,425.285,425.285,,
2015-10-27,578,221,520,453,1257,280,2819,284,216,432.903,432.903,,
2015-10-28,566,217,495,446,1232,273,2740,279,208,424.28,424.28,,
2015-10-29,563,213,485,439,1235,272,2710,281,203,420.532,420.532,,
2015-10-30,560,220,489,439,1252,275,2692,283,210,422.244,422.244,,
2015-11-02,553,214,490,424,1212,269,2667,281,208,415.905,415.905,,
2015-11-03,537,206,484,406,1196,260,2525,270,205,405.21,405.21,,
2015-11-04,536,208,498,403,1171,261,2510,272,202,403.196,403.196,,
2015-11-05,544,210,504,413,1171,262,2619,270,204,406.125,406.125,,
2015-11-06,548,209,499,418,1173,263,2675,271,206,405.726,405.727,,
2015-11-09,555,213,495,428,1175,268,2681,277,215,412.6,412.6,,
2015-11-10,555,218,482,424,1179,273,2659,276,214,414.587,414.587,,
2015-11-11,555,218,482,424,1179,273,2659,276,214,414.587,414.587,,
2015-11-12,560,222,486,427,1218,276,2692,280,219,415.318,415.318,,
2015-11-13,573,226,496,443,1259,283,2770,289,227,420.818,420.818,,
2015-11-16,568,224,485,434,1270,281,2746,285,227,419.879,419.879,,
2015-11-17,566,226,481,423,1283,282,2729,286,226,418.063,418.063,,
2015-11-18,565,224,471,419,1278,283,2710,288,227,413.881,413.881,,
2015-11-19,557,223,475,402,1253,281,2635,286,229,411.582,411.582,,
2015-11-20,549,221,470,404,1236,278,2499,283,226,407.309,407.309,,
2015-11-23,544,220,466,415,1218,277,2393,282,229,408.458,408.458,,
2015-11-24,544,221,485,410,1172,275,2405,280,230,409.544,409.544,,
2015-11-25,549,223,490,429,1182,277,2414,283,231,412.133,412.133,,
2015-11-26,549,223,490,429,1182,277,2414,283,231,412.133,412.133,,
2015-11-27,551,224,491,427,1192,278,2442,284,231,414.152,414.152,,
2015-11-30,561,224,487,450,1207,280,2605,286,235,419.505,419.505,,
2015-12-01,568,230,496,456,1190,287,2634,290,239,425.806,425.806,,
2015-12-02,568,228,499,461,1176,287,2659,290,235,425.288,425.288,,
2015-12-03,571,220,494,459,1160,288,2709,289,232,422.215,422.215,,
2015-12-04,572,221,500,457,1149,292,2698,290,234,427.002,427.002,,
2015-12-07,571,230,500,467,1164,301,2523,304,239,429.104,429.104,,
2015-12-08,576,232,498,480,1202,309,2496,308,245,431.867,431.867,,
2015-12-09,570,233,495,484,1213,307,2365,308,249,430.593,430.593,,
2015-12-10,575,233,480,496,1234,312,2391,315,250,433.338,433.338,,
2015-12-11,608,250,490,524,1269,332,2649,339,266,456.702,456.703,,
2015-12-14,609,242,500,512,1260,329,2752,335,263,455.823,455.823,,
2015-12-15,594,236,487,491,1210,314,2687,322,252,446.068,446.068,,
2015-12-16,602,237,482,526,1232,313,2772,322,254,447.944,447.944,,
2015-12-17,604,238,475,525,1237,313,2851,318,252,447.249,447.249,,
2015-12-18,618,246,485,549,1259,321,2961,326,258,455.595,455.595,,
2015-12-21,623,246,478,568,1294,324,3006,326,257,457.147,457.147,,
2015-12-22,617,243,475,548,1284,320,2992,321,254,453.404,453.404,,
2015-12-23,609,240,465,542,1270,317,2883,317,254,448.976,448.976,,
2015-12-24,609,242,468,544,1267,319,2843,319,255,449.96,449.96,,
2015-12-25,609,242,468,544,1267,319,2843,319,255,449.96,449.96,,
2015-12-28,608,244,444,545,1267,320,2842,321,255,449.899,449.899,,
2015-12-29,596,233,435,532,1260,309,2785,308,251,440.226,440.226,,
2015-12-30,599,237,435,541,1262,311,2776,312,252,441.836,441.836,,
2015-12-31,605,240,438,548,1266,315,2807,317,253,445.595,445.595,,
2016-01-01,605,240,438,548,1266,315,2807,317,253,446,,,
2016-01-04,612,244,447,556,1295,318,2855,322,257,451.104,451.104,,
2016-01-05,606,236,437,525,1329,309,2944,316,251,447.063,447.063,,
2016-01-06,617,243,448,530,1378,317,3027,329,254,455.557,455.556,,
2016-01-07,624,247,453,530,1423,327,3010,342,258,462.829,462.829,,
2016-01-08,633,254,455,536,1449,337,3037,352,259,467.787,467.787,,
2016-01-11,638,257,455,530,1500,338,3134,351,265,469.559,469.559,,
2016-01-12,654,265,463,531,1574,347,3347,362,272,481.139,481.139,,
2016-01-13,670,274,481,545,1590,360,3450,378,278,488.002,488.002,,
2016-01-14,671,268,483,538,1639,358,3542,374,278,490.076,490.076,,
2016-01-15,694,281,498,559,1678,380,3620,398,288,508.077,508.077,,
2016-01-18,694,281,498,559,1678,380,3620,398,288,508.077,,,
2016-01-19,692,284,501,560,1692,380,3540,402,285,505.226,505.226,,
2016-01-20,710,288,524,571,1703,395,3693,418,293,519.065,519.065,,
2016-01-21,697,283,525,563,1639,380,3619,408,289,512.038,512.038,,
2016-01-22,678,273,515,540,1570,363,3518,377,277,497.011,497.011,,
2016-01-25,687,276,515,548,1592,364,3722,382,283,502.02,502.02,,
2016-01-26,683,275,513,538,1573,362,3713,374,279,501.578,501.578,,
2016-01-27,676,270,510,531,1555,353,3695,369,271,494.512,494.512,,
2016-01-28,672,269,507,529,1490,357,3578,369,270,490.324,490.324,,
2016-01-29,677,273,502,540,1509,362,3560,378,274,493.599,493.599,,
2016-02-01,680,271,488,540,1536,365,3637,382,277,492.897,492.897,,
2016-02-02,695,285,487,555,1573,378,3690,402,287,508.374,508.374,,
2016-02-03,689,281,474,553,1565,374,3627,396,281,503.983,503.983,,
2016-02-04,685,281,472,550,1595,370,3547,397,280,502.782,502.782,,
2016-02-05,680,281,471,549,1603,366,3457,397,279,501.55,501.55,,
2016-02-08,702,298,474,574,1639,389,3527,425,289,520.144,520.144,,
2016-02-09,708,296,482,573,1637,391,3649,427,294,523.957,523.956,,
2016-02-10,714,299,487,580,1693,390,3790,419,294,524.714,524.714,,
2016-02-11,735,313,502,598,1733,402,4029,433,306,538.379,538.379,,
2016-02-12,721,296,477,583,1702,387,4145,411,291,525.381,525.381,,
2016-02-15,721,296,477,583,1702,387,4145,411,291,525.381,,,
2016-02-16,706,289,468,578,1659,381,3825,404,286,516.385,516.385,,
2016-02-17,682,276,458,562,1583,364,3560,382,278,501.417,501.417,,
2016-02-18,678,281,461,566,1555,365,3427,382,275,502.092,502.092,,
2016-02-19,678,277,463,555,1542,364,3525,378,275,501.297,501.297,,
2016-02-22,667,275,453,547,1483,360,3398,370,268,494.4,494.4,,
2016-02-23,671,276,456,546,1472,363,3476,375,267,497.105,497.105,,
2016-02-24,667,270,459,536,1464,359,3505,366,267,497.92,497.919,,
2016-02-25,662,268,461,543,1451,360,3353,366,270,496.304,496.304,,
2016-02-26,648,261,461,533,1405,352,3204,366,262,485.717,485.717,,
2016-02-29,639,260,465,530,1391,353,3255,368,250,483.236,483.236,,
2016-03-01,623,244,454,517,1352,336,3282,350,240,469.109,469.109,,
2016-03-02,613,240,455,509,1346,336,3093,348,235,464.176,464.176,,
2016-03-03,609,238,484,485,1340,333,3116,334,232,461.92,461.92,,
2016-03-04,600,234,459,469,1329,325,3134,327,217,452.531,452.531,,
2016-03-07,599,234,457,472,1295,325,3129,325,215,450.928,450.928,,
2016-03-08,608,238,464,481,1299,329,3217,331,224,459.247,459.247,,
2016-03-09,594,227,457,461,1278,321,3100,321,218,450.803,450.803,,
2016-03-10,591,226,455,454,1274,316,3133,316,215,446.72,446.72,,
2016-03-11,581,218,437,445,1252,307,3079,308,210,437.406,437.406,,
2016-03-14,584,223,437,451,1232,307,3114,312,213,439.678,439.678,,
2016-03-15,594,226,447,473,1209,314,3178,320,216,445.065,445.065,,
2016-03-16,591,225,448,474,1138,313,3134,307,217,446.583,446.583,,
2016-03-17,575,218,440,453,1084,301,3049,290,211,433.995,433.996,,
2016-03-18,566,215,444,431,996,296,3023,282,209,428.022,428.022,,
2016-03-21,559,213,437,415,1034,290,3000,279,209,423.133,423.133,,
2016-03-22,559,213,437,413,1064,289,3026,279,207,423.042,423.042,,
2016-03-23,576,224,448,436,1094,299,3187,291,212,433.928,433.928,,
2016-03-24,583,225,459,444,1132,303,3264,299,212,437.188,437.188,,
2016-03-25,583,225,459,444,1132,303,3264,299,212,437.188,,,
2016-03-28,583,228,450,437,1132,307,3251,299,213,436.157,436.157,,
2016-03-29,591,232,451,436,1171,315,3305,305,217,446.003,446.003,,
2016-03-30,581,225,438,425,1136,308,3250,297,211,437.577,437.578,,
2016-03-31,573,226,444,426,1058,308,3108,295,213,433.792,433.792,,
2016-04-01,572,224,443,422,1075,309,3121,292,212,431.516,431.516,,
2016-04-04,575,227,442,430,1076,311,3170,295,212,433.232,433.232,,
2016-04-05,588,237,449,448,1103,322,3258,307,216,442.348,442.348,,
2016-04-06,583,232,442,447,1107,315,3258,300,215,437.362,437.362,,
2016-04-07,596,240,453,464,1128,326,3339,316,221,446.028,446.028,,
2016-04-08,590,237,450,456,1127,320,3311,311,221,442.461,442.461,,
2016-04-11,582,224,443,434,1119,313,3305,304,220,437.06,437.06,,
2016-04-12,569,214,432,415,1102,303,3234,294,209,427.096,427.096,,
2016-04-13,556,210,419,403,1103,295,3084,286,204,420.852,420.852,,
2016-04-14,549,204,413,397,1101,287,3085,281,201,415.74,415.74,,
2016-04-15,554,207,416,401,1108,293,3128,287,201,419.747,419.747,,
2016-04-18,554,204,403,407,1145,292,3154,286,199,419.401,419.401,,
2016-04-19,543,200,388,403,1101,281,3078,273,194,411.129,411.129,,
2016-04-20,534,191,380,398,1086,269,3065,265,185,402.024,402.024,,
2016-04-21,537,190,379,410,1064,273,3029,267,186,402.637,402.638,,
2016-04-22,542,194,382,416,1064,279,3032,275,186,405.354,405.354,,
2016-04-25,546,194,391,415,1046,280,3072,277,187,407.862,407.862,,
2016-04-26,545,193,383,409,1030,278,3102,277,186,408.107,408.107,,
2016-04-27,548,195,526,397,1024,278,3019,276,188,412.433,412.433,,
2016-04-28,542,196,541,401,959,276,2868,276,184,408.993,408.993,,
2016-04-29,541,198,544,401,941,286,2858,278,183,410.075,410.075,,
2016-05-02,539,196,538,397,938,284,2876,275,183,406.854,406.854,,
2016-05-03,552,202,550,407,931,291,2991,285,193,417.625,417.625,,
2016-05-04,557,205,558,411,958,295,3042,294,194,424.061,424.061,,
2016-05-05,558,206,569,410,955,296,2997,296,194,426.046,426.046,,
2016-05-06,554,202,559,404,949,295,2973,292,199,422.641,422.641,,
2016-05-09,555,204,565,408,960,294,2964,295,201,423.614,423.614,,
2016-05-10,553,205,566,403,958,292,2948,290,203,421.702,421.702,,
2016-05-11,549,205,567,395,953,292,2894,286,199,418.411,418.411,,
2016-05-12,545,204,564,391,942,291,2848,282,202,413.977,413.977,,
2016-05-13,545,210,557,396,926,297,2726,289,207,416.515,416.515,,
2016-05-16,543,204,544,388,906,292,2812,281,206,413.065,413.065,,
2016-05-17,544,205,542,387,904,293,2850,280,206,412.268,412.268,,
2016-05-18,542,201,535,390,882,289,2882,281,202,406.986,406.986,,
2016-05-19,560,218,548,407,891,304,2942,299,210,421.942,421.942,,
2016-05-20,556,215,545,406,890,302,2888,301,209,419.966,419.966,,
2016-05-23,561,219,543,411,894,308,2910,304,208,422.008,422.008,,
2016-05-24,557,216,538,410,882,307,2857,302,205,419.478,419.478,,
2016-05-25,552,213,529,405,870,305,2826,296,201,415.832,415.832,,
2016-05-26,556,214,526,409,868,305,2908,296,203,420.296,420.297,,
2016-05-27,553,209,520,407,861,300,2947,293,200,417.314,417.314,,
2016-05-30,553,209,520,407,861,300,2947,293,200,417.314,,,
2016-05-31,553,213,500,418,855,304,2933,297,203,421.152,421.152,,
2016-06-01,549,211,488,416,856,302,2940,292,200,418.595,418.595,,
2016-06-02,546,211,501,408,862,301,2880,286,200,418.487,418.487,,
2016-06-03,543,212,502,408,875,301,2789,284,201,419.45,419.45,,
2016-06-06,536,205,491,400,864,295,2762,278,198,412.643,412.643,,
2016-06-07,531,203,489,393,863,293,2721,270,196,408.602,408.602,,
2016-06-08,528,204,500,387,861,290,2707,266,195,405.765,405.765,,
2016-06-09,532,207,504,389,862,293,2756,271,199,409.953,409.953,,
2016-06-10,542,213,513,397,863,301,2814,282,206,417.985,417.985,,
2016-06-13,548,216,520,403,879,307,2840,290,209,424.132,424.133,,
2016-06-14,559,220,521,414,879,316,2903,300,218,432.085,432.085,,
2016-06-15,555,216,510,410,912,314,2885,297,218,431.485,431.485,,
2016-06-16,561,218,511,414,922,319,2913,301,222,434.649,434.649,,
2016-06-17,556,212,510,407,919,315,2912,295,216,428.929,428.929,,
2016-06-20,543,205,494,394,914,306,2835,281,209,418.245,418.245,,
2016-06-21,541,202,490,392,913,303,2868,277,207,414.188,414.188,,
2016-06-22,536,203,482,390,904,301,2779,273,202,411.956,411.956,,
2016-06-23,520,198,471,378,899,292,2600,263,194,400.837,400.837,,
2016-06-24,539,214,498,398,917,309,2604,280,210,420.799,420.799,,
2016-06-27,552,225,515,407,937,322,2666,290,217,431.764,431.764,,
2016-06-28,542,218,506,391,928,314,2665,281,213,424.185,424.185,,
2016-06-29,525,205,492,370,911,297,2640,263,203,408.515,408.515,,
2016-06-30,522,200,495,366,913,293,2659,257,202,406.56,406.56,,
2016-07-01,515,193,488,362,908,286,2627,256,200,401.442,401.442,,
2016-07-04,515,193,488,362,908,286,2627,256,200,401.442,,,
2016-07-05,517,199,504,366,902,287,2647,258,201,404.148,404.148,,
2016-07-06,515,196,506,367,900,287,2650,258,198,403.149,403.149,,
2016-07-07,515,195,512,367,899,286,2652,259,198,401.048,401.048,,
2016-07-08,507,191,504,358,899,283,2611,255,196,396.523,396.523,,
2016-07-11,497,184,494,350,886,274,2578,246,189,383.967,383.967,,
2016-07-12,489,177,483,341,869,267,2578,240,180,378.31,378.31,,
2016-07-13,492,181,483,343,867,272,2601,244,178,381.962,381.962,,
2016-07-14,488,177,478,340,874,269,2588,241,173,377.245,377.246,,
2016-07-15,484,172,475,340,866,267,2552,239,167,373.077,373.078,,
2016-07-18,484,171,475,339,861,269,2529,241,163,376.131,376.131,,
2016-07-19,480,176,477,340,861,268,2426,240,165,378.64,378.64,,
2016-07-20,476,173,475,338,868,262,2419,233,162,375.483,375.483,,
2016-07-21,482,176,479,345,870,267,2451,239,165,378.68,378.68,,
2016-07-22,482,178,476,345,858,267,2469,239,163,377.177,377.177,,
2016-07-25,486,180,480,347,856,270,2515,247,164,378.163,378.163,,
2016-07-26,495,185,488,348,875,277,2589,254,170,384.453,384.453,,
2016-07-27,499,188,499,350,881,284,2541,264,170,388.307,388.306,,
2016-07-28,500,189,497,346,883,290,2515,267,172,388.653,388.653,,
2016-07-29,501,194,496,346,877,294,2510,270,174,392.108,392.108,,
2016-08-01,498,191,497,343,885,290,2520,267,172,387.025,387.025,,
2016-08-02,499,187,500,339,883,289,2562,266,173,387.027,387.027,,
2016-08-03,500,184,492,334,883,289,2669,262,174,388.972,388.972,,
2016-08-04,494,185,488,333,887,279,2649,252,172,385.925,385.925,,
2016-08-05,484,174,480,325,878,270,2623,241,165,375.225,375.225,,
2016-08-08,480,175,476,323,878,268,2564,238,163,371.097,371.097,,
2016-08-09,482,178,471,325,872,271,2611,242,163,372.013,372.013,,
2016-08-10,481,178,464,320,884,269,2638,239,158,371.622,371.622,,
2016-08-11,474,170,455,314,877,264,2637,231,156,365.667,365.667,,
2016-08-12,474,173,448,312,882,263,2646,230,161,367.815,367.815,,
2016-08-15,468,167,442,305,869,259,2604,224,158,361.068,361.068,,
2016-08-16,462,163,433,298,859,258,2568,219,157,357.188,357.188,,
2016-08-17,464,163,439,302,866,260,2566,221,159,360.614,360.614,,
2016-08-18,461,163,444,303,850,256,2496,219,161,359.682,359.682,,
2016-08-19,460,160,447,301,850,255,2494,219,157,356.814,356.814,,
2016-08-22,465,164,459,308,855,262,2481,225,160,362.815,362.815,,
2016-08-23,461,163,451,308,851,260,2437,223,162,359.857,359.857,,
2016-08-24,464,161,461,310,852,260,2474,228,166,361.883,361.883,,
2016-08-25,467,161,461,311,842,264,2487,230,168,362.014,362.014,,
2016-08-26,457,156,449,304,841,256,2434,223,160,354.189,354.189,,
2016-08-29,460,161,450,309,858,260,2413,227,167,358.618,358.618,,
2016-08-30,459,162,449,311,858,259,2392,227,168,358.929,358.929,,
2016-08-31,459,162,455,315,863,258,2456,232,174,361.21,361.21,,
2016-10-03,450,152,438,320,840,290,1971,228,179,355.821,355.821,,
2016-10-04,445,148,437,324,826,283,1921,234,177,350.204,350.204,,
2016-10-05,444,146,438,325,812,279,1935,232,173,350.76,350.76,,
2016-10-06,444,146,450,322,803,277,1915,232,172,349.606,349.606,,
2016-10-07,449,145,453,322,806,275,2011,230,172,353.437,353.437,,
2016-10-10,449,145,453,322,806,275,2011,230,172,353.437,,,
2016-10-11,449,146,455,324,798,271,2005,232,172,354.417,354.417,,
2016-10-12,449,143,451,319,795,268,2050,231,171,355.616,355.616,,
2016-10-13,451,145,450,318,794,267,2101,228,174,358.623,358.623,,
2016-10-14,453,144,456,314,783,265,2173,227,172,357.444,357.444,,
2016-10-17,459,146,466,319,775,269,2248,231,173,363.763,363.763,,
2016-10-18,464,147,463,319,762,268,2380,231,173,365.729,365.729,,
2016-10-19,460,145,453,316,757,263,2384,224,170,362.188,362.188,,
2016-10-20,452,144,448,313,746,261,2249,223,169,357.062,357.062,,
2016-10-21,451,146,441,313,737,262,2258,223,170,356.876,356.876,,
2016-10-24,445,144,442,310,729,261,2139,223,169,352.041,352.041,,
2016-10-25,447,148,447,312,714,266,2116,228,171,354.008,354.008,,
2016-10-26,455,147,448,313,716,270,2255,228,171,356.844,356.844,,
2016-10-27,462,147,453,316,717,274,2321,230,173,360.281,360.281,,
2016-10-28,465,148,451,312,721,279,2362,231,174,363.828,363.828,,
2016-10-31,467,155,452,316,743,293,2316,237,177,363.786,363.786,,
2016-11-01,473,161,462,324,746,300,2277,248,180,368.252,368.252,,
2016-11-02,478,165,469,330,766,302,2319,247,184,372.826,372.826,,
2016-11-03,473,161,460,328,772,294,2349,242,183,369.823,369.823,,
2016-11-04,475,165,461,330,784,296,2334,245,185,373.389,373.389,,
2016-11-07,460,157,445,317,776,279,2280,231,180,363.652,363.652,,
2016-11-08,448,153,438,307,759,271,2193,222,174,353.638,353.638,,
2016-11-09,457,151,440,309,746,288,2169,225,172,353.717,353.717,,
2016-11-10,487,163,476,341,767,322,2205,251,182,373.739,373.739,,
2016-11-11,487,163,476,341,767,322,2205,251,182,373.739,,,
2016-11-14,516,182,505,357,849,342,2373,264,190,406.935,406.935,,
2016-11-15,494,162,491,335,783,319,2311,248,177,386.681,386.681,,
2016-11-16,498,171,488,334,794,325,2311,257,180,387.528,387.528,,
2016-11-17,497,170,490,335,781,327,2266,260,179,381.051,381.051,,
2016-11-18,501,168,489,337,759,336,2273,270,178,385.676,385.676,,
2016-11-21,502,171,490,336,747,335,2283,267,178,384.595,384.595,,
2016-11-22,501,173,487,336,746,332,2303,260,177,383.739,383.739,,
2016-11-23,505,176,490,338,745,335,2323,261,176,384.757,384.757,,
2016-11-24,505,176,490,338,745,335,2323,261,176,384.757,,,
2016-11-25,505,176,491,339,746,336,2312,264,176,386.275,386.275,,
2016-11-28,505,177,490,337,735,333,2336,256,177,386.424,386.424,,
2016-11-29,509,178,498,340,746,336,2379,257,176,389.636,389.636,,
2016-11-30,510,173,515,338,736,330,2343,252,174,387.597,387.597,,
2016-12-01,512,172,529,348,724,330,2317,255,172,389.415,389.415,,
2016-12-02,512,174,528,352,728,329,2300,251,175,392.948,392.948,,
2016-12-05,501,173,524,344,712,317,2217,242,173,387.571,387.571,,
2016-12-06,494,169,499,343,704,313,2194,234,172,381.344,381.344,,
2016-12-07,486,166,486,339,692,307,2163,233,171,376.567,376.567,,
2016-12-08,486,163,489,337,698,307,2172,233,167,374.109,374.109,,
2016-12-09,481,159,490,331,679,305,2152,231,162,369.835,369.835,,
2016-12-12,484,164,513,333,669,307,2119,233,162,371.709,371.709,,
2016-12-13,481,164,512,328,658,304,2126,229,161,369.106,369.106,,
2016-12-14,478,161,512,332,657,299,2126,222,161,363.502,363.502,,
2016-12-15,480,161,515,331,662,300,2170,222,159,368.787,368.787,,
2016-12-16,476,159,512,329,662,292,2161,218,156,365.842,365.842,,
2016-12-19,477,164,506,328,664,296,2149,219,158,368.363,368.363,,
2016-12-20,473,161,497,325,656,291,2139,217,156,364.637,364.638,,
2016-12-21,471,162,489,325,656,288,2140,218,157,362.783,362.783,,
2016-12-22,473,163,487,327,636,293,2157,220,156,363.521,363.521,,
2016-12-23,472,163,477,327,650,292,2156,221,157,363.29,363.29,,
2016-12-26,472,163,477,327,650,292,2156,221,157,363.29,,,
2016-12-27,467,160,455,323,632,288,2152,218,154,359.272,359.272,,
2016-12-28,470,165,448,327,631,293,2157,222,156,363.138,363.138,,
2016-12-29,472,168,453,328,636,292,2163,224,158,364.616,364.616,,
2016-12-30,473,170,455,330,647,296,2168,225,158,365.384,365.384,,
2017-01-02,473,170,455,330,647,296,2168,225,158,365.384,,,
2017-01-03,472,171,474,327,639,296,2141,225,157,363.075,,,
2017-01-04,469,167,477,315,614,300,2117,219,153,357.771,,,
2017-01-05,468,164,475,307,609,307,2107,213,154,356.549,,,
2017-01-06,463,160,468,305,601,302,2108,210,151,350.426,,,
2017-01-09,465,163,470,306,595,303,2139,210,153,356.299,,,
2017-01-10,470,162,482,307,608,311,2148,214,153,357.932,,,
2017-01-11,476,161,483,308,615,320,2166,214,156,362.763,,,
2017-01-12,469,156,473,302,614,312,2145,209,153,356.742,,,
2017-01-13,462,151,453,292,610,307,2149,206,152,352.865,,,
2017-01-16,462,151,453,292,610,307,2149,206,152,352.812,,,
2017-01-17,460,152,455,288,614,304,2140,205,152,352.812,,,
2017-01-18,459,148,459,293,616,304,2118,206,151,348.978,,,
2017-01-19,462,151,461,296,619,313,2070,211,149,352.059,,,
2017-01-20,461,152,462,295,629,312,2039,210,149,352.737,,,
2017-01-23,464,157,469,296,633,314,2044,209,152,355.467,,,
2017-01-24,460,154,464,294,610,309,2021,210,148,349.253,,,
2017-01-25,456,151,463,295,607,301,2027,207,143,347.413,,,
2017-01-26,456,156,463,297,601,297,2020,212,144,350.387,,,
2017-01-27,451,155,457,287,589,294,2009,209,143,348.41,,,
2017-01-30,454,156,469,292,583,295,2014,211,144,349.82,,,
2017-01-31,455,159,469,291,590,296,2056,209,144,351.798,,,
2017-02-01,450,154,461,286,586,293,2052,203,142,348.176,,,
2017-02-02,444,152,448,282,574,284,2056,197,140,342.89,,,
2017-02-03,439,148,440,279,617,279,2044,190,135,337.685,,,
2017-02-06,443,152,443,279,633,284,2052,193,139,340.741,,,
2017-02-07,449,155,458,287,649,290,2070,197,138,344.869,,,
2017-02-08,452,157,460,287,653,290,2113,205,137,346.014,,,
2017-02-09,445,149,456,281,635,284,2088,200,134,340.09,,,
2017-02-10,439,148,446,274,628,281,2040,198,133,336.577,,,
2017-02-13,436,146,441,270,624,278,2033,195,130,332.921,,,
2017-02-14,437,147,442,267,607,277,2082,193,129,330.479,,,
2017-02-15,441,148,448,271,613,283,2079,198,127,333.012,,,
2017-02-16,446,154,459,278,609,288,2095,201,128,337.188,,,
2017-02-17,450,155,460,281,617,290,2144,202,131,340.18,,,
2017-02-20,450,155,460,281,617,290,2144,202,131,340.18,,,
2017-02-21,443,154,456,278,592,283,2085,199,128,336.837,,,
2017-02-22,438,154,456,277,568,277,2048,199,126,333.596,,,
2017-02-23,436,155,458,273,578,274,2016,199,124,333.179,,,
2017-02-24,441,158,466,278,596,275,2044,206,127,337.369,,,
2017-02-27,438,152,469,277,576,272,2042,204,125,333.276,,,
2017-02-28,436,152,458,280,572,275,2050,202,130,333.903,,,
2017-03-01,427,144,446,269,573,268,2017,195,126,327.395,,,
2017-03-02,427,143,444,272,580,266,2019,196,127,326.444,,,
2017-03-03,423,143,438,267,578,260,2010,194,127,325.597,,,
2017-03-06,421,141,439,267,575,258,2005,192,127,324.227,,,
2017-03-07,419,139,434,267,570,256,1992,194,128,321.646,,,
2017-03-08,429,141,445,280,590,262,2050,204,132,327.002,,,
2017-03-09,436,143,448,282,605,269,2085,208,135,332.39,,,
2017-03-10,432,141,444,274,603,267,2067,200,134,332.052,,,
2017-03-13,434,141,449,278,599,269,2077,201,135,329.909,,,
2017-03-14,443,143,455,283,610,276,2157,209,136,337.272,,,
2017-03-15,438,140,444,277,609,273,2139,205,137,338.525,,,
2017-03-16,431,135,441,269,590,265,2133,196,134,329.518,,,
2017-03-17,429,136,436,267,587,265,2124,192,135,328.634,,,
2017-03-20,431,138,436,264,605,266,2149,192,135,329.209,,,
2017-03-21,435,141,445,271,624,268,2181,195,133,330.544,,,
2017-03-22,438,144,450,274,665,271,2179,198,134,333.871,,,
2017-03-23,433,142,448,273,666,266,2145,194,133,330.405,,,
2017-03-24,430,141,446,272,662,260,2138,189,134,329.067,,,
2017-03-27,432,142,452,274,655,258,2181,186,135,330.031,,,
2017-03-28,427,139,448,271,646,251,2210,183,133,324.035,,,
2017-03-29,428,142,443,270,655,250,2238,184,132,328.664,,,
2017-03-30,428,140,440,268,658,251,2222,188,131,325.229,,,
2017-03-31,436,146,442,264,666,255,2377,192,133,331.482,,,
2017-04-03,440,149,445,265,700,260,2371,196,133,334.784,,,
2017-04-04,440,146,437,262,710,259,2436,195,135,333.88,,,
2017-04-05,438,147,429,259,707,259,2409,194,134,332.197,,,
2017-04-06,435,148,430,264,711,260,2319,196,135,331.619,,,
2017-04-07,429,146,427,265,704,258,2214,194,133,326.91,,,
2017-04-10,431,146,426,262,704,259,2251,197,133,330.401,,,
2017-04-11,436,152,429,267,708,263,2279,201,135,334.988,,,
2017-04-12,433,150,434,267,711,261,2208,201,135,333.659,,,
2017-04-13,432,154,433,268,716,259,2190,201,137,334.604,,,
2017-04-14,432,154,433,268,716,259,2190,201,137,334.604,,,
2017-04-17,429,153,429,266,715,258,2156,198,138,332.62,,,
2017-04-18,435,159,431,272,726,265,2191,203,142,338.783,,,
2017-04-19,434,155,423,270,729,262,2242,198,140,335.006,,,
2017-04-20,434,154,417,271,733,263,2241,198,140,333.415,,,
2017-04-21,432,153,415,268,730,260,2237,195,141,332.431,,,
2017-04-24,423,146,404,260,722,255,2189,192,138,326.382,,,
2017-04-25,419,143,398,258,697,254,2148,190,136,322.013,,,
2017-04-26,424,144,408,263,680,260,2154,194,136,324.726,,,
2017-04-27,425,145,408,260,689,260,2170,195,137,325.388,,,
2017-04-28,419,144,405,259,667,254,2151,195,136,321.497,,,
2017-05-01,416,141,401,257,663,251,2151,191,135,318.317,,,
2017-05-02,417,143,395,256,663,251,2187,191,135,319.399,,,
2017-05-03,416,140,395,252,659,247,2228,190,134,316.803,,,
2017-05-04,420,140,396,259,675,250,2278,194,134,318.818,,,
2017-05-05,422,141,398,257,674,249,2317,195,134,321.016,,,
2017-05-08,420,138,398,257,665,247,2320,194,132,318.306,,,
2017-05-09,421,138,402,259,671,247,2314,194,130,318.035,,,
2017-05-10,416,136,395,253,661,243,2276,191,130,314.958,,,
2017-05-11,414,135,396,250,657,243,2256,190,130,315.178,,,
2017-05-12,416,139,397,252,663,244,2246,193,132,318.562,,,
2017-05-15,411,139,391,249,646,241,2206,190,131,315.254,,,
2017-05-16,414,139,395,247,656,241,2256,189,130,315.994,,,
2017-05-17,423,147,410,256,671,250,2254,198,135,325.423,,,
2017-05-18,432,148,422,297,675,252,2261,201,138,330.898,,,
2017-05-19,427,147,413,280,671,251,2251,198,136,326.992,,,
2017-05-22,428,147,417,286,669,250,2265,196,134,325.359,,,
2017-05-23,422,141,411,279,663,246,2241,193,131,320.421,,,
2017-05-24,420,137,405,278,650,246,2202,193,132,320.224,,,
2017-05-25,421,141,410,282,658,247,2205,196,132,320.463,,,
2017-05-26,420,140,408,280,658,247,2189,198,131,319.309,,,
2017-05-29,420,140,408,280,658,247,2189,198,131,319.309,,,
2017-05-30,421,144,406,281,675,251,2176,199,132,321.672,,,
2017-05-31,426,145,407,282,694,255,2228,203,134,322.636,,,
2017-06-01,424,144,402,282,689,256,2222,201,133,320.842,,,
2017-06-02,425,144,398,281,695,260,2207,201,135,322.739,,,
2017-06-05,419,139,397,281,694,249,2213,195,134,317.49,,,
2017-06-06,420,139,395,283,690,247,2272,194,134,318.985,,,
2017-06-07,422,136,396,285,693,243,2401,188,132,317.975,,,
2017-06-08,420,137,395,283,698,244,2360,190,131,318.507,,,
2017-06-09,421,137,397,282,703,243,2378,187,130,318.241,,,
2017-06-12,423,137,399,283,696,243,2445,185,130,318.027,,,
2017-06-13,423,136,396,280,698,243,2480,183,130,318.526,,,
2017-06-14,425,142,399,279,702,244,2487,186,131,321.574,,,
2017-06-15,428,143,404,283,700,247,2524,191,131,322.725,,,
2017-06-16,431,145,407,284,714,248,2537,195,132,324.616,,,
2017-06-19,429,142,411,285,713,247,2504,197,130,322.717,,,
2017-06-20,440,148,426,294,736,258,2535,207,132,331.489,,,
2017-06-21,444,150,431,297,750,263,2548,209,133,333.541,,,
2017-06-22,443,151,423,294,753,262,2540,207,133,334.759,,,
2017-06-23,440,151,419,290,746,261,2530,202,133,332.801,,,
2017-06-26,437,150,414,286,731,258,2517,201,133,330.49,,,
2017-06-27,435,146,421,293,705,255,2487,200,129,326.714,,,
2017-06-28,434,146,424,285,706,255,2470,199,129,327.642,,,
2017-06-29,437,149,435,288,705,258,2457,202,129,328.023,,,
2017-06-30,435,145,432,284,706,255,2464,200,132,328.241,,,
2017-07-03,432,142,430,281,700,252,2460,197,130,325.719,,,
2017-07-04,432,142,430,281,700,252,2460,197,130,325.719,,,
2017-07-05,436,143,436,286,708,256,2476,202,130,330.742,,,
2017-07-06,441,145,445,291,715,258,2499,207,131,334.021,,,
2017-07-07,440,144,443,287,716,254,2507,206,132,334.098,,,
2017-07-10,434,143,435,281,717,251,2429,204,132,330.225,,,
2017-07-11,435,143,433,278,713,254,2471,201,131,331.281,,,
2017-07-12,433,144,430,274,692,253,2474,202,132,328.465,,,
2017-07-13,432,141,429,273,680,253,2452,203,132,326.284,,,
2017-07-14,431,142,426,270,678,252,2466,204,134,326.292,,,
2017-07-17,430,142,425,270,674,251,2465,204,134,325.827,,,
2017-07-18,431,142,435,269,672,250,2465,203,134,326.745,,,
2017-07-19,430,141,436,268,672,247,2510,201,134,324.559,,,
2017-07-20,433,141,437,263,673,243,2674,198,133,325.241,,,
2017-07-21,434,142,440,260,681,244,2705,198,134,325.52,,,
2017-07-24,442,141,444,266,684,246,2918,201,132,328.781,,,
2017-07-25,435,139,442,266,673,243,2756,197,129,324.401,,,
2017-07-26,434,138,436,265,677,242,2751,195,130,324.784,,,
2017-07-27,436,135,433,263,674,237,2913,193,127,321.966,,,
2017-07-28,440,138,440,266,675,239,2959,195,128,326.03,,,
2017-07-31,434,152,448,263,673,237,2977,194,123,324.237,,,
2017-08-01,440,152,449,262,670,236,3216,196,123,327.087,,,
2017-08-02,437,152,451,263,665,238,3070,197,123,324.01,,,
2017-08-03,431,153,454,259,656,240,2814,201,123,322.497,,,
2017-08-04,431,150,455,257,648,240,2845,200,122,321.359,,,
2017-08-07,430,151,456,258,646,242,2779,197,122,321.233,,,
2017-08-08,429,149,448,256,626,239,2843,195,120,318.649,,,
2017-08-09,438,154,453,263,628,246,2958,202,124,325.593,,,
2017-08-10,446,160,461,274,635,254,3001,210,125,331.492,,,
2017-08-11,445,161,452,274,643,254,2991,208,129,333.804,,,
2017-08-14,438,156,426,269,632,249,3007,203,126,327.583,,,
2017-08-15,434,153,417,263,633,244,3069,198,122,324.421,,,
2017-08-16,433,156,414,264,634,245,3028,199,123,325.762,,,
2017-08-17,439,160,424,272,642,249,3044,204,126,328.518,,,
2017-08-18,437,160,418,270,639,247,3026,203,127,327.192,,,
2017-08-21,436,161,420,272,640,247,3007,203,127,327.483,,,
2017-08-22,435,158,417,269,638,245,3063,202,124,324.741,,,
2017-08-23,439,161,416,268,642,248,3177,204,126,328.926,,,
2017-08-24,431,156,412,264,636,243,3021,199,125,322.877,,,
2017-08-25,427,155,404,264,633,241,2952,200,123,322.12,,,
2017-08-28,433,155,404,266,636,242,3131,200,124,324.865,,,
2017-08-29,435,155,404,268,642,242,3190,201,125,325.233,,,
2017-08-30,430,153,396,265,640,239,3153,199,122,322.557,,,
2017-08-31,424,153,402,265,643,244,3125,195,130,321.019,,,
2017-10-02,406,140,377,240,597,233,3070,185,128,306.442,,,
2017-10-03,404,140,374,239,585,232,3063,183,126,306.011,,,
2017-10-04,404,140,371,238,576,232,3087,184,125,304.998,,,
2017-10-05,403,140,368,235,574,232,3081,184,125,303.542,,,
2017-10-06,406,140,371,237,574,237,3074,186,124,305.231,,,
2017-10-09,406,140,371,237,574,237,3074,186,124,305.231,,,
2017-10-10,409,142,372,241,577,241,3076,189,126,307.492,,,
2017-10-11,410,142,367,240,577,244,3074,190,126,307.096,,,
2017-10-12,410,143,363,239,578,247,3086,189,126,306.688,,,
2017-10-13,413,146,358,238,576,254,3116,190,127,309.618,,,
2017-10-16,413,143,355,236,569,252,3249,187,126,307.476,,,
2017-10-17,410,144,353,234,563,247,3240,185,126,307.167,,,
2017-10-18,404,140,352,230,569,243,3114,183,122,303.204,,,
2017-10-19,407,141,359,230,564,244,3193,184,123,304.596,,,
2017-10-20,407,138,358,227,562,241,3315,184,120,303.668,,,
2017-10-23,410,137,351,228,560,243,3488,183,118,306.193,,,
2017-10-24,407,135,357,229,561,245,3237,184,116,304.313,,,
2017-10-25,405,136,358,229,563,245,3132,185,115,304.326,,,
2017-10-26,412,135,369,235,565,245,3349,186,115,307.534,,,
2017-10-27,405,136,363,233,573,246,3056,184,116,305.532,,,
2017-10-30,406,138,353,233,572,247,3140,184,118,305.789,,,
2017-10-31,403,136,361,237,563,247,3171,183,118,306.685,,,
2017-11-01,401,137,365,237,548,248,3045,185,117,305.819,,,
2017-11-02,399,138,361,238,543,248,2989,184,118,305.943,,,
2017-11-03,420,140,368,242,547,247,4003,186,118,316.697,,,
2017-11-06,424,141,374,241,543,248,4269,187,120,320.206,,,
2017-11-07,436,142,384,247,558,251,4884,192,121,328.57,,,
2017-11-08,435,141,383,247,560,251,4770,190,124,328.167,,,
2017-11-09,437,141,386,249,567,252,4796,191,124,329.792,,,
2017-11-10,426,137,381,246,562,249,4160,188,123,323.916,,,
2017-11-13,423,137,380,245,561,249,3980,189,124,321.872,,,
2017-11-14,430,139,381,249,560,250,4383,190,125,325.125,,,
2017-11-15,430,144,388,253,581,256,3995,196,132,327.544,,,
2017-11-16,423,140,373,245,557,249,4014,188,131,321.579,,,
2017-11-17,422,140,366,241,552,247,4173,188,129,320.79,,,
2017-11-20,422,140,368,242,543,246,4215,188,132,320.124,,,
2017-11-21,422,140,363,240,527,243,4375,187,131,320.252,,,
2017-11-22,423,140,363,239,517,241,4608,186,129,320.973,,,
2017-11-23,423,140,363,239,517,241,4608,186,129,320.973,,,
2017-11-24,422,139,363,237,510,240,4588,183,128,318.573,,,
2017-11-27,420,137,361,236,505,236,4653,181,128,316.773,,,
2017-11-28,416,135,356,233,508,232,4587,177,126,314.931,,,
2017-11-29,417,134,358,233,507,232,4664,177,125,315.07,,,
2017-11-30,417,133,357,234,507,232,4717,176,123,313.402,,,
2017-12-01,421,137,359,238,507,236,4864,178,121,317.045,,,
2017-12-04,420,135,355,236,496,235,4968,175,118,315.778,,,
2017-12-05,420,138,356,229,498,236,4982,174,118,315.21,,,
2017-12-06,422,139,363,232,496,242,4826,177,120,316.99,,,
2017-12-07,421,137,365,235,488,242,4667,177,118,315.614,,,
2017-12-08,420,135,368,233,482,243,4543,175,118,315.735,,,
2017-12-11,420,136,366,232,474,246,4555,176,118,315.151,,,
2017-12-12,420,135,364,232,470,247,4537,177,119,314.351,,,
2017-12-13,423,137,363,236,473,248,4703,179,120,317.268,,,
2017-12-14,423,138,361,238,468,248,4704,177,121,316.887,,,
2017-12-15,421,144,361,236,457,247,4626,176,121,315.191,,,
2017-12-18,416,140,355,231,447,241,4609,171,118,310.77,,,
2017-12-19,413,135,350,228,449,237,4679,167,114,306.468,,,
2017-12-20,412,132,346,224,450,235,4779,165,113,305.181,,,
2017-12-21,416,135,347,226,455,240,4867,167,114,307.642,,,
2017-12-22,416,131,347,228,455,240,4843,169,115,308.022,,,
2017-12-25,416,131,347,228,455,240,4843,169,115,308.022,,,
2017-12-26,415,132,348,229,454,241,4752,170,114,308.488,,,
2017-12-27,419,136,350,232,458,245,4820,175,117,311.89,,,
2017-12-28,417,135,349,231,456,243,4794,172,116,309.972,,,
2017-12-29,419,136,351,232,459,245,4854,173,117,310.981,,,
2018-01-01,419,136,351,232,459,245,4854,173,117,310.981,,,
2018-01-02,417,132,347,227,448,239,5055,168,115,306.834,,,
2018-01-03,417,131,355,221,442,238,5177,166,117,306.031,,,
2018-01-04,416,129,356,217,437,238,5259,165,117,303.765,,,
2018-01-05,414,125,362,214,430,236,5332,163,114,300.419,,,
2018-01-08,415,123,365,215,430,235,5376,163,113,301.032,,,
2018-01-09,410,118,361,211,436,234,5112,161,111,297.632,,,
2018-01-10,415,121,364,214,441,237,5164,164,112,301.834,,,
2018-01-11,415,121,364,214,441,237,5164,164,112,301.834,,,
2018-01-12,410,121,364,216,462,240,4672,164,111,299.806,,,
2018-01-15,410,121,364,216,462,240,4672,164,111,299.806,,,
2018-01-16,408,121,362,218,457,238,4579,162,111,297.759,,,
2018-01-17,405,122,360,218,455,237,4515,157,109,295.897,,,
2018-01-18,405,119,359,221,457,234,4556,157,108,295.013,,,
2018-01-19,409,120,363,222,473,236,4745,156,110,297.293,,,
2018-01-22,408,118,365,222,474,235,4751,155,108,296.13,,,
2018-01-23,411,120,367,223,477,235,4836,155,110,297.82,,,
2018-01-24,410,120,369,217,463,233,4890,154,109,296.845,,,
2018-01-25,409,122,373,216,450,234,4841,155,107,297.406,,,
2018-01-26,405,119,372,213,445,230,4744,152,106,292.935,,,
2018-01-29,407,119,376,215,448,229,4797,154,106,295.414,,,
2018-01-30,407,120,379,214,453,227,4765,153,107,294.357,,,
2018-01-31,399,119,375,217,442,223,4660,153,106,292.325,,,
2018-02-01,397,119,375,217,436,220,4541,153,105,288.53,,,
2018-02-02,399,119,378,219,436,219,4572,158,105,289.96,,,
2018-02-05,416,131,398,233,460,232,4744,171,115,306.534,,,
2018-02-06,415,126,395,226,474,228,4873,167,115,302.877,,,
2018-02-07,406,119,384,217,471,222,4750,159,109,295.12,,,
2018-02-08,422,126,407,230,506,232,4889,177,115,306.89,,,
2018-02-09,442,138,428,246,543,247,5048,189,126,322.066,,,
2018-02-12,436,137,414,236,518,241,5088,182,120,318.582,,,
2018-02-13,439,142,424,245,534,246,4998,187,121,321.524,,,
2018-02-14,435,142,415,239,532,243,4963,184,120,318.781,,,
2018-02-15,423,136,398,224,509,235,4764,175,119,314.354,,,
2018-02-16,415,133,392,218,497,230,4672,167,117,308.782,,,
2018-02-19,415,133,392,218,497,230,4672,167,117,308.782,,,
2018-02-20,420,134,399,225,507,233,4761,173,118,310.471,,,
2018-02-21,419,133,395,223,504,230,4800,173,118,306.551,,,
2018-02-22,422,136,404,228,501,235,4686,176,122,310.74,,,
2018-02-23,423,137,405,227,500,237,4678,179,121,312.723,,,
2018-02-26,417,134,398,221,491,232,4658,174,119,309.036,,,
2018-02-27,414,131,398,219,469,229,4661,169,117,305.705,,,
2018-02-28,418,137,405,226,490,238,4625,178,120,311.163,,,
2018-03-01,427,146,419,232,511,245,4626,185,124,318.175,,,
2018-03-02,424,143,413,229,517,241,4632,180,122,315.387,,,
2018-03-05,420,139,411,226,515,237,4608,176,120,313.071,,,
2018-03-06,418,138,409,225,528,236,4525,176,120,311.746,,,
2018-03-07,420,139,416,228,536,239,4457,178,119,313.617,,,
2018-03-08,418,142,408,231,545,240,4213,179,119,314.056,,,
2018-03-09,412,139,389,224,544,237,4210,173,117,310.569,,,
2018-03-12,416,140,393,225,539,239,4423,174,119,313.77,,,
2018-03-13,419,143,399,232,545,243,4340,178,120,316.497,,,
2018-03-14,419,146,404,234,549,244,4207,179,122,318.11,,,
2018-03-15,421,147,413,236,547,245,4214,178,123,317.945,,,
2018-03-16,419,146,410,233,548,244,4186,177,122,315.977,,,
2018-03-19,424,150,421,237,569,249,4085,180,124,319.902,,,
2018-03-20,423,149,413,236,558,247,4143,180,124,319.622,,,
2018-03-21,422,147,411,235,550,246,4180,176,123,319.058,,,
2018-03-22,428,151,420,240,561,252,4233,181,126,324.069,,,
2018-03-23,435,156,427,242,577,258,4346,184,129,329.425,,,
2018-03-26,430,153,419,239,563,254,4245,180,127,325.827,,,
2018-03-27,429,154,421,241,557,254,4185,181,128,326.546,,,
2018-03-28,429,155,419,240,564,254,4215,181,128,326.172,,,
2018-03-29,426,156,420,238,544,252,4189,180,128,325.969,,,
2018-03-30,426,156,420,238,544,252,4189,180,128,325.969,,,
2018-04-02,429,155,425,241,551,255,4217,182,128,328.354,,,
2018-04-03,422,149,417,234,541,248,4230,174,125,321.438,,,
2018-04-04,423,147,417,234,561,246,4308,174,125,321.621,,,
2018-04-05,415,142,409,229,542,238,4238,169,122,315.418,,,
2018-04-06,420,146,419,237,553,243,4198,174,124,319.421,,,
2018-04-09,420,147,415,237,560,243,4222,174,124,321.544,,,
2018-04-10,418,147,407,235,572,240,4224,174,124,322.121,,,
2018-04-11,418,146,406,235,589,239,4222,172,123,322.593,,,
2018-04-12,413,143,396,233,577,235,4206,169,123,317.779,,,
2018-04-13,415,143,398,233,587,237,4199,171,122,318.165,,,
2018-04-16,417,143,401,236,592,238,4228,173,123,321.158,,,
2018-04-17,419,145,400,236,612,241,4238,175,124,323.418,,,
2018-04-18,415,141,397,231,593,239,4184,170,122,317.664,,,
2018-04-19,418,143,398,233,602,244,4165,170,121,318.444,,,
2018-04-20,419,141,400,232,612,245,4191,169,122,319.346,,,
2018-04-23,422,141,401,231,620,248,4227,170,122,322.704,,,
2018-04-24,423,141,403,231,629,248,4293,171,123,321.827,,,
2018-04-25,425,142,402,231,628,251,4287,171,123,324.773,,,
2018-04-26,431,146,419,232,634,254,4306,176,125,327.983,,,
2018-04-27,435,150,419,237,650,258,4250,179,128,331.67,,,
2018-04-30,443,152,431,242,667,263,4344,182,130,334.932,,,
2018-05-01,445,152,432,242,672,264,4373,182,130,336.883,,,
2018-05-02,455,158,444,248,684,269,4554,188,133,345.218,,,
2018-05-03,465,163,469,255,702,277,4601,198,135,352.464,,,
2018-05-04,461,158,454,253,714,272,4620,195,137,353.197,,,
2018-05-07,461,157,470,255,715,269,4606,191,136,354.515,,,
2018-05-08,471,161,489,262,759,274,4741,195,137,361.902,,,
2018-05-09,467,158,488,257,780,270,4641,191,135,361.673,,,
2018-05-10,452,151,467,246,737,260,4477,181,132,350.186,,,
2018-05-11,451,151,479,248,742,260,4330,177,131,346.502,,,
2018-05-14,450,150,499,247,748,258,4243,177,131,345.304,,,
2018-05-15,451,151,480,252,716,262,4240,180,131,347.751,,,
2018-05-16,444,149,449,249,673,260,4272,178,131,343.754,,,
2018-05-17,450,152,452,254,661,263,4419,186,132,348.154,,,
2018-05-18,461,160,460,266,670,271,4503,193,136,356.176,,,
2018-05-21,460,160,457,264,653,272,4465,194,136,358.085,,,
2018-05-22,453,155,454,258,644,265,4421,189,134,351.489,,,
2018-05-23,453,157,452,259,630,267,4356,189,136,351.358,,,
2018-05-24,452,157,454,261,621,265,4345,189,136,348.466,,,
2018-05-25,453,160,462,264,624,265,4368,192,138,349.371,,,
2018-05-28,453,160,462,264,624,265,4368,192,138,349.371,,,
2018-05-29,477,173,497,290,657,282,4556,205,147,365.032,,,
2018-05-30,473,166,501,287,649,278,4520,201,143,360.689,,,
2018-05-31,479,168,521,299,671,288,4565,205,145,366.683,,,
2018-06-01,475,162,512,301,670,285,4495,199,143,366.199,,,
2018-06-04,465,157,480,294,655,281,4444,192,140,359.642,,,
2018-06-05,468,159,473,297,651,291,4458,194,142,362.472,,,
2018-06-06,466,158,465,303,650,289,4466,193,139,360.775,,,
2018-06-07,477,163,479,321,660,300,4477,202,143,366.899,,,
2018-06-08,477,164,474,318,664,302,4476,204,143,368.02,,,
2018-06-11,481,163,486,321,670,306,4479,205,143,369.764,,,
2018-06-12,485,164,502,325,685,307,4604,204,143,373.676,,,
2018-06-13,484,161,505,323,678,304,4506,201,142,374.685,,,
2018-06-14,490,164,540,326,696,303,4575,202,141,376.484,,,
2018-06-15,490,163,550,326,731,299,4582,199,141,379.212,,,
2018-06-18,498,164,566,335,776,301,4693,202,141,386.583,,,
2018-06-19,503,168,561,337,806,302,4792,206,143,394.265,,,
2018-06-20,494,164,554,326,762,292,4867,201,141,384.409,,,
2018-06-21,491,164,543,319,756,286,4979,199,142,383.501,,,
2018-06-22,483,162,533,313,728,279,4965,195,141,376.003,,,
2018-06-25,489,164,546,318,741,284,5026,198,143,382.058,,,
2018-06-26,490,163,558,315,742,283,5030,198,142,384.241,,,
2018-06-27,499,169,584,326,763,288,5018,203,145,389.689,,,
2018-06-28,497,168,593,325,765,283,4989,200,144,389.063,,,
2018-06-29,497,166,608,326,761,281,5011,197,144,388.064,,,
2018-07-02,498,166,604,325,752,289,5000,196,143,389.041,,,
2018-07-03,491,166,587,321,720,282,4983,192,145,386.226,,,
2018-07-04,491,166,587,321,720,282,4983,192,145,386.226,,,
2018-07-05,484,164,578,313,689,278,4980,187,142,379.573,,,
2018-07-06,476,161,564,307,665,272,4935,182,141,373.712,,,
2018-07-09,470,153,563,299,653,268,4931,176,138,365.209,,,
2018-07-10,467,149,567,292,657,267,5038,174,135,364.759,,,
2018-07-11,474,154,578,296,683,272,4886,182,138,370.533,,,
2018-07-12,471,152,574,294,680,269,4880,183,138,368.47,,,
2018-07-13,467,151,569,293,653,267,4870,179,137,364.504,,,
2018-07-16,467,149,575,291,665,263,4896,180,137,364.203,,,
2018-07-17,469,148,583,290,661,265,4919,179,137,365.023,,,
2018-07-18,465,145,574,287,643,262,4901,178,136,362.1,,,
2018-07-19,471,150,582,292,650,267,4974,182,138,366.164,,,
2018-07-20,467,147,572,278,642,264,5019,180,137,361.969,,,
2018-07-23,466,146,572,273,639,262,5039,179,135,358.054,,,
2018-07-24,467,147,576,272,627,263,5056,181,135,360.216,,,
2018-07-25,464,145,574,268,607,261,5088,179,136,357.628,,,
2018-07-26,456,139,553,264,585,255,5090,173,131,348.999,,,
2018-07-27,455,140,549,260,584,257,5061,173,131,349.406,,,
2018-07-30,460,140,550,262,604,264,5076,173,132,352.076,,,
2018-07-31,465,143,556,263,603,274,5086,177,133,354.174,,,
2018-08-01,469,141,559,266,622,277,5101,180,132,356.557,,,
2018-08-02,469,143,568,268,625,275,5008,180,133,360.652,,,
2018-08-03,469,143,568,265,623,274,5034,178,134,360.401,,,
2018-08-06,472,145,581,267,627,275,5070,178,134,363.349,,,
2018-08-07,473,143,590,270,635,272,5100,178,133,362.121,,,
2018-08-08,478,147,608,272,648,274,5144,180,134,365.796,,,
2018-08-09,485,150,632,279,656,278,5182,185,136,372.688,,,
2018-08-10,504,158,699,295,687,290,5284,193,143,391.71,,,
2018-08-13,514,157,747,300,720,292,5425,194,145,404.589,,,
2018-08-14,502,153,694,294,703,284,5429,188,141,392.594,,,
2018-08-15,505,157,697,300,714,289,5351,190,143,396.192,,,
2018-08-16,497,154,661,296,699,282,5394,187,142,390.337,,,
2018-08-17,496,152,670,299,706,278,5423,183,141,390.196,,,
2018-08-20,499,154,684,302,721,279,5466,183,143,394.169,,,
2018-08-21,496,151,684,305,712,276,5368,182,142,389.827,,,
2018-08-22,497,152,689,316,690,276,5383,182,143,386.427,,,
2018-08-23,500,153,695,325,683,280,5431,181,143,388.394,,,
2018-08-24,502,152,699,325,687,281,5488,181,143,390.263,,,
2018-08-27,497,148,687,322,686,276,5539,179,141,386.741,,,
2018-08-28,495,143,688,323,679,272,5576,174,139,383.351,,,
2018-08-29,501,144,727,328,684,274,5639,175,139,388.194,,,
2018-08-30,512,146,777,335,710,279,5720,180,141,395.88,,,
2018-08-31,514,147,771,337,725,282,5807,184,141,399.915,,,
2018-10-01,474,132,629,291,630,255,5519,169,121,362.073,,,
2018-10-02,475,134,632,281,624,256,5647,169,122,365.731,,,
2018-10-03,470,126,626,268,618,252,5656,166,118,358.467,,,
2018-10-04,479,130,656,274,639,257,5681,168,119,367.811,,,
2018-10-05,482,129,669,268,656,256,5721,169,118,368.774,,,
2018-10-08,482,129,669,268,656,256,5721,169,118,368.774,,,
2018-10-09,480,135,661,256,644,257,5695,171,120,372.542,,,
2018-10-10,485,136,681,264,660,257,5642,172,123,373.464,,,
2018-10-11,492,147,686,268,669,264,5612,182,128,381.973,,,
2018-10-12,486,144,657,261,667,260,5671,180,127,376.502,,,
2018-10-15,483,142,635,257,663,259,5656,180,128,374.232,,,
2018-10-16,481,142,636,253,654,255,5706,178,128,372.607,,,
2018-10-17,481,139,655,251,653,252,5765,177,126,369.151,,,
2018-10-18,491,145,663,260,676,261,5787,183,132,375.435,,,
2018-10-19,493,147,661,258,681,264,5831,184,132,376.68,,,
2018-10-22,498,149,665,256,692,271,5878,186,133,379.437,,,
2018-10-23,500,150,665,256,698,275,5870,184,134,383.272,,,
2018-10-24,510,154,676,264,704,279,6458,187,137,388.749,,,
2018-10-25,506,152,667,260,696,278,6266,184,137,387.149,,,
2018-10-26,510,156,670,262,698,287,6034,191,140,391.457,,,
2018-10-29,518,157,672,262,704,302,5988,194,140,394.852,,,
2018-10-30,518,155,665,259,715,307,5876,190,142,395.372,,,
2018-10-31,512,152,652,256,722,307,5803,186,140,392.353,,,
2018-11-01,509,153,635,251,694,306,5854,186,140,391.467,,,
2018-11-02,499,146,609,244,681,297,5886,182,135,381.893,,,
2018-11-05,499,147,604,243,678,298,5844,183,136,382.394,,,
2018-11-06,498,147,600,245,682,296,5855,185,137,381.177,,,
2018-11-07,495,146,597,243,686,292,5841,182,133,378.317,,,
2018-11-08,501,146,607,245,697,300,5910,187,135,381.642,,,
2018-11-09,508,149,617,250,708,308,5959,190,137,387.83,,,
2018-11-12,508,149,617,250,708,308,5959,190,137,387.83,,,
2018-11-13,522,154,637,257,739,325,5967,199,141,398.592,,,
2018-11-14,526,156,642,258,743,329,5941,202,144,401.464,,,
2018-11-15,531,157,649,256,762,337,5903,205,146,404.692,,,
2018-11-16,531,160,656,259,761,332,5938,206,149,407.615,,,
2018-11-19,539,164,666,262,785,339,5998,212,152,411.356,,,
2018-11-20,553,167,693,268,815,351,6137,217,156,423.498,,,
2018-11-21,549,164,686,266,806,346,6231,214,154,420.547,,,
2018-11-22,549,164,686,266,806,346,6231,214,154,420.547,,,
2018-11-23,550,165,688,269,815,347,6200,214,155,423.117,,,
2018-11-26,551,163,695,271,804,349,6204,217,155,424.611,,,
2018-11-27,557,168,714,275,817,354,6214,220,157,429.908,,,
2018-11-28,547,163,705,267,760,344,6215,213,154,425.517,,,
2018-11-29,544,161,709,267,749,339,6210,211,153,418.871,,,
2018-11-30,544,162,706,265,740,347,6255,210,157,419.688,,,
2018-12-03,534,162,698,263,710,331,6265,207,156,411.612,,,
2018-12-04,548,170,724,268,735,348,6316,213,160,420.92,,,
2018-12-05,548,170,724,268,735,348,6316,213,160,420.92,,,
2018-12-06,550,172,729,273,741,350,6261,214,164,425.689,,,
2018-12-07,547,169,729,270,718,348,6232,209,163,423.011,,,
2018-12-10,549,168,752,271,731,348,6277,208,163,425.237,,,
2018-12-11,544,163,757,266,742,337,6274,202,160,421.457,,,
2018-12-12,531,157,741,257,725,320,6276,196,158,414.271,,,
2018-12-13,530,155,746,255,723,319,6319,197,155,410.292,,,
2018-12-14,534,155,763,257,735,323,6312,198,155,412.837,,,
2018-12-17,535,156,775,257,748,322,6535,201,155,414.141,,,
2018-12-18,540,159,781,261,762,327,6642,206,156,418.184,,,
2018-12-19,549,165,787,267,776,338,6739,214,160,424.328,,,
2018-12-20,552,162,802,265,797,343,6822,214,157,422.757,,,
2018-12-21,558,161,815,269,812,349,6818,219,159,425.918,,,
2018-12-24,563,166,821,273,815,353,6831,223,162,430.628,,,
2018-12-25,563,166,821,273,815,353,6831,223,162,430.628,,,
2018-12-26,560,161,820,269,816,349,6866,219,158,426.471,,,
2018-12-27,564,163,829,270,822,354,6899,221,160,430.406,,,
2018-12-28,563,164,813,269,822,352,6928,223,163,431.525,,,
2018-12-31,568,168,817,273,826,357,6845,228,166,434.614,,,
2019-01-01,568,168,817,273,826,357,6845,228,166,434.614,,,
2019-01-02,565,171,791,272,803,358,6832,228,164,435.426,,,
2019-01-03,567,177,768,277,803,362,6864,232,168,440.607,,,
2019-01-04,546,164,730,262,752,342,6808,213,159,422.432,,,
2019-01-07,532,157,713,254,726,330,6710,203,154,412.443,,,
2019-01-08,531,155,727,252,717,328,6605,201,151,411.493,,,
2019-01-09,524,150,708,247,694,327,6503,195,147,404.507,,,
2019-01-10,527,149,706,251,696,336,6241,195,149,407.619,,,
2019-01-11,528,151,703,255,701,340,6048,198,150,409.533,,,
2019-01-14,523,151,697,255,692,335,5850,197,149,408.248,,,
2019-01-15,520,151,695,253,694,333,5628,197,149,404.822,,,
2019-01-16,517,150,689,251,699,331,5628,197,148,400.411,,,
2019-01-17,515,151,690,251,715,322,5786,197,145,398.572,,,
2019-01-18,503,147,672,242,700,310,5666,193,143,388.458,,,
2019-01-21,503,147,672,242,700,310,5666,193,143,388.458,,,
2019-01-22,508,149,689,247,707,318,5478,197,144,391.962,,,
2019-01-23,495,147,670,242,677,315,4889,197,142,382.636,,,
2019-01-24,496,148,663,241,660,315,5063,197,143,381.45,,,
2019-01-25,490,143,663,235,670,310,4939,194,139,376.925,,,
2019-01-28,490,143,685,236,697,308,4650,196,141,380.471,,,
2019-01-29,498,146,696,239,707,319,4634,199,143,386.111,,,
2019-01-30,503,145,689,236,703,329,4897,195,143,389.06,,,
2019-01-31,498,145,676,235,690,330,4770,191,145,377.909,,,
2019-02-01,487,137,654,234,682,319,4624,186,141,370.3,,,
2019-02-04,483,134,648,231,683,313,4673,182,138,368.451,,,
2019-02-05,477,133,635,229,659,305,4727,182,136,363.163,,,
2019-02-06,482,136,652,236,672,308,4735,186,135,365.825,,,
2019-02-07,492,142,667,242,690,318,4762,193,139,374.327,,,
2019-02-08,496,145,675,245,700,322,4770,194,139,379.038,,,
2019-02-11,498,144,683,245,706,322,4775,198,138,380.603,,,
2019-02-12,492,142,670,239,659,318,4781,194,136,375.718,,,
2019-02-13,489,139,665,237,644,318,4786,191,135,370.695,,,
2019-02-14,491,142,674,236,656,317,4754,196,136,374.713,,,
2019-02-15,500,143,690,235,684,320,5258,196,136,378.488,,,
2019-02-18,500,143,690,235,684,320,5258,196,136,378.488,,,
2019-02-19,502,142,703,236,682,323,5269,195,136,378.372,,,
2019-02-20,503,142,715,236,674,323,5278,193,137,377.991,,,
2019-02-21,502,140,711,236,630,328,5224,192,134,375.43,,,
2019-02-22,499,141,699,235,611,325,5236,192,136,375.569,,,
2019-02-25,498,140,692,234,605,326,5243,191,134,372.506,,,
2019-02-26,497,140,691,234,606,324,5255,191,133,373.097,,,
2019-02-27,491,134,686,231,584,318,5277,186,128,367.31,,,
2019-02-28,484,131,697,230,589,316,5303,186,129,361.212,,,
2019-03-01,485,130,718,230,598,317,5108,185,128,361.391,,,
2019-03-04,490,133,733,234,615,321,5119,189,130,366.16,,,
2019-03-05,493,134,744,236,632,321,5142,189,131,369.213,,,
2019-03-06,492,134,747,239,630,318,5152,189,130,369.167,,,
2019-03-07,500,137,777,243,646,324,5183,193,134,376.051,,,
2019-03-08,499,140,764,246,641,321,5193,195,135,378.566,,,
2019-03-11,489,137,738,238,612,310,5200,190,134,372.218,,,
2019-03-12,489,139,741,240,604,310,5212,192,135,372.068,,,
2019-03-13,490,138,748,244,615,310,5147,191,135,371.536,,,
2019-03-14,485,135,737,239,600,304,5172,187,132,367.231,,,
2019-03-15,484,138,724,239,590,306,5160,188,133,367.495,,,
2019-03-18,481,135,725,236,584,303,5160,186,132,364.333,,,
2019-03-19,479,131,724,234,585,302,5168,184,130,361.927,,,
2019-03-20,483,137,723,235,588,308,5184,187,133,368.986,,,
2019-03-21,478,134,731,234,591,297,5209,183,131,362.107,,,
2019-03-22,488,139,764,249,630,300,5226,188,133,373.342,,,
2019-03-25,491,142,768,250,642,304,5240,191,134,377.413,,,
2019-03-26,489,138,768,250,620,302,5267,186,136,376.025,,,
2019-03-27,492,136,781,256,628,305,5278,187,135,380.514,,,
2019-03-28,492,132,787,252,621,308,5277,187,134,380.399,,,
2019-03-29,488,130,774,248,592,308,5224,184,133,372.774,,,
2019-04-01,481,126,761,243,566,303,5227,179,131,363.888,,,
2019-04-02,485,126,764,247,563,308,5237,185,131,365.833,,,
2019-04-03,480,123,753,243,553,300,5244,181,130,362.714,,,
2019-04-04,482,122,767,244,560,300,5247,179,129,361.83,,,
2019-04-05,483,122,782,246,562,299,5330,180,129,362.506,,,
2019-04-08,485,121,803,244,566,296,5398,179,128,362.535,,,
2019-04-09,484,122,815,244,563,294,5409,178,128,362.556,,,
2019-04-10,487,125,816,246,576,296,5370,180,130,365.48,,,
2019-04-11,484,123,814,246,568,292,5312,178,129,364.837,,,
2019-04-12,482,120,808,245,558,293,5331,176,126,363.146,,,
2019-04-15,485,121,808,247,551,298,5341,177,128,364.621,,,
2019-04-16,480,118,801,241,528,294,5347,175,125,360.077,,,
2019-04-17,483,119,825,242,526,293,5429,175,126,359.734,,,
2019-04-18,487,121,851,245,528,294,5450,177,126,363.23,,,
2019-04-19,487,121,851,245,528,294,5450,177,126,363.23,,,
2019-04-22,484,119,845,243,523,292,5459,175,126,361.432,,,
2019-04-23,484,120,860,241,512,291,5470,172,126,361.933,,,
2019-04-24,495,125,950,245,541,294,5484,174,127,367.475,,,
2019-04-25,495,125,939,246,557,294,5512,175,128,370.76,,,
2019-04-26,495,125,963,245,565,290,5525,173,127,370.438,,,
2019-04-29,492,122,939,241,569,288,5533,172,126,366.93,,,
2019-04-30,495,126,950,245,560,292,5546,176,127,364.777,,,
2019-05-01,495,126,960,243,553,295,5553,174,126,362.696,,,
2019-05-02,498,125,964,243,555,299,5640,175,124,362.119,,,
2019-05-03,493,125,931,241,549,296,5569,175,122,361.232,,,
2019-05-06,494,127,916,243,551,298,5582,177,123,363.22,,,
2019-05-07,501,131,917,248,563,307,5595,185,126,369.762,,,
2019-05-08,496,128,901,243,565,302,5603,183,125,368.372,,,
2019-05-09,502,133,903,246,584,307,5647,188,128,374.683,,,
2019-05-10,501,132,898,245,568,307,5658,187,128,372.575,,,
2019-05-13,510,138,931,252,595,311,5614,195,133,381.661,,,
2019-05-14,505,136,921,249,581,307,5556,189,131,378.254,,,
2019-05-15,504,140,913,252,574,309,5459,190,134,379.484,,,
2019-05-16,504,137,918,253,563,309,5485,189,133,376.392,,,
2019-05-17,509,139,943,256,572,313,5356,190,134,379.132,,,
2019-05-20,506,136,934,252,572,311,5362,191,133,376.284,,,
2019-05-21,498,133,885,249,553,306,5368,189,131,372.227,,,
2019-05-22,502,135,909,250,567,308,5380,192,133,374.953,,,
2019-05-23,512,143,919,259,590,319,5425,201,138,386.575,,,
2019-05-24,509,141,903,257,584,313,5639,197,138,383.737,,,
2019-05-27,509,141,903,257,584,313,5639,197,138,383.737,,,
2019-05-28,514,143,920,259,591,317,5653,201,138,387.092,,,
2019-05-29,515,141,934,261,599,317,5655,202,141,389.171,,,
2019-05-30,517,143,942,262,599,320,5687,205,143,390.721,,,
2019-05-31,527,148,985,267,619,329,5578,212,145,392.675,,,
2019-06-03,533,151,1008,269,639,334,5598,214,149,398.309,,,
2019-06-04,519,141,969,255,614,322,5613,203,143,388.019,,,
2019-06-05,515,137,967,250,607,318,5626,198,142,381.9,,,
2019-06-06,516,134,952,249,601,329,5633,197,141,379.427,,,
2019-06-07,519,135,947,248,592,341,5647,197,141,380.79,,,
2019-06-10,509,128,932,244,574,328,5651,191,136,371.517,,,
2019-06-11,505,128,904,242,572,325,5660,187,135,371.572,,,
2019-06-12,503,127,849,241,583,329,5674,188,136,372.166,,,
2019-06-13,506,131,844,242,588,333,5708,193,136,376.376,,,
2019-06-14,509,128,845,244,589,342,5717,191,136,377.231,,,
2019-06-17,511,129,850,245,596,344,5729,193,137,378.658,,,
2019-06-18,504,126,833,241,576,338,5739,188,136,372.098,,,
2019-06-19,503,127,826,241,581,338,5757,187,137,372.027,,,
2019-06-20,497,124,822,232,563,328,5986,179,136,361.957,,,
2019-06-21,497,118,821,230,566,328,6198,174,132,361.281,,,
2019-06-24,505,122,849,233,584,336,6194,179,134,365.697,,,
2019-06-25,511,125,875,237,612,340,6207,185,135,369.757,,,
2019-06-26,508,123,871,234,594,335,6213,184,132,365.991,,,
2019-06-27,510,125,856,236,585,334,6828,183,133,368.239,,,
2019-06-28,517,124,835,232,580,329,8867,181,135,365.831,,,
2019-07-01,509,120,813,226,553,324,8886,174,132,356.674,,,
2019-07-02,511,122,803,230,568,328,8933,177,135,359.971,,,
2019-07-03,509,123,795,230,573,327,9000,178,135,359.209,,,
2019-07-04,509,123,795,230,573,327,9000,178,135,359.209,,,
2019-07-05,503,118,787,225,567,320,9014,174,131,352.985,,,
2019-07-08,510,117,801,224,575,320,10713,172,131,357.126,,,
2019-07-09,510,114,786,221,566,326,10742,172,129,358.379,,,
2019-07-10,512,112,786,216,566,332,10780,171,130,359.462,,,
2019-07-11,512,109,787,210,569,328,11518,169,129,354.919,,,
2019-07-12,509,110,778,209,572,325,11160,171,128,356.723,,,
2019-07-15,508,113,771,210,572,323,11194,171,129,355.541,,,
2019-07-16,509,112,773,208,577,325,11225,171,128,352.719,,,
2019-07-17,515,118,781,213,599,332,11262,176,129,356.459,,,
2019-07-18,519,120,790,215,617,335,11372,177,130,359.699,,,
2019-07-19,517,119,783,213,593,334,11609,175,130,356.931,,,
2019-07-22,514,118,782,209,581,331,11645,172,130,355.099,,,
2019-07-23,512,115,780,206,576,330,11769,168,129,351.325,,,
2019-07-24,513,116,810,206,574,329,11807,169,129,351.19,,,
2019-07-25,511,113,826,201,575,324,11919,168,127,348.397,,,
2019-07-26,509,113,792,201,574,326,11958,169,127,348.678,,,
2019-07-29,507,114,785,201,577,323,11869,168,127,348.833,,,
2019-07-30,510,115,783,202,599,324,11908,172,128,350.579,,,
2019-07-31,467,117,781,206,603,323,11945,175,125,332.978,,,
2019-08-01,479,128,815,215,637,334,11673,186,132,347.838,,,
2019-08-02,482,125,829,215,651,336,11695,188,131,348.246,,,
2019-08-05,501,131,902,229,717,350,11759,196,137,365.21,,,
2019-08-06,498,131,896,227,698,348,11794,195,136,363.668,,,
2019-08-07,493,127,897,225,706,342,11837,188,137,359.793,,,
2019-08-08,487,125,895,223,666,335,12060,182,134,355.76,,,
2019-08-09,480,122,872,219,660,331,11295,178,132,349.169,,,
2019-08-12,531,132,1467,232,706,346,11549,190,137,375.988,,,
2019-08-13,540,127,1741,229,698,343,11578,184,135,375.502,,,
2019-08-14,554,130,1957,236,725,352,11622,189,137,383.386,,,
2019-08-15,551,135,1738,244,742,358,11449,194,139,386.503,,,
2019-08-16,543,131,1653,241,737,352,11487,192,139,381.18,,,
2019-08-19,550,125,1879,236,733,350,11226,188,135,380.093,,,
2019-08-20,553,129,1866,240,741,354,11263,191,138,384.927,,,
2019-08-21,546,125,1814,238,704,352,11455,188,136,380.219,,,
2019-08-22,542,121,1795,233,696,349,11555,183,133,375.411,,,
2019-08-23,549,127,1807,239,715,355,11596,189,138,382.575,,,
2019-08-26,548,125,1815,238,713,353,11629,188,136,380.456,,,
2019-08-27,557,129,1990,243,730,357,11666,190,138,385.551,,,
2019-08-28,558,127,2072,245,734,354,11061,185,137,384.819,,,
2019-08-29,557,122,2272,241,726,343,11148,179,133,381.47,,,
2019-08-30,513,122,2532,241,705,334,11179,179,133,360.996,,,
2019-10-01,470,139,2156,243,684,321,18976,186,140,341.253,,,
2019-10-02,477,143,2181,251,682,327,19062,192,144,347.884,,,
2019-10-03,479,140,2190,256,686,329,19088,194,148,351.804,,,
2019-10-04,475,134,2169,256,684,327,19170,189,143,348.73,,,
2019-10-07,468,128,2110,251,667,322,20170,183,140,343.117,,,
2019-10-08,475,130,2094,254,777,326,20512,185,142,347.274,,,
2019-10-09,470,129,2049,247,783,322,20603,183,140,344.621,,,
2019-10-10,459,125,1890,239,762,316,19573,180,138,338.977,,,
2019-10-11,453,122,1894,232,744,309,19650,174,134,332.324,,,
2019-10-14,453,122,1894,232,744,309,19650,174,134,332.324,,,
2019-10-15,454,123,1931,229,800,307,19734,174,133,330.942,,,
2019-10-16,458,125,2004,231,823,307,19822,175,132,333.405,,,
2019-10-17,457,126,1995,230,805,305,19355,177,132,331.686,,,
2019-10-18,457,125,2048,230,809,303,19436,176,131,331.906,,,
2019-10-21,456,121,2122,226,809,297,19650,172,132,330.574,,,
2019-10-22,458,123,2169,229,808,297,19733,173,134,332.552,,,
2019-10-23,458,123,2154,229,816,297,19816,174,133,331.31,,,
2019-10-24,456,123,2088,227,797,297,20307,173,133,329.186,,,
2019-10-25,454,120,2146,223,781,294,20394,169,130,325.655,,,
2019-10-28,455,118,2262,219,780,289,20526,169,129,323.946,,,
2019-10-29,453,121,2206,220,779,287,18436,173,131,325.463,,,
2019-10-30,461,128,2238,229,801,296,18514,181,136,333.736,,,
2019-10-31,424,131,2278,233,789,320,16671,182,141,322.548,,,
2019-11-01,419,128,2275,224,761,315,16729,179,141,317.38,,,
2019-11-04,416,125,2270,222,747,312,16614,176,141,312.858,,,
2019-11-05,416,124,2282,224,750,311,16127,176,140,311.543,,,
2019-11-06,420,127,2331,227,760,314,16184,179,141,315,,,
2019-11-07,416,123,2342,222,763,308,16657,173,139,307.978,,,
2019-11-08,417,121,2413,221,764,308,16631,171,138,309.164,,,
2019-11-11,417,121,2413,221,764,308,16631,171,144,313.291,,,
2019-11-12,424,124,2493,224,790,312,17350,174,144,313.291,,,
2019-11-13,427,126,2496,227,812,315,16978,178,147,316.882,,,
2019-11-14,428,128,2430,231,829,317,15945,181,148,318.023,,,
2019-11-15,428,125,2442,230,853,317,15995,181,147,317.296,,,
2019-11-18,438,127,2455,232,1128,319,16238,185,146,321.537,,,
2019-11-19,445,131,2366,238,1223,327,16291,192,151,326.714,,,
2019-11-20,448,134,2262,241,1346,332,16332,193,153,329.849,,,
2019-11-21,443,131,2208,237,1418,326,14646,188,152,325.819,,,
2019-11-22,438,129,2236,233,1319,321,14689,183,151,323.41,,,
2019-11-25,437,129,2289,234,1240,321,13860,184,149,324.307,,,
2019-11-26,435,131,2272,237,1114,322,13943,189,150,324.933,,,
2019-11-27,435,126,2264,236,1150,321,14065,189,149,323.989,,,
2019-11-28,435,126,2264,236,1150,321,14065,189,149,323.989,,,
2019-11-29,394,126,2262,236,1146,320,13554,188,149,308.89,,,
2019-12-02,398,125,2376,238,1152,321,13592,188,150,309.716,,,
2019-12-03,409,136,2400,247,1142,335,13638,198,154,320.449,,,
2019-12-04,400,128,2340,238,1139,327,13673,189,152,311.387,,,
2019-12-05,397,127,2358,236,1119,321,13697,185,151,308.263,,,
2019-12-06,388,124,2317,229,1062,314,13732,178,149,302.508,,,
2019-12-09,384,123,2180,229,1051,313,13771,178,149,300.252,,,
2019-12-10,380,122,2165,226,1001,311,13812,176,148,298.705,,,
2019-12-11,381,125,2141,228,959,315,13855,177,149,300.605,,,
2019-12-12,369,114,2083,213,929,304,13973,167,145,287.631,,,
2019-12-13,371,118,2103,216,921,307,14019,170,145,292.27,,,
2019-12-16,363,110,2114,211,899,296,14058,162,140,285.618,,,
2019-12-17,356,109,1968,209,881,293,14362,162,139,281.297,,,
2019-12-18,350,105,1888,207,860,289,14534,159,136,277.215,,,
2019-12-19,355,108,1929,211,867,296,14286,163,137,280.612,,,
2019-12-20,354,109,1902,213,846,297,14329,163,136,280.195,,,
2019-12-23,350,108,1851,210,840,294,14415,162,135,276.892,,,
2019-12-24,352,110,1831,213,833,297,14462,164,137,280.015,,,
2019-12-25,352,110,1831,213,833,297,14462,164,137,280.015,,,
2019-12-26,350,110,1779,213,825,297,14598,165,137,279.386,,,
2019-12-27,349,112,1738,213,820,297,14601,166,137,279.393,,,
2019-12-30,349,110,1748,213,825,295,14695,166,136,278.733,,,
2019-12-31,346,107,1744,212,826,292,14740,161,135,277.391,,,
2020-01-01,346,107,1744,212,826,292,14740,161,135,277.391,,,
2020-01-02,350,110,1824,215,803,295,14999,165,136,280.344,,,
2020-01-03,358,116,1938,222,796,300,15246,171,139,288.939,,,
2020-01-06,354,113,1930,220,774,296,15748,167,137,287.12,,,
2020-01-07,353,112,1898,217,794,294,16016,167,139,284.292,,,
2020-01-08,349,107,1887,213,780,290,16069,163,139,278.783,,,
2020-01-09,351,111,1847,213,801,293,16042,167,140,282.006,,,
2020-01-10,353,112,1820,211,845,296,16098,168,140,283.181,,,
2020-01-13,352,110,1819,211,861,294,16153,167,141,281.247,,,
2020-01-14,356,112,1847,213,877,297,16210,168,142,283.451,,,
2020-01-15,355,113,1806,215,861,299,16268,169,143,282.565,,,
2020-01-16,350,110,1802,210,841,293,16501,168,141,278.923,,,
2020-01-17,349,107,1830,208,828,292,16560,165,139,277.63,,,
2020-01-20,349,107,1830,208,828,292,16560,165,139,277.63,,,
2020-01-21,356,112,1920,212,851,295,15622,170,142,283.154,,,
2020-01-22,356,112,1967,214,852,293,15546,170,142,282.741,,,
2020-01-23,362,116,1995,218,878,297,15711,174,146,287.062,,,
2020-01-24,369,119,2070,223,912,301,15769,178,149,292.046,,,
2020-01-27,381,125,2150,230,978,313,15828,183,153,302.212,,,
2020-01-28,372,121,2098,225,937,306,15882,177,150,294.973,,,
2020-01-29,370,124,2029,223,940,305,15886,178,151,296.272,,,
2020-01-30,371,121,2035,223,972,304,16061,175,151,296.682,,,
2020-01-31,372,122,2068,224,1018,308,16553,176,149,299.357,,,
2020-02-03,371,124,2004,224,1033,309,15913,176,149,297.95,,,
2020-02-04,365,122,1904,217,1096,305,16063,173,147,291.916,,,
2020-02-05,359,117,1884,212,1040,300,16027,167,143,286.907,,,
2020-02-06,358,116,1901,211,1044,298,16198,168,142,287.006,,,
2020-02-07,363,120,1864,215,1108,303,16260,171,143,291.783,,,
2020-02-10,366,122,1882,215,1150,305,16321,173,144,295.55,,,
2020-02-11,364,118,1981,208,1129,299,16378,168,143,291.713,,,
2020-02-12,357,114,1951,201,1105,292,14975,165,141,286.4,,,
2020-02-13,361,114,2037,201,1156,293,14708,165,141,287.366,,,
2020-02-14,359,115,2014,195,1136,293,14756,165,140,287.084,,,
2020-02-17,359,115,2014,195,1136,293,14756,165,140,287.084,,,
2020-02-18,362,118,2053,197,1153,294,14803,166,141,288.914,,,
2020-02-19,357,115,2035,187,1119,290,13482,162,140,286.771,,,
2020-02-20,362,116,2093,192,1152,294,13232,165,141,290.659,,,
2020-02-21,365,118,2046,200,1207,299,12863,167,142,292.72,,,
2020-02-24,376,123,2059,207,1328,312,12907,172,146,302.249,,,
2020-02-25,385,130,2071,212,1404,320,12005,180,152,310.005,,,
2020-02-26,389,132,2082,217,1395,323,12041,182,156,314.515,,,
2020-02-27,403,139,2186,232,1455,334,12176,192,165,326.474,,,
2020-02-28,428,156,2283,251,1466,372,12246,212,180,353.579,,,
2020-03-02,423,154,2244,246,1461,365,12285,205,180,348.507,,,
2020-03-03,418,153,2214,239,1473,362,12337,200,178,346.012,,,
2020-03-04,407,142,2186,221,1531,349,12379,189,170,335.287,,,
2020-03-05,430,149,2330,239,1711,374,12489,201,180,348.15,,,
2020-03-06,460,168,2426,262,1981,404,12535,220,207,379.199,,,
2020-03-09,547,213,2783,312,2792,506,12582,284,245,445.07,,,
2020-03-10,534,185,2812,283,2879,498,12604,264,230,425.583,,,
2020-03-11,564,205,2948,301,3245,518,12638,293,251,443.941,,,
2020-03-12,628,231,3124,363,3652,571,12438,360,295,498.111,,,
2020-03-13,596,212,3064,333,3447,522,12472,336,284,484.962,,,
2020-03-16,679,268,3467,393,3869,604,12519,405,328,542.792,,,
2020-03-17,664,264,3546,373,3476,583,12546,382,326,532.29,,,
2020-03-18,760,332,3969,436,3717,691,15234,469,366,587.159,,,
2020-03-19,798,357,4050,462,3765,718,15388,493,379,634.39,,,
2020-03-20,770,352,4015,455,3648,679,15447,465,374,618.38,,,
2020-03-23,827,372,4362,477,6063,726,15501,488,388,661.749,,,
2020-03-24,782,346,4269,430,5245,682,15544,457,370,630.034,,,
2020-03-25,706,294,4246,375,5239,593,15599,380,330,576.629,,,
2020-03-26,666,257,4143,350,5596,566,21359,346,307,551.074,,,
2020-03-27,714,279,4185,380,5552,638,19073,390,317,572.905,,,
2020-03-30,723,278,4082,397,5376,659,19147,391,315,590.697,,,
2020-03-31,703,265,3803,389,4553,653,19270,376,301,577.012,,,
2020-04-01,743,285,3943,417,4783,702,19347,405,321,598.783,,,
2020-04-02,741,292,3828,429,4567,687,19581,409,326,598.248,,,
2020-04-03,742,297,3683,446,4439,681,19433,417,331,596.763,,,
2020-04-06,744,294,3588,438,4458,698,19507,400,328,593.009,,,
2020-04-07,733,282,3652,419,4457,687,19584,385,318,579.987,,,
2020-04-08,736,282,3842,415,4841,681,18719,380,315,581.773,,,
2020-04-09,699,274,3798,392,4696,619,18705,355,307,562,,,
2020-04-10,699,274,3798,392,4696,619,18705,355,307,561.652,,,
2020-04-13,683,262,3864,376,4715,596,18772,340,296,552.466,,,
2020-04-14,680,257,3856,366,4924,597,18845,331,290,543.67,,,
2020-04-15,717,276,3994,395,5104,648,18920,359,304,566.41,,,
2020-04-16,727,282,3987,400,5238,662,19138,374,305,571.783,,,
2020-04-17,712,271,3496,397,5188,656,18575,368,296,562.976,,,
2020-04-20,726,274,3429,401,5619,679,18644,378,297,571.361,,,
2020-04-21,746,282,3617,419,5782,697,18712,398,306,588.474,,,
2020-04-22,748,280,3789,424,5584,690,18780,405,302,587.286,,,
2020-04-23,759,283,3994,438,5527,705,18992,409,303,586.807,,,
2020-04-24,771,284,4037,467,5497,719,19064,420,305,590.103,,,
2020-04-27,777,278,4009,470,5495,733,19136,427,298,587.282,,,
2020-04-28,773,278,3989,466,5617,724,19211,430,300,591.023,,,
2020-04-29,744,271,3999,442,4985,683,19073,418,296,578.017,,,
2020-04-30,702,257,3472,420,5129,656,22140,392,284,557.281,,,
2020-05-01,699,252,3520,419,4945,659,22230,387,282,556,,,
2020-05-04,699,251,3614,424,4791,656,22322,384,281,558.285,,,
2020-05-05,680,243,3455,421,4514,634,21518,366,277,545.567,,,
2020-05-06,681,236,3374,427,4637,640,21601,366,270,542.5,,,
2020-05-07,677,241,3335,430,4528,629,21860,367,277,545.214,,,
2020-05-08,660,234,3322,417,4385,605,26201,351,270,534.735,,,
2020-05-11,649,229,3111,413,4287,599,26319,346,264,524.032,,,
2020-05-12,648,232,3005,418,4264,600,26440,347,265,523.509,,,
2020-05-13,668,241,3036,436,4411,624,26020,360,271,532.593,,,
2020-05-14,678,245,3040,447,4518,634,25337,368,274,541.457,,,
2020-05-15,663,237,2837,448,4300,618,25609,361,268,530.373,,,
2020-05-18,630,219,2690,424,4193,578,25715,338,251,506.673,,,
2020-05-19,631,215,2751,426,4159,579,25825,335,248,502.762,,,
2020-05-20,616,208,2782,417,4111,558,25935,321,238,489.828,,,
2020-05-21,601,197,2784,402,4134,540,27321,303,232,479.782,,,
2020-05-22,608,195,2779,403,4151,550,27479,298,232,485.66,,,
2020-05-25,608,195,2779,403,4151,550,27479,298,232,485.66,,,
2020-05-26,585,192,2631,385,3891,531,27603,286,222,474.392,,,
2020-05-27,590,194,2664,381,3900,540,27522,288,223,476.69,,,
2020-05-28,587,191,2728,376,3901,536,27777,284,219,475.51,,,
2020-05-29,581,191,2627,388,3907,536,27907,288,226,463.396,,,
2020-06-01,573,189,2615,382,3605,525,28038,287,223,457.68,,,
2020-06-02,562,183,2576,372,3431,516,28170,277,218,449.65,,,
2020-06-03,539,171,2481,349,3182,495,28362,266,206,430.827,,,
2020-06-04,541,171,2534,345,3260,495,28227,270,202,427.36,,,
2020-06-05,525,166,2555,331,3062,474,28006,266,194,415.042,,,
2020-06-08,515,164,2478,329,3014,462,28138,264,194,409.731,,,
2020-06-09,526,169,2600,341,3208,472,28273,268,201,415.313,,,
2020-06-10,536,177,2535,351,3393,487,30330,276,207,423.134,,,
2020-06-11,562,191,2609,384,3460,522,30799,301,217,440.18,,,
2020-06-12,556,191,2578,379,3339,517,30959,297,216,438.249,,,
2020-06-15,560,194,2605,383,3326,522,31121,297,218,443.691,,,
2020-06-16,538,182,2524,363,3284,494,31284,280,206,424.204,,,
2020-06-17,545,184,2541,370,3276,502,31451,293,209,426.08,,,
2020-06-18,550,186,2603,376,3312,508,32335,296,212,430.392,,,
2020-06-19,546,182,2541,372,3257,506,30164,293,210,426.416,,,
2020-06-22,548,181,2487,370,3222,513,30359,296,207,424.839,,,
2020-06-23,544,177,2448,363,3180,510,30515,295,206,422.516,,,
2020-06-24,553,178,2514,371,3250,523,30672,299,208,428.531,,,
2020-06-25,554,178,2527,373,3311,523,31157,299,209,430.675,,,
2020-06-26,561,183,2533,379,3390,531,30038,304,214,433.433,,,
2020-06-29,561,184,2470,379,3393,534,30188,304,214,434.923,,,
2020-06-30,552,182,2495,373,3373,526,30757,293,211,433.31,,,
2020-07-01,543,178,2497,365,3278,520,30938,285,207,426.25,,,
2020-07-02,537,176,2509,359,3279,512,28970,279,206,421.406,,,
2020-07-03,537,176,2509,359,3279,512,28970,279,206,421.406,,,
2020-07-06,522,173,2378,355,2783,500,29101,273,202,413.695,,,
2020-07-07,527,176,2343,368,2760,508,29952,280,206,418.763,,,
2020-07-08,524,174,2293,366,2818,507,30093,280,204,419.411,,,
2020-07-09,536,179,2337,374,2874,522,30526,291,210,425.724,,,
2020-07-10,534,177,2299,374,2880,521,30673,292,206,425.862,,,
2020-07-13,529,176,2308,369,2760,515,30154,289,205,423.515,,,
2020-07-14,538,179,2366,376,2742,527,30299,293,208,428.466,,,
2020-07-15,528,175,2341,367,2723,515,30446,284,204,422.457,,,
2020-07-16,528,176,2343,367,2757,517,30898,280,205,422.816,,,
2020-07-17,521,171,2359,357,2725,509,31052,272,201,418.544,,,
2020-07-20,514,169,2381,348,2729,498,31207,263,199,414.106,,,
2020-07-21,506,164,2356,339,2693,489,31365,253,196,407.208,,,
2020-07-22,501,161,2278,336,2688,485,31525,251,194,403.681,,,
2020-07-23,508,162,2221,345,2742,499,32096,259,195,405.145,,,
2020-07-24,511,164,2210,345,2777,503,32628,264,196,408.52,,,
2020-07-27,507,160,2211,339,2796,500,32935,260,192,404.571,,,
2020-07-28,510,163,2242,342,2804,502,32759,263,195,408.866,,,
2020-07-29,503,156,2280,334,2815,491,32760,257,190,405.088,,,
2020-07-30,508,155,2278,336,2954,497,32588,260,190,408.579,,,
2020-07-31,500,150,2263,328,2755,493,33118,253,185,401.379,,,
2020-08-03,495,147,2246,323,2755,491,33247,248,179,397.116,,,
2020-08-04,491,147,2027,327,2740,495,33432,249,180,397.326,,,
2020-08-05,481,139,2018,317,2752,482,33618,239,172,389.329,,,
2020-08-06,477,137,2056,317,2755,474,34196,231,170,386.885,,,
2020-08-07,476,140,2091,311,2764,472,34393,231,167,384,,,
2020-08-10,471,140,2084,303,2767,464,34594,228,165,381,,,
2020-08-11,465,140,2083,293,2766,456,34796,223,161,374,,,
2020-08-12,467,142,2099,301,2772,456,35003,225,161,375,,,
2020-08-13,468,139,2101,301,2784,461,33539,227,158,371,,,
2020-08-14,475,143,2112,311,2780,467,33726,235,162,377,,,
2020-08-17,477,146,2131,314,2776,467,33914,238,166,381,,,
2020-08-18,480,148,2139,319,2773,470,34104,241,170,385,,,
2020-08-19,480,147,2142,320,2772,470,33278,243,170,381,,,
2020-08-20,485,151,2158,330,2795,472,33842,249,175,387,,,
2020-08-21,484,152,2153,325,2787,471,33720,248,175,386,,,
2020-08-24,480,149,2140,321,2792,466,33913,245,173,382,,,
2020-08-25,483,149,2137,326,2799,471,33644,253,173,383,,,
2020-08-26,483,149,2146,326,2805,468,33837,255,174,385,,,
2020-08-27,482,150,2149,320,2804,464,34231,255,172,381,,,
2020-08-28,479,148,2142,313,2815,459,33657,249,172,383,,,
2020-08-31,480,151,2147,314,2813,459,31216,250,175,385,,,
2020-10-01,478,171,1339,334,989,504,30081,264,182,398,,,
2020-10-02,478,167,1353,332,1006,506,30216,260,178,397,,,
2020-10-05,468,160,1350,322,985,492,29891,251,170,388,,,
2020-10-06,467,162,1373,318,962,487,30050,251,172,388,,,
2020-10-07,462,155,1374,310,969,482,29599,245,167,383,,,
2020-10-08,456,149,1366,306,963,472,28087,238,166,379,,,
2020-10-09,450,145,1343,301,938,468,25500,234,164,374,,,
2020-10-12,450,145,1343,301,938,468,25500,234,164,374,,,
2020-10-13,454,147,1368,303,948,469,25154,235,166,376,,,
2020-10-14,456,145,1404,301,955,473,25264,232,165,378,,,
2020-10-15,457,142,1406,301,958,474,25632,230,163,379,,,
2020-10-16,455,141,1397,299,959,472,25748,228,161,377,,,
2020-10-19,458,142,1431,298,963,476,24765,228,160,377,,,
2020-10-20,459,142,1434,297,976,477,23201,229,159,377,,,
2020-10-21,463,145,1445,298,989,483,21474,234,161,379,,,
2020-10-22,460,146,1440,298,990,475,21717,235,160,379,,,
2020-10-23,462,149,1425,301,1000,475,21800,240,165,382,,,
2020-10-26,466,151,1445,309,1024,473,21884,242,170,386,,,
2020-10-27,464,149,1460,306,1023,467,21968,242,171,385,,,
2020-10-28,470,152,1481,312,1040,475,22053,247,174,390,,,
2020-10-29,470,150,1480,310,1029,477,21617,246,174,389,,,
2020-10-30,467,149,1482,309,1029,477,21698,244,174,388,,,
2020-11-02,467,150,1464,308,1017,478,21780,245,175,390,,,
2020-11-03,458,146,1435,298,993,470,21862,240,172,382,,,
2020-11-04,450,145,1430,288,982,458,21608,230,168,379,,,
2020-11-05,442,143,1402,282,986,452,20419,224,163,368,,,
2020-11-06,439,146,1391,281,993,446,20488,221,161,366,,,
2020-11-09,417,137,1353,264,952,417,20514,204,147,345,,,
2020-11-10,419,144,1352,265,982,416,20566,203,147,347,,,
2020-11-11,419,144,1352,265,982,416,20566,203,147,347,,,
2020-11-12,424,142,1342,272,1000,424,21356,206,152,349,,,
2020-11-13,424,142,1331,272,1007,429,21422,207,151,348,,,
2020-11-16,421,147,1323,269,1005,422,21499,207,149,345,,,
2020-11-17,428,144,1350,272,1028,432,21539,212,152,351,,,
2020-11-18,428,143,1357,268,1081,428,21617,212,150,349,,,
2020-11-19,430,144,1370,270,1063,430,21856,216,152,351,,,
2020-11-20,429,142,1378,268,1064,429,21937,215,154,351,,,
2020-11-23,428,149,1375,267,1071,427,22018,215,152,350,,,
2020-11-24,425,151,1369,264,1081,420,22183,218,151,347,,,
2020-11-25,426,154,1376,264,1079,420,22436,221,153,347,,,
2020-11-26,426,154,1376,264,1079,420,22436,221,153,347,,,
2020-11-27,428,159,1376,267,1060,421,22523,224,157,349,,,
2020-11-30,433,161,1410,268,1065,426,22610,228,157,350,,,
2020-12-01,422,152,1405,257,1054,414,22696,218,151,341,,,
2020-12-02,421,149,1411,259,1059,413,22785,215,147,339,,,
2020-12-03,419,151,1426,260,1051,408,23056,212,148,338,,,
2020-12-04,413,148,1427,255,1019,403,23063,209,144,331,,,
2020-12-07,419,152,1456,259,1030,408,22930,212,148,336,,,
2020-12-08,421,154,1452,262,1025,412,23021,216,149,339,,,
2020-12-09,419,151,1434,259,1020,411,23112,216,147,337,,,
2020-12-10,417,154,1418,260,1025,405,23392,216,151,339,,,
2020-12-11,414,155,1394,261,1027,400,23489,215,152,339,,,
2020-12-14,411,152,1369,260,1042,397,23585,214,151,337,,,
2020-12-15,406,144,1387,255,1041,390,23681,210,148,333,,,
2020-12-16,404,141,1382,252,1035,386,23779,208,148,331,,,
2020-12-17,400,137,1380,250,1029,381,24078,206,145,327,,,
2020-12-18,398,135,1365,249,1032,382,24180,205,143,326,,,
2020-12-21,403,137,1362,253,1053,389,24283,207,144,329,,,
2020-12-22,403,137,1363,255,1055,389,24387,208,147,330,,,
2020-12-23,398,134,1358,251,1054,381,24814,204,143,327,,,
2020-12-24,399,137,1356,252,1057,381,24924,207,145,329,,,
2020-12-25,399,137,1356,252,1057,381,24924,207,145,329,,,
2020-12-28,398,136,1362,253,1057,378,25034,207,144,328,,,
2020-12-29,396,135,1368,251,1056,375,25034,205,143,326,,,
2020-12-30,396,136,1373,251,1063,373,25490,206,143,326,,,
2020-12-31,386,132,1368,250,1062,361,24099,206,144,323,,,
2021-01-01,386,132,1368,250,1062,361,24099,206,144,323,,,
2021-01-04,388,131,1400,251,1076,364,24075,208,144,323,,,
2021-01-05,390,130,1412,254,1079,368,23321,209,142,324,,,
2021-01-06,388,128,1374,256,1090,365,23415,209,138,321,,,
2021-01-07,388,128,1374,257,1141,362,23005,210,137,320,,,
2021-01-08,385,125,1384,254,1140,357,23100,206,135,317,,,
2021-01-11,391,129,1395,259,1132,365,22846,210,137,320,,,
2021-01-12,400,138,1415,261,1142,374,22938,217,142,328,,,
2021-01-13,402,135,1449,262,1159,375,23032,219,142,329,,,
2021-01-14,400,131,1460,260,1181,372,23415,216,138,325,,,
2021-01-15,406,134,1451,268,1193,380,23514,220,140,329,,,
2021-01-18,406,134,1451,268,1193,380,23514,220,140,329,,,
2021-01-19,406,134,1429,271,1221,380,23614,221,142,329,,,
2021-01-20,406,134,1419,271,1269,378,23715,221,142,329,,,
2021-01-21,404,133,1440,271,1265,374,24023,220,140,326,,,
2021-01-22,403,131,1422,274,1240,376,24128,221,141,327,,,
2021-01-25,406,133,1433,279,1232,381,24234,223,144,330,,,
2021-01-26,406,132,1430,277,1238,382,24387,222,144,330,,,
2021-01-27,411,133,1444,281,1242,389,24496,225,145,332,,,
2021-01-28,406,131,1444,274,1248,383,24717,223,143,330,,,
2021-01-29,396,128,1445,270,1273,378,24830,219,138,324,,,
2021-02-01,396,131,1438,267,1245,378,24944,219,138,325,,,
2021-02-02,392,130,1440,260,1230,373,25059,215,134,321,,,
2021-02-03,391,132,1455,260,1179,371,23799,216,133,319,,,
2021-02-04,388,137,1455,253,1153,362,24104,215,134,318,,,
2021-02-05,382,135,1445,250,1091,354,24200,211,131,311,,,
2021-02-08,384,136,1434,252,1190,357,24305,211,132,314,,,
2021-02-09,386,135,1448,253,1263,356,24410,211,131,315,,,
2021-02-10,387,137,1456,257,1233,356,24389,212,132,317,,,
2021-02-11,383,134,1463,255,1213,351,24825,208,129,314,,,
2021-02-12,381,133,1456,253,1215,347,24937,207,127,312,,,
2021-02-15,381,133,1456,253,1215,347,24937,207,127,312,,,
2021-02-16,386,136,1497,254,1227,351,25049,208,126,314,,,
2021-02-17,386,136,1473,254,1226,350,25165,210,128,317,,,
2021-02-18,386,138,1482,256,1206,346,25516,210,129,316,,,
2021-02-19,386,137,1488,257,1219,346,24559,210,128,314,,,
2021-02-22,393,141,1501,274,1209,353,24666,216,131,319,,,
2021-02-23,394,145,1514,270,1209,354,24775,219,133,321,,,
2021-02-24,392,145,1505,263,1200,352,24342,216,132,319,,,
2021-02-25,396,147,1499,267,1209,360,24733,223,133,318,,,
2021-02-26,404,164,1511,275,1226,368,24846,232,142,329,,,
2021-03-01,398,159,1512,274,1234,359,24960,225,138,323,,,
2021-03-02,400,165,1543,284,1258,355,25075,226,140,325,,,
2021-03-03,401,166,1547,285,1290,355,25189,224,139,324,,,
2021-03-04,402,170,1552,280,1333,358,25544,223,138,322,,,
2021-03-05,414,178,1590,286,1349,371,25660,238,144,332,,,
2021-03-08,425,185,1598,302,1369,384,25786,250,147,341,,,
2021-03-09,425,184,1639,303,1365,380,25909,247,148,342,,,
2021-03-10,416,180,1647,300,1340,367,26035,234,146,338,,,
2021-03-11,407,173,1630,291,1305,359,25343,228,141,329,,,
2021-03-12,403,166,1594,284,1315,358,25461,222,135,326,,,
2021-03-15,403,166,1570,283,1274,361,25266,222,136,327,,,
2021-03-16,394,160,1551,277,1227,350,25136,215,131,320,,,
2021-03-17,394,159,1533,276,1214,351,25254,214,130,323,,,
2021-03-18,390,157,1536,271,1212,346,25611,213,126,318,,,
2021-03-19,387,156,1517,270,1198,342,25734,211,124,316,,,
2021-03-22,386,160,1512,271,1201,341,25274,214,126,322,,,
2021-03-23,388,161,1522,272,1220,344,25274,213,126,324,,,
2021-03-24,388,161,1522,272,1220,344,25274,213,126,324,,,
2021-03-25,397,162,1566,282,1226,356,25889,221,126,327,,,
2021-03-26,396,160,1572,280,1221,353,25780,223,124,326,,,
2021-03-29,393,156,1576,277,1209,350,25535,220,120,322,,,
2021-03-30,398,161,1599,280,1218,354,25659,224,124,329,,,
2021-03-31,390,152,1589,272,1201,351,26168,216,122,324,,,
2021-04-01,388,152,1589,273,1180,348,26299,211,124,324,,,
2021-04-02,388,152,1589,273,1180,348,26299,211,124,324,,,
2021-04-05,384,148,1592,270,1171,342,25414,208,122,321,,,
2021-04-06,384,148,1598,271,1154,344,25536,209,124,323,,,
2021-04-07,386,149,1606,269,1153,347,25662,213,123,320,,,
2021-04-08,388,151,1608,271,1168,349,25359,216,124,322,,,
2021-04-09,386,152,1614,271,1169,345,24434,213,123,320,,,
2021-04-12,379,159,1586,274,824,344,24541,215,124,316,,,
2021-04-13,382,164,1592,277,835,347,24651,219,126,320,,,
2021-04-14,379,160,1578,273,847,342,24762,215,125,316,,,
2021-04-15,379,161,1605,272,861,342,25101,215,128,318,,,
2021-04-16,376,157,1601,267,841,339,25216,212,125,312,,,
2021-04-19,374,164,1590,264,815,338,24426,216,123,309,,,
2021-04-20,381,175,1594,268,818,345,24534,225,127,315,,,
2021-04-21,382,181,1597,269,808,345,24642,224,127,315,,,
2021-04-22,383,188,1581,269,785,347,24973,229,128,316,,,
2021-04-23,381,180,1578,265,760,348,25086,228,127,314,,,
2021-04-26,384,185,1559,266,779,351,25195,233,129,317,,,
2021-04-27,383,181,1539,264,771,353,25310,237,127,315,,,
2021-04-28,383,177,1545,264,770,354,25427,236,129,318,,,
2021-04-29,379,170,1557,260,765,349,25784,232,128,315,,,
2021-04-30,372,165,1551,260,764,342,25722,226,126,313,,,
2021-05-03,376,164,1562,260,771,345,25843,237,128,315,,,
2021-05-04,378,167,1560,259,777,346,25966,239,133,316,,,
2021-05-05,378,175,1567,259,769,345,25123,242,135,317,,,
2021-05-06,376,174,1578,255,721,345,25615,237,135,315,,,
2021-05-07,370,164,1580,246,734,337,25734,225,128,310,,,
2021-05-10,367,159,1591,238,747,333,25298,220,125,306,,,
2021-05-11,370,158,1607,241,760,335,25302,223,125,307,,,
2021-05-12,370,157,1596,240,764,337,25352,226,123,306,,,
2021-05-13,370,155,1592,241,742,337,24429,227,123,309,,,
2021-05-14,368,154,1547,242,735,338,24492,230,126,308,,,
2021-05-17,367,153,1513,244,717,338,24596,231,131,306,,,
2021-05-18,366,152,1504,244,716,336,24701,229,131,305,,,
2021-05-19,369,155,1518,245,722,338,24807,230,131,305,,,
2021-05-20,372,159,1519,249,714,340,25132,240,135,309,,,
2021-05-21,373,164,1537,249,714,340,25242,241,134,308,,,
2021-05-24,376,172,1532,252,714,342,25354,245,137,310,,,
2021-05-25,377,174,1528,254,716,343,25467,254,140,312,,,
2021-05-26,373,171,1514,249,715,336,25581,252,139,308,,,
2021-05-27,372,170,1506,247,726,337,25929,250,137,307,,,
2021-05-28,369,169,1508,245,730,335,26138,248,135,307,,,
2021-05-31,369,169,1508,245,730,335,26138,248,135,307,,,
2021-06-01,366,167,1498,244,718,332,26258,246,135,305,,,
2021-06-02,363,167,1480,242,716,330,26733,245,135,304,,,
2021-06-03,366,165,1498,243,725,333,27114,245,135,304,,,
2021-06-04,368,167,1506,247,733,334,27244,243,139,308,,,
2021-06-07,368,180,1507,245,734,333,27117,239,139,307,,,
2021-06-08,368,176,1492,247,735,333,27571,238,141,307,,,
2021-06-09,366,172,1470,248,743,332,27704,235,142,305,,,
2021-06-10,369,174,1474,249,734,335,28114,235,144,307,,,
2021-06-11,366,170,1466,246,748,331,28253,234,143,304,,,
2021-06-14,368,169,1476,247,768,334,28394,237,141,303,,,
2021-06-15,372,169,1483,249,778,339,28898,240,142,307,,,
2021-06-16,369,169,1473,248,768,335,29043,240,141,303,,,
2021-06-17,372,170,1496,246,777,338,29496,243,144,309,,,
2021-06-18,375,174,1501,249,796,340,29649,252,147,311,,,
2021-06-21,375,174,1501,249,796,340,29649,252,147,311,,,
2021-06-22,377,170,1536,249,804,343,29965,253,141,311,,,
2021-06-23,375,168,1532,247,761,343,30124,251,139,309,,,
2021-06-24,376,167,1556,248,757,344,30618,250,136,309,,,
2021-06-25,373,163,1573,245,749,341,30786,244,131,306,,,
2021-06-28,377,165,1587,249,776,344,30746,244,134,310,,,
2021-06-29,379,164,1592,251,776,346,30917,245,134,312,,,
2021-06-30,380,163,1596,256,776,348,31091,247,135,312,,,
2021-07-01,378,163,1585,257,759,344,30699,249,134,311,,,
2021-07-02,381,166,1590,260,757,347,30869,256,138,316,,,
2021-07-05,381,166,1590,260,757,347,30869,256,138,316,,,
2021-07-06,385,166,1607,268,767,349,31041,259,142,321,,,
2021-07-07,386,167,1602,272,762,350,31215,260,144,322,,,
2021-07-08,389,167,1611,275,774,355,31751,262,144,325,,,
2021-07-09,385,163,1600,270,768,351,25884,261,140,320,,,
2021-07-12,385,163,1599,269,767,350,26000,264,141,319,,,
2021-07-13,383,160,1589,266,764,348,26117,267,140,317,,,
2021-07-14,386,161,1582,270,773,352,26237,268,141,321,,,
2021-07-15,390,165,1595,273,785,357,26581,269,145,323,,,
2021-07-16,387,163,1595,272,782,355,26705,263,142,322,,,
2021-07-19,398,171,1621,283,808,366,26831,270,149,332,,,
2021-07-20,394,169,1606,279,798,363,26876,268,146,329,,,
2021-07-21,391,169,1597,276,781,359,27003,268,144,324,,,
2021-07-22,394,173,1597,277,784,361,27395,273,148,327,,,
2021-07-23,392,172,1581,274,779,360,27528,273,148,325,,,
2021-07-26,394,173,1587,274,783,360,27664,276,149,326,,,
2021-07-27,400,179,1601,280,790,368,27800,283,152,331,,,
2021-07-28,399,182,1600,280,801,364,27938,283,149,330,,,
2021-07-29,397,187,1593,278,790,361,28220,277,148,328,,,
2021-07-30,395,197,1591,280,790,362,28364,276,145,325,,,
2021-08-02,397,193,1595,283,795,366,28509,276,146,327,,,
2021-08-03,396,187,1595,284,795,367,27166,276,144,326,,,
2021-08-04,396,186,1589,285,793,367,27294,277,144,326,,,
2021-08-05,393,182,1580,281,789,364,27689,276,140,323,,,
2021-08-06,389,179,1573,280,782,360,27454,274,136,319,,,
2021-08-09,391,179,1579,280,791,363,27587,275,135,319,,,
2021-08-10,391,183,1564,280,792,362,27721,277,136,319,,,
2021-08-11,391,184,1565,280,798,359,27858,279,136,320,,,
2021-08-12,387,183,1538,279,788,355,28276,277,135,317,,,
2021-08-13,392,188,1566,283,797,359,28419,279,139,322,,,
2021-08-16,396,189,1589,286,806,364,28564,281,141,323,,,
2021-08-17,396,188,1589,287,818,364,28710,280,141,323,,,
2021-08-18,395,187,1589,291,818,364,28858,280,140,323,,,
2021-08-19,399,187,1604,298,823,369,28139,285,142,325,,,
2021-08-20,398,185,1598,297,821,369,28316,286,141,324,,,
2021-08-23,396,185,1572,295,807,368,28457,286,139,324,,,
2021-08-24,390,179,1547,292,788,363,28600,281,135,319,,,
2021-08-25,385,174,1538,288,774,358,28815,273,131,314,,,
2021-08-26,387,178,1542,289,775,359,29261,273,134,316,,,
2021-08-27,386,178,1538,287,775,357,29261,271,136,317,,,
2021-08-30,382,177,1509,283,761,352,29414,269,136,316,,,
2021-08-31,381,175,1513,282,751,352,29568,272,136,313,,,
2021-10-01,403,186,1611,309,859,363,32132,302,155,330,,,
2021-10-04,405,186,1613,310,865,364,32325,301,156,330,,,
2021-10-05,400,183,1592,309,833,358,32112,297,153,328,,,
2021-10-06,402,185,1588,310,816,363,32304,298,156,333,,,
2021-10-07,396,173,1582,303,811,356,32213,289,152,326,,,
2021-10-08,396,171,1602,302,816,356,31022,286,153,326,,,
2021-10-11,396,171,1602,302,816,356,31022,286,153,326,,,
2021-10-12,400,174,1617,307,826,359,31196,289,158,332,,,
2021-10-13,400,173,1625,306,826,360,31372,288,159,331,,,
2021-10-14,397,170,1629,304,810,357,31925,288,159,330,,,
2021-10-15,393,170,1629,300,795,353,32083,287,158,325,,,
2021-10-18,397,172,1644,303,802,356,32272,291,161,328,,,
2021-10-19,393,165,1639,304,799,352,31256,284,157,323,,,
2021-10-20,394,162,1638,311,815,352,31432,284,157,323,,,
2021-10-21,395,161,1653,324,839,351,31101,283,156,323,,,
2021-10-22,397,161,1672,327,815,353,31273,287,156,324,,,
2021-10-25,397,159,1667,322,824,354,32238,288,156,325,,,
2021-10-26,397,164,1664,321,827,354,32422,288,156,325,,,
2021-10-27,398,166,1669,321,846,354,32608,291,155,328,,,
2021-10-28,397,171,1694,322,837,348,32989,294,154,325,,,
2021-10-29,401,181,1712,338,847,353,32198,302,161,327,,,
2021-11-01,404,181,1728,341,854,357,32380,303,161,326,,,
2021-11-02,408,183,1741,345,854,361,32566,308,163,330,,,
2021-11-03,403,175,1737,336,848,357,32750,306,155,325,,,
2021-11-04,405,179,1746,331,847,358,32042,310,157,327,,,
2021-11-05,406,182,1726,331,852,362,32221,313,160,329,,,
2021-11-08,396,173,1716,320,841,352,32400,300,149,318,,,
2021-11-09,399,176,1731,323,844,355,32770,307,148,322,,,
2021-11-10,396,172,1744,318,834,350,32392,307,146,317,,,
2021-11-11,396,172,1744,318,834,350,32392,307,146,317,,,
2021-11-12,396,173,1734,317,818,350,32573,309,146,319,,,
2021-11-15,393,171,1684,313,805,348,33050,307,143,316,,,
2021-11-16,395,171,1707,314,806,349,29124,310,143,318,,,
2021-11-17,398,174,1724,316,803,351,29343,312,149,321,,,
2021-11-18,400,174,1741,318,799,351,29783,315,152,323,,,
2021-11-19,401,177,1750,319,796,352,29934,316,155,326,,,
2021-11-22,400,174,1780,317,807,351,30082,314,147,322,,,
2021-11-23,406,178,1798,323,815,357,30390,322,148,328,,,
2021-11-24,413,184,1821,326,823,366,31096,330,152,333,,,
2021-11-25,413,184,1821,326,823,366,31096,330,152,333,,,
2021-11-26,439,203,1872,353,880,392,31266,358,170,354,,,
2021-11-29,433,196,1878,344,849,386,31481,357,164,350,,,
2021-11-30,434,194,1914,344,891,389,31857,359,166,353,,,
2021-12-01,424,188,1827,334,882,381,32804,346,163,349,,,
2021-12-02,420,185,1816,324,877,377,33352,339,162,344,,,
2021-12-03,423,191,1779,328,888,381,34050,341,168,349,,,
2021-12-06,412,184,1747,322,879,364,35090,338,161,339,,,
2021-12-07,401,175,1698,309,847,356,35026,332,155,331,,,
2021-12-08,397,170,1693,307,837,352,35230,330,150,326,,,
2021-12-09,397,169,1682,310,830,354,36420,329,149,327,,,
2021-12-10,399,169,1712,313,835,356,38706,334,150,329,,,
2021-12-13,405,173,1717,316,843,362,40424,342,154,334,,,
2021-12-14,403,171,1697,317,849,360,42095,343,153,334,,,
2021-12-15,403,170,1686,319,865,357,42319,347,150,332,,,
2021-12-16,406,173,1704,322,873,358,48234,349,153,335,,,
2021-12-17,408,174,1717,323,871,360,49183,353,156,338,,,
2021-12-20,412,175,1748,324,895,362,49544,358,159,341,,,
2021-12-21,407,173,1743,320,880,354,49909,357,156,337,,,
2021-12-22,408,176,1754,321,877,355,51439,359,159,339,,,
2021-12-23,404,172,1762,314,876,350,51836,354,155,334,,,
2021-12-24,404,172,1762,314,876,350,51836,354,155,334,,,
2021-12-27,404,173,1743,313,877,351,52240,356,155,334,,,
2021-12-28,402,171,1718,310,874,349,52651,355,154,333,,,
2021-12-29,396,166,1702,304,867,344,52646,349,149,327,,,
2021-12-30,400,169,1703,306,871,348,56079,352,152,331,,,
2021-12-31,399,170,1688,306,869,347,55310,353,153,330,,,
2022-01-03,392,162,1701,300,841,341,55762,345,145,322,,,
2022-01-04,395,165,1731,303,825,344,55754,345,144,323,,,
2022-01-05,396,167,1753,303,815,346,50927,342,145,323,,,
2022-01-06,402,176,1788,312,809,348,52048,348,151,332,,,
2022-01-07,403,177,1802,312,794,348,53663,349,151,331,,,
2022-01-10,407,180,1821,314,803,353,54067,353,155,337,,,
2022-01-11,410,181,1820,315,806,353,54480,352,159,338,,,
2022-01-12,409,179,1835,312,806,351,45558,349,158,337,,,
2022-01-13,415,180,1864,316,814,359,46965,351,161,343,,,
2022-01-14,415,176,1882,314,833,358,47285,349,160,342,,,
2022-01-17,415,176,1882,314,833,358,47285,349,160,342,,,
2022-01-18,418,177,1890,315,868,359,47608,352,162,347,,,
2022-01-19,416,177,1880,312,842,357,47941,349,164,347,,,
2022-01-20,413,175,1907,307,832,352,48971,348,163,343,,,
2022-01-21,418,180,1916,314,829,358,49327,359,167,346,,,
2022-01-24,424,179,1961,316,842,363,49688,364,167,351,,,
2022-01-25,420,177,1928,314,814,358,50049,367,166,349,,,
2022-01-26,413,174,1896,310,797,351,50416,362,161,342,,,
2022-01-27,418,182,1904,313,787,356,51172,373,171,344,,,
2022-01-28,418,186,1756,318,788,362,51563,377,173,349,,,
2022-01-31,408,186,1723,316,768,356,51959,374,167,344,,,
2022-02-01,408,191,1740,314,769,354,53292,371,166,343,,,
2022-02-02,405,190,1726,309,763,351,53718,366,166,340,,,
2022-02-03,405,186,1758,307,766,351,51904,363,164,339,,,
2022-02-04,405,186,1758,307,766,351,51904,363,164,339,,,
2022-02-07,411,192,1784,310,775,358,52687,367,168,343,,,
2022-02-08,410,192,1770,307,785,359,53090,361,169,343,,,
2022-02-09,406,190,1767,300,768,357,53502,353,167,338,,,
2022-02-10,405,188,1776,300,748,358,54762,350,164,333,,,
2022-02-11,422,204,1814,319,757,374,55211,365,176,349,,,
2022-02-14,420,200,1800,315,747,374,55655,366,172,349,,,
2022-02-15,411,192,1762,308,728,364,56113,360,166,342,,,
2022-02-16,412,194,1738,311,730,365,56922,367,168,343,,,
2022-02-17,420,198,1759,317,751,372,58891,374,172,351,,,
2022-02-18,424,203,1709,322,764,378,59407,381,178,355,,,
2022-02-21,424,203,1709,322,764,378,59407,381,178,355,,,
2022-02-22,429,207,1725,323,773,382,59926,388,184,360,,,
2022-02-23,433,210,1739,322,792,384,60455,395,185,367,,,
2022-02-24,437,211,1766,321,777,383,62131,393,190,396,,,
2022-02-25,428,205,1795,311,746,372,63899,380,186,379,,,
2022-02-28,438,213,1816,321,755,382,64523,385,195,411,,,
2022-03-01,444,212,1842,322,805,387,54507,391,195,421,,,
2022-03-02,438,207,1850,311,788,379,54961,385,191,412,,,
2022-03-03,443,211,1860,314,799,384,56418,391,191,415,,,
2022-03-04,463,224,1927,326,856,402,56926,412,202,441,,,
2022-03-07,472,226,1971,330,895,408,57439,414,203,450,,,
2022-03-08,471,225,1979,329,887,406,46112,408,202,452,,,
2022-03-09,452,217,1874,315,824,393,34392,387,193,435,,,
2022-03-10,446,214,1825,315,774,388,34032,381,191,430,,,
2022-03-11,444,211,1816,313,772,388,32846,380,190,429,,,
2022-03-14,439,206,1807,313,773,383,32977,374,184,422,,,
2022-03-15,439,207,1815,313,787,386,35196,363,185,421,,,
2022-03-16,430,207,1780,306,764,380,37299,353,184,408,,,
2022-03-17,416,194,1769,293,751,366,38192,336,171,395,,,
2022-03-18,415,193,1789,296,758,364,38458,339,172,399,,,
2022-03-21,413,190,1791,291,763,362,38600,346,166,393,,,
2022-03-22,412,190,1787,290,762,357,38909,347,164,396,,,
2022-03-23,423,199,1837,301,777,368,39254,360,174,407,,,
2022-03-24,413,192,1817,294,758,355,40137,348,165,401,,,
2022-03-25,404,183,1785,282,771,347,40398,338,160,401,,,
2022-03-28,401,184,1744,282,778,344,40697,334,160,389,,,
2022-03-29,396,179,1727,282,784,339,36885,329,157,383,,,
2022-03-30,396,175,1729,277,797,344,37079,329,157,382,,,
2022-03-31,397,171,1718,280,810,349,37945,338,158,347,,,
2022-04-01,396,172,1714,279,806,349,39631,346,158,348,,,
2022-04-04,387,166,1692,274,784,343,35596,323,151,341,,,
2022-04-05,384,165,1710,267,783,342,35863,317,145,336,,,
2022-04-06,384,165,1710,267,783,342,35863,317,145,336,,,
2022-04-07,393,180,1702,276,801,348,36869,322,150,343,,,
2022-04-08,397,191,1711,278,803,350,36012,328,153,345,,,
2022-04-11,406,197,1723,282,815,359,34546,339,158,350,,,
2022-04-12,408,195,1735,284,806,360,34774,345,160,357,,,
2022-04-13,407,189,1710,280,796,359,30714,350,161,357,,,
2022-04-14,400,181,1689,269,792,354,30882,345,153,348,,,
2022-04-15,400,181,1689,269,792,354,30882,345,153,348,,,
2022-04-18,403,183,1679,268,789,361,31054,347,154,348,,,
2022-04-19,405,185,1689,264,785,364,30579,347,157,350,,,
2022-04-20,410,193,1701,267,789,367,30740,346,165,357,,,
2022-04-21,418,198,1730,271,789,378,31290,344,171,357,,,
2022-04-22,426,203,1776,277,807,382,31413,354,175,363,,,
2022-04-25,429,207,1754,279,829,383,31591,358,179,371,,,
2022-04-26,433,209,1782,282,836,385,31777,361,182,376,,,
2022-04-27,429,207,1768,281,822,382,31954,359,177,373,,,
2022-04-28,434,215,1789,286,818,386,32508,366,182,378,,,
2022-04-29,438,218,1801,291,816,391,32691,375,182,379,,,
2022-05-02,447,228,1817,295,819,398,32885,387,188,378.851,,,
2022-05-03,439,223,1786,288,795,390,33144,387,184,383.564,,,
2022-05-04,435,222,1763,286,764,383,33287,383,185,385.002,,,
2022-05-05,434,214,1788,284,770,384,32460,379,178,379.964,,,
2022-05-06,435,211,1808,287,775,384,32898,381,176,382.017,,,
2022-05-09,458,227,1849,308,813,403,33094,408,195,401.762,,,
2022-05-10,455,224,1854,301,807,401,33279,396,191,403.526,,,
2022-05-11,454,224,1840,302,778,402,37597,389,193,406.197,,,
2022-05-12,459,224,1887,304,808,406,35593,393,192,408.897,,,
2022-05-13,453,216,1895,300,800,400,34856,386,185,403.817,,,
2022-05-16,459,217,1927,305,809,405,35043,390,187,408.462,,,
2022-05-17,455,213,1930,301,796,402,34615,389,182,401.681,,,
2022-05-18,471,226,1951,314,816,418,34809,407,196,414.408,,,
2022-05-19,470,224,1944,312,819,417,35394,407,194,417.216,,,
2022-05-20,475,228,1951,318,834,420,35599,407,199,420.046,,,
2022-05-23,464,220,1916,311,815,410,32784,389,191,407.64,,,
2022-05-24,467,225,1934,317,827,412,33072,383,197,413.606,,,
2022-05-25,454,216,1917,304,817,398,33085,361,188,404.218,,,
2022-05-26,446,210,1928,298,816,388,33787,358,182,397.177,,,
2022-05-27,439,200,1916,294,809,383,33978,355,175,390.264,,,
2022-05-30,439,200,1916,294,809,383,33978,355,175,390.264,,,
2022-05-31,433,194,1918,291,802,382,30795,337,166,383.074,,,
2022-06-01,434,192,1912,293,796,388,30945,334,166,383.462,,,
2022-06-02,435,195,1897,296,801,390,31424,335,165,383.966,,,
2022-06-03,436,197,1894,298,801,395,31717,335,165,382.795,,,
2022-06-06,437,196,1908,296,807,398,31728,336,162,379.278,,,
2022-06-07,441,198,1930,301,820,398,31503,346,166,386.969,,,
2022-06-08,441,197,1970,302,829,393,32572,349,163,387.893,,,
2022-06-09,452,201,2045,307,843,400,33095,379,169,396.4,,,
2022-06-10,456,201,2043,313,853,405,33198,382,172,399.793,,,
2022-06-13,478,214,2124,325,903,428,33347,396,182,412.963,,,
2022-06-14,479,211,2125,324,913,432,33517,398,180,409.966,,,
2022-06-15,480,215,2111,324,944,432,33719,380,181,416.727,,,
2022-06-16,494,223,2199,337,1010,441,34494,387,188,428.976,,,
2022-06-17,493,223,2213,334,1014,440,34691,387,187,426.23,,,
2022-06-20,493,223,2213,334,1014,440,34691,387,187,426.23,,,
2022-06-21,490,218,2200,330,1057,434,34890,397,181,420.616,,,
2022-06-22,503,226,2265,336,1139,446,34112,413,189,432.687,,,
2022-06-23,503,223,2285,336,1124,448,34712,419,188,433.397,,,
2022-06-24,500,220,2356,332,1056,447,34915,419,184,429.863,,,
2022-06-27,504,219,2451,329,1070,450,35117,422,182,427.339,,,
2022-06-28,525,233,2434,345,1173,471,35327,447,194,441.929,,,
2022-06-29,530,238,2371,353,1210,476,35542,458,198,453.409,,,
2022-06-30,528,235,2428,357,1165,473,36398,446,196,459.577,,,
2022-07-01,523,235,2344,356,1141,463,36634,441,198,458.171,,,
2022-07-04,523,235,2344,356,1141,463,36634,441,198,458.171,,,
2022-07-05,538,238,2652,362,1259,468,36864,445,200,465.703,,,
2022-07-06,533,228,2683,350,1352,464,37091,435,192,458.842,,,
2022-07-07,526,223,2641,347,1308,457,37731,430,188,456.199,,,
2022-07-08,523,222,2651,343,1290,455,36664,424,186,453.131,,,
2022-07-11,536,232,2669,354,1332,468,36238,437,196,466.423,,,
2022-07-12,547,240,2728,361,1407,476,36460,448,202,475.066,,,
2022-07-13,558,246,2729,369,1488,486,36671,461,209,489.026,,,
2022-07-14,567,250,2756,375,1562,494,37373,470,214,495.626,,,
2022-07-15,568,252,2754,371,1600,496,37615,474,213,495.981,,,
2022-07-18,556,245,2767,359,1540,484,37854,460,207,485.043,,,
2022-07-19,540,238,2766,341,1406,466,38308,447,201,477.141,,,
2022-07-20,528,234,2770,328,1328,453,38561,423,197,465.571,,,
2022-07-21,538,242,2913,334,1315,458,39354,437,206,472.058,,,
2022-07-22,537,242,2890,336,1266,456,39628,435,209,472.46,,,
2022-07-25,531,236,2905,330,1284,450,39896,425,203,464.278,,,
2022-07-26,530,233,2831,332,1361,455,40173,427,202,464.573,,,
2022-07-27,522,228,2672,327,1351,453,40463,418,197,464.867,,,
2022-07-28,510,226,2519,315,1326,444,41047,414,195,456.767,,,
2022-07-29,500,219,2398,309,1336,437,41342,403,189,446.069,,,
2022-08-01,506,223,2403,316,1454,443,34018,413,193,445.767,,,
2022-08-02,499,215,2419,311,1390,438,34202,409,184,434.267,,,
2022-08-03,502,222,2444,314,1317,439,32463,415,191,441.74,,,
2022-08-04,491,213,2458,303,1310,426,32999,404,187,433.488,,,
2022-08-05,483,209,2436,299,1310,413,35296,398,180,420.734,,,
2022-08-08,481,210,2371,297,1280,416,35471,397,184,421.801,,,
2022-08-09,492,215,2468,306,1335,428,35735,406,186,420.443,,,
2022-08-10,477,204,2476,292,1347,406,36028,386,177,411.985,,,
2022-08-11,468,195,2442,285,1351,395,37409,369,169,395.745,,,
2022-08-12,475,200,2467,288,1415,404,37686,377,174,403.267,,,
2022-08-15,477,201,2417,289,1453,409,37950,378,174,406.337,,,
2022-08-16,480,205,2395,293,1440,415,38108,385,178,409.494,,,
2022-08-17,488,209,2422,297,1470,424,38310,391,180,413.088,,,
2022-08-18,486,208,2441,295,1438,420,39157,394,182,412.293,,,
2022-08-19,492,211,2456,298,1465,422,37516,401,188,414.59,,,
2022-08-22,501,218,2438,303,1555,430,37785,412,199,422.751,,,
2022-08-23,493,214,2386,300,1543,418,38014,408,193,416.196,,,
2022-08-24,482,206,2336,289,1508,408,38331,400,186,407.444,,,
2022-08-25,482,209,2320,290,1474,410,39336,399,189,410.154,,,
2022-08-26,489,212,2394,293,1475,416,39588,403,193,413.143,,,
2022-08-29,498,217,2420,299,1503,426,39582,416,196,415.487,,,
2022-08-30,500,219,2407,295,1514,432,39833,421,199,420.672,,,
2022-08-31,499,218,2385,295,1550,432,40090,424,198,421.532,,,
2022-10-03,542,245,2708,290,1682,476,50513,451,207,473.443,,,
2022-10-04,520,229,2703,276,1614,451,50901,422,191,453.741,,,
2022-10-05,528,233,2754,283,1677,456,51284,436,196,457.522,,,
2022-10-06,525,233,2765,281,1677,450,50982,441,196,453.49,,,
2022-10-07,532,241,2796,286,1699,453,51297,459,200,456.995,,,
2022-10-10,532,241,2796,286,1699,453,51297,459,200,456.995,,,
2022-10-11,542,247,2814,292,1779,459,49193,479,204,466.313,,,
2022-10-12,548,254,2811,297,1841,462,48811,482,210,473.779,,,
2022-10-13,553,257,2794,300,1945,466,49860,480,212,477.211,,,
2022-10-14,553,256,2833,296,1883,463,49110,485,210,473.882,,,
2022-10-17,546,252,2837,292,1715,454,48995,485,206,472.683,,,
2022-10-18,539,249,2798,287,1677,446,46569,483,205,470.766,,,
2022-10-19,543,248,2797,285,1709,449,46187,501,206,469.45,,,
2022-10-20,542,250,2743,274,1694,449,48206,522,202,469.302,,,
2022-10-21,539,250,2646,267,1649,448,48228,514,203,477.631,,,
2022-10-24,523,238,2519,259,1565,433,49797,502,195,468.604,,,
2022-10-25,514,235,2501,265,1517,426,50167,477,197,465.126,,,
2022-10-26,513,232,2564,271,1532,427,50612,471,192,457.332,,,
2022-10-27,517,235,2592,283,1534,433,51133,445,199,461.245,,,
2022-10-28,503,224,2554,268,1503,421,51490,438,189,448.249,,,
2022-10-31,513,228,2624,269,1570,428,51157,456,193,448.785,,,
2022-11-01,501,221,2568,261,1488,420,54979,453,186,442.665,,,
2022-11-02,501,221,2567,261,1488,419,55391,463,186,441.539,,,
2022-11-03,503,221,2589,262,1508,420,47209,464,183,443.913,,,
2022-11-04,494,213,2566,258,1476,411,47515,451,177,434.499,,,
2022-11-07,477,201,2509,249,1418,392,47875,431,167,420.073,,,
2022-11-08,479,204,2483,261,1396,399,48188,429,168,422.069,,,
2022-11-09,493,211,2536,274,1447,413,49160,439,174,429.513,,,
2022-11-10,483,205,2481,283,1448,398,44438,420,172,426.633,,,
2022-11-11,483,205,2481,283,1448,398,44438,420,172,426.633,,,
2022-11-14,470,196,2417,273,1441,389,44717,398,161,404.67,,,
2022-11-15,465,195,2385,263,1425,386,45009,391,160,403.059,,,
2022-11-16,467,201,2346,267,1420,391,39937,394,164,405.453,,,
2022-11-17,471,202,2383,274,1422,393,40617,403,164,408.988,,,
2022-11-18,469,200,2440,268,1418,389,39337,403,162,406.252,,,
2022-11-21,466,197,2425,264,1413,389,39560,398,160,407.512,,,
2022-11-22,466,197,2417,262,1369,394,40014,396,163,406.637,,,
2022-11-23,469,201,2405,267,1333,400,40723,401,167,407.065,,,
2022-11-24,469,201,2405,267,1333,400,40723,401,167,407.065,,,
2022-11-25,470,202,2401,268,1337,401,40966,402,168,400.442,,,
2022-11-28,467,198,2384,262,1336,402,34729,404,163,396.926,,,
2022-11-29,457,190,2319,250,1325,392,34505,403,154,388.399,,,
2022-11-30,454,193,2248,249,1333,392,34698,404,157,391.723,,,
2022-12-01,447,196,2212,250,1325,381,35285,393,158,387.332,,,
2022-12-02,447,196,2248,247,1316,384,35483,383,156,387.172,,,
2022-12-05,447,191,2296,243,1320,388,35518,383,152,380.339,,,
2022-12-06,461,199,2378,254,1358,404,35663,398,158,391.794,,,
2022-12-07,462,201,2325,260,1364,403,35524,402,162,398.349,,,
2022-12-08,451,189,2326,251,1338,392,36071,390,153,387.334,,,
2022-12-09,442,180,2340,243,1329,382,36278,378,145,378.521,,,
2022-12-12,444,185,2278,251,1323,386,36543,379,147,379.584,,,
2022-12-13,439,185,2270,250,1300,381,36707,372,146,377.402,,,
2022-12-14,444,197,2235,258,1293,384,36912,380,149,381.166,,,
2022-12-15,446,203,2198,265,1292,389,37576,384,151,383.908,,,
2022-12-16,451,208,2171,272,1295,396,37763,391,151,387.605,,,
2022-12-19,452,208,2159,275,1299,398,37785,395,149,386.415,,,
2022-12-20,451,209,2123,274,1283,398,41375,396,149,386.221,,,
2022-12-21,441,200,2083,268,1260,389,41644,379,145,382.902,,,
2022-12-22,440,198,2099,265,1256,388,42748,376,145,379.445,,,
2022-12-23,441,193,2173,265,1256,386,43033,372,140,376.843,,,
2022-12-26,441,193,2173,265,1256,386,43033,372,140,376.843,,,
2022-12-27,437,191,2165,259,1247,383,43321,370,136,371.805,,,
2022-12-28,436,190,2157,256,1246,385,43613,367,137,371.267,,,
2022-12-29,442,195,2162,261,1255,389,44529,370,143,377.041,,,
2022-12-30,440,194,2196,258,1250,386,44840,369,140,374.185,,,
2023-01-02,440,194,2196,258,1250,386,44840,369,140,374.185,,,
2023-01-03,443,200,2153,259,1245,390,43541,368,147,379.913,,,
2023-01-04,443,208,2087,263,1213,391,43847,366,154,382.846,,,
2023-01-05,451,217,2120,264,1209,398,44781,376,162,388.332,,,
2023-01-06,448,215,2117,265,1119,392,45113,382,165,393,,,
2023-01-09,446,215,2082,267,1118,388,43827,382,164,389,,,
2023-01-10,446,214,2047,262,1127,387,42628,385,161,388,,,
2023-01-11,439,213,2006,262,1100,383,42132,380,161,389,,,
2023-01-12,433,205,1999,262,1056,373,43309,377,160,390,,,
2023-01-13,427,202,1991,256,1050,368,43610,370,153,379,,,
2023-01-16,427,202,1991,256,1050,368,43610,370,153,379,,,
2023-01-17,421,206,1884,255,1043,366,43853,368,151,375,,,
2023-01-18,418,207,1835,257,1047,363,40749,366,149,376,,,
2023-01-19,421,211,1935,257,1069,363,41596,366,148,374,,,
2023-01-20,416,208,1874,253,1088,358,41624,361,145,370,,,
2023-01-23,413,207,1872,250,1074,354,41915,358,143,365,,,
2023-01-24,417,210,1832,255,1109,361,42032,362,146,370,,,
2023-01-25,420,210,1834,262,1164,366,45963,362,146,372,,,
2023-01-26,415,202,1834,256,1173,361,45362,358,142,367,,,
2023-01-27,411,199,1820,256,1181,354,45364,366,140,366,,,
2023-01-30,419,204,1815,258,1216,364,43106,376,145,370,,,
2023-01-31,418,206,1822,257,1216,357,36587,376,146,368,,,
2023-02-01,417,207,1819,256,1208,358,36805,371,146,369,,,
2023-02-02,403,197,1797,248,1107,343,37462,360,139,355,,,
2023-02-03,403,193,1860,242,1120,342,37672,359,136,353,,,
2023-02-06,411,190,1917,238,1415,348,37891,361,135,356,,,
2023-02-07,414,191,1913,238,1514,352,38121,362,136,359,,,
2023-02-08,420,195,1919,246,1499,360,38353,368,142,366,,,
2023-02-09,420,193,1934,246,1500,359,39069,371,140,362,,,
2023-02-10,426,196,1961,248,1532,364,39146,379,140,369,,,
2023-02-13,425,196,1973,246,1506,363,39165,379,140,373,,,
2023-02-14,423,190,1970,246,1507,363,39407,379,139,368,,,
2023-02-15,428,191,2005,246,1568,365,39661,388,140,370,,,
2023-02-16,428,186,2049,247,1632,359,40949,389,135,367,,,
2023-02-17,437,192,2123,252,1619,364,41222,411,139,377,,,
2023-02-20,437,192,2123,252,1619,364,41222,411,139,377,,,
2023-02-21,438,188,2179,249,1630,364,38291,417,135,375,,,
2023-02-22,437,191,2086,250,1636,366,38588,416,140,378,,,
2023-02-23,427,189,1979,245,1620,357,39357,395,141,371,,,
2023-02-24,426,188,1995,241,1628,355,39617,391,140,367,,,
2023-02-27,427,190,1957,242,1709,357,43792,387,142,367,,,
2023-02-28,431,191,1960,244,1765,368,33951,393,145,370,,,
2023-03-01,435,191,2035,242,1859,370,34180,395,143,370,,,
2023-03-02,437,192,2085,243,1829,373,34800,399,142,374,,,
2023-03-03,433,191,2091,242,1655,371,35013,392,143,374,,,
2023-03-06,426,187,2037,242,1658,365,35224,385,139,366,,,
2023-03-07,430,190,2045,246,1662,371,35312,388,141,368,,,
2023-03-08,435,191,2099,247,1625,377,35418,393,143,372,,,
2023-03-09,445,197,2148,254,1585,386,36102,405,149,382,,,
2023-03-10,458,204,2280,262,1613,396,36360,417,157,395,,,
2023-03-13,473,209,2322,273,1707,408,35245,430,161,404,,,
2023-03-14,464,200,2323,262,1734,399,35063,422,151,396,,,
2023-03-15,487,214,2390,277,1868,424,35308,448,162,418,,,
2023-03-16,476,204,2322,266,1890,416,35941,435,154,407,,,
2023-03-17,492,214,2388,278,1950,430,36197,447,163,421,,,
2023-03-20,489,211,2372,270,1949,430,36412,442,159,418,,,
2023-03-21,476,205,2343,259,1885,416,36622,422,154,405,,,
2023-03-22,484,216,2465,267,1872,417,36875,426,161,417,,,
2023-03-23,485,216,2501,268,1823,417,37072,421,160,414,,,
2023-03-24,488,215,2548,271,1837,422,37317,419,160,416,,,
2023-03-27,476,206,2529,258,1821,413,37545,407,149,403,,,
2023-03-28,479,210,2495,257,1952,415,37101,408,151,405,,,
2023-03-29,469,207,2357,252,1915,408,36754,393,150,402,,,
2023-03-30,465,209,2302,252,1971,399,37474,391,151,399,,,
2023-03-31,461,209,2302,254,1917,393,34229,382,153,400,,,
2023-04-03,456,205,2274,252,1875,389,34440,375,151,397,,,
2023-04-04,467,210,2355,255,1908,402,34662,388,155,403,,,
2023-04-05,473,212,2433,261,1966,408,34036,397,156,408,,,
2023-04-06,475,211,2469,263,1975,409,34652,404,155,409,,,
2023-04-07,469,207,2451,258,1967,400,34854,397,151,402,,,
2023-04-10,469,205,2418,260,1973,401,34182,401,150,402,,,
2023-04-11,468,204,2427,260,1953,400,33019,403,149,402,,,
2023-04-12,467,204,2383,261,1933,399,33208,404,149,402,,,
2023-04-13,464,201,2374,257,1926,397,33782,399,147,399,,,
2023-04-14,458,198,2364,249,1888,390,33968,396,143,392,,,
2023-04-17,458,197,2415,249,1864,391,34161,396,140,392,,,
2023-04-18,461,198,2518,249,1861,390,34673,396,143,395,,,
2023-04-19,467,200,2661,251,1859,394,33661,398,145,401,,,
2023-04-20,472,203,2660,255,1878,398,34215,406,148,406,,,
2023-04-21,466,199,2634,252,1886,393,39713,401,145,404,,,
2023-04-24,468,200,2619,256,1914,394,39386,402,147,409,,,
2023-04-25,472,201,2644,264,1921,399,39646,401,149,411,,,
2023-04-26,473,197,2642,263,1840,401,39891,432,147,408,,,
2023-04-27,470,193,2664,258,1785,401,40651,425,142,403,,,
2023-04-28,465,193,2684,258,1757,396,34739,422,143,401,,,
2023-05-01,459,187,2671,249,1740,392,34388,414,136,392,,,
2023-05-02,470,199,2655,262,1759,401,33703,425,145,408,,,
2023-05-03,472,201,2566,266,1796,407,34211,425,147,409,,,
2023-05-04,474,201,2572,266,1806,411,33282,427,146,409,,,
2023-05-05,470,201,2579,262,1627,411,34710,425,144,407,,,
2023-05-08,468,198,2586,257,1631,409,33837,421,141,402,,,
2023-05-09,465,197,2518,254,1623,410,34005,420,137,401,,,
2023-05-10,468,199,2504,258,1691,414,34188,419,139,407,,,
2023-05-11,469,199,2519,259,1690,415,34882,416,140,405,,,
2023-05-12,468,198,2574,256,1692,414,35059,418,138,401,,,
2023-05-15,472,199,2582,256,1759,418,35241,421,140,410,,,
2023-05-16,469,198,2574,251,1773,416,33862,415,137,408,,,
2023-05-17,468,199,2554,250,1832,411,34033,411,137,408,,,
2023-05-18,463,195,2584,244,1865,406,35399,404,133,405,,,
2023-05-19,462,194,2596,243,1857,402,35588,403,134,403,,,
2023-05-22,461,195,2580,241,1836,400,35806,403,136,403,,,
2023-05-23,465,199,2583,244,1834,404,36636,406,139,406,,,
2023-05-24,464,198,2584,243,1857,403,40349,406,137,402,,,
2023-05-25,460,194,2584,237,1861,400,41354,401,134,398,,,
2023-05-26,461,196,2584,238,1882,401,41355,403,136,401,,,
2023-05-29,461,196,2584,238,1882,401,41355,403,136,401,,,
2023-05-30,461,197,2555,240,1861,401,41180,401,139,399,,,
2023-05-31,465,200,2595,248,1911,406,37552,406,145,400,,,
2023-06-01,467,195,2618,252,1912,408,38169,408,144,403,,,
2023-06-02,455,186,2548,241,1923,398,38367,392,136,388,,,
2023-06-05,456,192,2516,242,1908,402,38584,380,139,388,,,
2023-06-06,449,191,2388,239,1876,402,38796,368,140,386,,,
2023-06-07,442,187,2335,233,1856,396,39013,364,135,378,,,
2023-06-08,448,188,2382,236,1883,401,39682,368,140,387,,,
2023-06-09,444,186,2380,234,1888,398,39902,363,137,382,,,
2023-06-12,442,185,2338,233,1889,397,39675,361,137,381,,,
2023-06-13,433,178,2299,227,1875,389,39843,349,132,371,,,
2023-06-14,434,180,2333,228,1863,389,40072,348,134,372,,,
2023-06-15,437,182,2357,231,1875,388,41031,359,136,377,,,
2023-06-16,432,178,2358,229,1856,379,41087,356,134,372,,,
2023-06-19,432,178,2358,229,1856,379,41087,356,134,372,,,
2023-06-20,435,179,2356,232,1856,381,41091,362,136,377,,,
2023-06-21,431,178,2261,232,1849,379,41337,365,136,374,,,
2023-06-22,424,172,2200,228,1825,373,42099,361,132,368,,,
2023-06-23,428,175,2226,232,1846,377,40027,365,136,371,,,
2023-06-26,425,176,2100,232,1852,377,40269,367,135,369,,,
2023-06-27,423,174,2114,230,1858,372,40511,364,132,365,,,
2023-06-28,426,178,2076,234,1882,377,41429,373,136,369,,,
2023-06-29,424,174,2061,229,1922,376,42210,370,132,364,,,
2023-06-30,421,172,2037,230,1902,373,42753,366,132,363,,,
2023-07-03,415,168,1998,227,1894,368,43030,361,129,358,,,
2023-07-04,415,168,1998,227,1894,368,43030,361,129,358,,,
2023-07-05,409,163,1957,222,1898,363,43310,357,126,353,,,
2023-07-06,416,165,2052,224,1916,367,44175,363,126,359,,,
2023-07-07,417,167,2090,225,1903,367,44980,365,126,363,,,
2023-07-10,418,168,2029,229,1885,369,45289,368,128,367,,,
2023-07-11,412,166,1973,224,1838,367,44817,362,125,359,,,
2023-07-12,415,170,2017,226,1793,369,45126,358,130,360,,,
2023-07-13,411,170,2035,225,1765,363,46069,340,131,358,,,
2023-07-14,408,169,2115,221,1747,356,46386,332,126,351,,,
2023-07-17,409,169,2049,222,1786,363,46712,334,127,353,,,
2023-07-18,407,168,2022,219,1799,363,46670,328,126,350,,,
2023-07-19,414,173,2055,220,1812,376,46752,330,129,354,,,
2023-07-20,413,172,2039,217,1840,379,47214,328,125,351,,,
2023-07-21,410,173,2005,215,1840,375,47560,328,124,351,,,
2023-07-24,406,173,1953,210,1857,373,47905,325,122,347,,,
2023-07-25,410,175,1961,211,1867,381,48261,327,123,349,,,
2023-07-26,410,173,1986,206,1908,378,48624,326,123,349,,,
2023-07-27,400,165,2000,198,1946,360,49365,316,117,337,,,
2023-07-28,398,169,1962,201,1926,355,49746,318,119,339,,,
2023-07-31,394,163,1982,197,1934,354,38800,313,119,334,,,
2023-08-01,397,162,2006,197,1971,363,39028,313,117,336,,,
2023-08-02,402,163,2009,202,2018,367,39261,317,121,343,,,
2023-08-03,402,162,2019,201,2035,364,39973,318,120,342,,,
2023-08-04,406,168,2016,207,1976,367,40225,318,126,348,,,
2023-08-07,407,165,2010,211,2033,369,40719,318,125,345,,,
2023-08-08,406,165,1948,214,1994,370,40971,318,126,346,,,
2023-08-09,397,160,1906,206,1900,364,41753,310,120,336,,,
2023-08-10,396,159,1917,204,1822,365,41883,309,120,336,,,
2023-08-11,404,162,2088,208,1846,367,42150,313,121,342,,,
2023-08-14,414,167,2206,215,1904,369,42425,320,126,352,,,
2023-08-15,415,167,2210,214,1808,373,42702,322,128,350,,,
2023-08-16,419,172,2169,219,1774,381,43565,327,132,356,,,
2023-08-17,421,175,2117,220,1814,383,43860,331,135,358,,,
2023-08-18,419,173,2111,217,1750,382,40589,331,134,357,,,
2023-08-21,415,173,2040,215,1756,377,40032,332,133,356,,,
2023-08-22,413,174,2038,217,1738,374,40566,332,136,357,,,
2023-08-23,413,172,2071,212,1756,372,41341,335,134,350,,,
2023-08-24,413,172,2066,211,1765,371,38471,342,135,352,,,
2023-08-25,412,171,2050,209,1766,369,38710,340,133,352,,,
2023-08-28,410,169,2046,211,1806,364,38719,336,133,353,,,
2023-08-29,406,164,2074,210,1815,362,33361,324,132,350,,,
2023-08-30,407,164,2097,211,1850,365,34220,321,131,353,,,
2023-08-31,406,160,2085,210,1906,363,34425,320,128,349,,,
2023-10-02,444,179,2643,209,1824,385,38601,351,139,369,,,
2023-10-03,450,182,2700,213,1834,388,38872,358,143,380,,,
2023-10-04,454,183,2726,215,1853,389,40086,362,150,380,,,
2023-10-05,449,179,2674,212,1837,385,40315,360,146,378,,,
2023-10-06,449,179,2674,212,1837,385,40315,360,146,378,,,
2023-10-09,446,179,2622,209,1838,381,40309,359,147,377,,,
2023-10-10,442,180,2523,207,1844,379,38984,355,151,376,,,
2023-10-11,440,176,2510,203,1851,377,39521,354,149,370,,,
2023-10-12,442,181,2508,205,1839,380,39659,350,155,378,,,
2023-10-13,437,178,2430,205,1748,377,39932,346,152,373,,,
2023-10-16,432,178,2376,204,1733,372,37005,343,152,370,,,
2023-10-17,432,179,2390,203,1734,371,37176,344,151,373,,,
2023-10-18,432,179,2401,204,1750,369,18486,342,149,373,,,
2023-10-19,438,185,2416,207,1757,375,19282,350,152,379,,,
2023-10-20,443,184,2612,205,1760,378,20137,343,154,385,,,
2023-10-23,436,183,2497,203,1752,376,23074,341,153,375,,,
2023-10-24,432,178,2477,199,1750,371,22384,338,149,368,,,
2023-10-25,441,183,2531,206,1760,381,20800,342,154,378,,,
2023-10-26,444,183,2560,208,1764,382,18636,343,155,376,,,
2023-10-27,442,181,2582,206,1755,381,19079,329,151,372,,,
2023-10-30,438,176,2576,200,1755,379,15867,323,147,366,,,
2023-10-31,444,183,2601,207,1759,385,15924,321,155,373,,,
2023-11-01,429,176,2546,202,1766,367,16099,303,152,361,,,
2023-11-02,424,174,2526,202,1759,361,16223,299,149,357,,,
2023-11-03,429,178,2526,204,1749,366,16226,312,152,355,,,
2023-11-06,435,183,2488,210,1823,372,16685,317,157,362,,,
2023-11-07,436,185,2459,214,1933,373,17457,319,159,364,,,
2023-11-08,435,180,2466,211,1993,371,18127,317,155,358,,,
2023-11-09,435,181,2476,209,1949,373,18192,314,154,361,,,
2023-11-10,439,183,2496,213,1977,378,18125,319,155,365,,,
2023-11-13,438,181,2497,212,2030,376,17706,311,155,365,,,
2023-11-14,434,175,2448,207,2054,374,17424,312,150,358,,,
2023-11-15,434,178,2383,209,2023,377,17695,323,151,360,,,
2023-11-16,433,177,2416,208,2010,374,17895,323,149,357,,,
2023-11-17,424,176,2246,206,1941,369,18074,321,146,355,,,
2023-11-20,418,173,2165,204,1921,364,18280,318,143,349,,,
2023-11-21,414,170,2112,203,1925,362,18430,315,142,347,,,
2023-11-22,414,170,2112,203,1925,362,18430,315,142,347,,,
2023-11-23,405,166,1957,201,1915,360,18467,309,137,342,,,
2023-11-24,411,171,2007,204,1925,367,18283,313,141,348,,,
2023-11-27,415,170,2057,203,1963,367,18312,309,140,351,,,
2023-11-28,408,164,2023,201,1996,358,17880,301,137,344,,,
2023-11-29,401,160,1984,196,2016,358,18054,304,134,339,,,
2023-11-30,402,161,1982,200,2059,358,17514,300,137,345,,,
2023-12-01,397,158,1958,199,2055,355,18181,296,133,338,,,
2023-12-04,397,162,1933,200,2025,357,18586,298,135,339,,,
2023-12-05,396,163,1908,202,2008,359,18613,300,136,336,,,
2023-12-06,397,162,1908,201,2027,361,19201,300,133,334,,,
2023-12-07,397,162,1920,200,2019,363,19828,299,132,332,,,
2023-12-08,399,163,1940,200,2033,366,20429,297,132,333,,,
2023-12-11,400,166,1887,201,2054,368,20656,301,135,333,,,
2023-12-12,400,172,1821,203,2141,365,20389,308,142,342,,,
2023-12-13,387,164,1819,199,2119,348,20013,294,136,325,,,
2023-12-14,387,164,1850,199,2133,348,20122,294,135,324,,,
2023-12-15,386,162,1843,198,2100,348,20068,295,134,321,,,
2023-12-18,384,160,1853,198,2086,346,20282,289,133,320,,,
2023-12-19,387,164,1873,201,2083,348,20029,286,136,324,,,
2023-12-20,383,161,1860,198,2082,342,20037,280,133,320,,,
2023-12-21,382,159,1864,197,2078,341,20270,278,132,319,,,
2023-12-22,382,159,1864,197,2078,341,20270,278,132,319,,,
2023-12-25,383,160,1864,199,2079,342,20226,278,133,320,,,
2023-12-26,389,167,1888,205,2080,345,20610,284,139,327,,,
2023-12-27,385,162,1895,201,2062,341,21037,275,135,322,,,
2023-12-28,383,160,1907,200,2055,340,21422,272,132,319,,,
2023-12-29,383,160,1907,200,2055,340,21422,272,132,319,,,
2024-01-01,392,166,1938,205,2001,351,21036,283,137,324,,,
2024-01-02,406,178,1983,214,2008,361,20913,301,149,339,,,
2024-01-03,404,175,2016,210,1971,357,20597,297,145,337,,,
2024-01-04,399,171,1997,208,1935,350,20117,294,141,336,,,
2024-01-05,405,176,2046,208,1957,355,19345,308,144,344,,,
2024-01-08,407,177,2082,206,2039,352,19190,312,144,344,,,
2024-01-09,396,171,1984,199,2018,342,18440,304,138,335,,,
2024-01-10,392,172,1923,197,2011,341,18557,301,138,335,,,
2024-01-11,390,169,1906,194,1968,343,18491,295,139,334,,,
2024-01-12,390,169,1906,194,1968,343,18491,295,139,334,,,
2024-01-15,388,165,1921,189,1930,342,18544,292,134,330,,,
2024-01-16,391,169,1952,190,1910,345,18676,299,136,334,,,
2024-01-17,390,170,1966,189,1879,342,19298,302,133,331,,,
2024-01-18,392,171,1966,192,1840,341,20004,310,134,334,,,
2024-01-19,394,177,1945,202,1818,341,20068,312,134,334,,,
2024-01-22,398,176,1892,206,1797,346,20275,318,140,336,,,
2024-01-23,395,174,1897,204,1750,343,20259,312,136,333,,,
2024-01-24,394,172,1872,204,1709,344,20543,310,136,337,,,
2024-01-25,392,169,1853,204,1695,344,20918,306,137,334,,,
2024-01-26,391,164,1889,205,1733,342,23976,300,135,335,,,
2024-01-29,391,164,1889,205,1733,342,23976,300,135,335,,,
2024-01-30,392,162,1936,209,1748,342,24339,301,137,336,,,
2024-01-31,392,167,1964,224,1786,341,22198,310,143,336,,,
2024-02-01,392,169,1954,220,1809,341,21281,322,144,335,,,
2024-02-02,387,167,1920,215,1759,337,21375,321,139,329,,,
2024-02-05,385,166,1870,211,1743,338,21245,324,140,326,,,
2024-02-06,385,168,1854,209,1675,339,21403,323,140,328,,,
2024-02-07,386,165,1937,209,1619,338,21516,319,140,326,,,
2024-02-08,387,167,1963,207,1616,338,22255,321,140,326,,,
2024-02-09,387,167,2004,208,1519,337,22407,322,140,326,,,
2024-02-12,388,164,2032,207,1501,342,22652,318,140,326,,,
2024-02-13,384,161,2037,203,1526,338,22845,313,136,321,,,
2024-02-14,384,162,1954,205,1529,339,22845,310,136,325,,,
2024-02-15,376,158,1840,205,1531,334,23519,302,134,320,,,
2024-02-16,373,157,1788,203,1540,332,23788,302,133,318,,,
2024-02-19,373,157,1788,203,1540,332,23788,302,133,318,,,
2024-02-20,373,157,1738,202,1562,334,24191,304,133,317,,,
2024-02-21,373,156,1781,200,1551,332,24804,303,130,314,,,
2024-02-22,366,157,1712,200,1498,326,21832,298,131,311,,,
2024-02-23,364,157,1683,200,1497,325,21901,297,132,311,,,
2024-02-26,364,155,1700,199,1513,325,22003,295,132,307,,,
2024-02-27,366,150,1755,198,1486,327,22429,297,131,307,,,
2024-02-28,368,153,1749,202,1470,329,23069,299,133,308,,,
2024-02-29,364,153,1702,202,1420,328,21928,299,134,308,,,
2024-03-01,362,156,1625,201,1341,328,22249,301,137,309,,,
2024-03-04,359,154,1595,202,1321,329,22296,302,133,306,,,
2024-03-05,362,156,1613,207,1332,331,22762,307,135,310,,,
2024-03-06,361,155,1620,208,1290,329,23368,305,135,309,,,
2024-03-07,361,160,1643,211,1236,331,23829,308,138,309,,,
2024-03-08,366,160,1686,210,1218,332,23829,307,139,309,,,
2024-03-11,365,157,1704,209,1243,333,23611,305,136,307,,,
2024-03-12,359,155,1635,206,1211,332,23697,301,134,304,,,
2024-03-13,353,151,1583,204,1241,328,23359,292,130,299,,,
2024-03-14,353,150,1622,201,1252,324,23954,291,128,297,,,
2024-03-15,352,151,1601,202,1265,324,24174,292,128,298,,,
2024-03-18,351,151,1580,200,1265,323,24468,293,128,299,,,
2024-03-19,352,153,1528,203,1275,327,24741,294,128,298,,,
2024-03-20,348,150,1498,202,1303,325,24915,288,127,296,,,
2024-03-21,339,146,1448,197,1254,316,25373,279,124,287,,,
2024-03-22,340,148,1433,198,1225,317,25711,287,126,289,,,
2024-03-25,339,148,1414,198,1218,317,25837,288,125,288,,,
2024-03-26,340,150,1426,198,1220,317,26020,292,127,289,,,
2024-03-27,341,151,1437,201,1227,316,25956,291,127,291,,,
2024-03-28,342,152,1452,201,1233,314,21720,292,127,287,,,
2024-03-29,342,152,1452,201,1233,314,21720,292,127,287,,,
2024-04-01,338,150,1432,198,1208,311,20522,290,123,281,,,
2024-04-02,341,153,1451,201,1214,313,20135,291,125,285,,,
2024-04-03,338,153,1423,204,1204,310,19591,285,124,284,,,
2024-04-04,334,154,1359,201,1180,309,19530,288,123,282,,,
2024-04-05,326,149,1296,197,1163,305,19715,281,118,276,,,
2024-04-08,325,150,1274,199,1180,306,19459,278,117,277,,,
2024-04-09,322,148,1232,200,1175,305,19292,277,118,277,,,
2024-04-10,323,146,1275,196,1182,306,19130,275,113,270,,,
2024-04-11,326,147,1284,195,1206,309,19018,277,113,276,,,
2024-04-12,335,150,1332,201,1259,319,19181,286,116,283,,,
2024-04-15,343,154,1372,205,1278,326,19259,296,117,287,,,
2024-04-16,345,157,1378,211,1214,328,19729,296,119,291,,,
2024-04-17,339,158,1270,210,1141,327,19607,300,121,290,,,
2024-04-18,337,157,1242,208,1141,325,19392,302,120,285,,,
2024-04-19,335,157,1214,207,1175,322,19509,305,120,286,,,
2024-04-22,328,156,1143,205,1138,316,19366,298,119,283,,,
2024-04-23,326,155,1175,204,1145,309,19368,295,119,282,,,
2024-04-24,329,156,1204,205,1159,311,19075,297,120,284,,,
2024-04-25,331,157,1233,205,1119,312,19075,300,122,285,,,
2024-04-26,327,158,1211,203,1115,307,18805,297,122,284,,,
2024-04-29,327,158,1208,203,1111,306,18751,294,122,283,,,
2024-04-30,381,160,1215,202,1120,309,14799,303,121,301,,,
2024-05-01,384,160,1224,200,1139,312,15151,304,124,306,,,
2024-05-02,384,158,1236,199,1142,312,15357,299,123,306,,,
2024-05-03,379,156,1242,196,1140,308,15083,294,122,303,,,
2024-05-06,376,154,1229,192,1126,307,15155,283,123,301,,,
2024-05-07,377,155,1221,195,1114,308,15171,287,125,301,,,
2024-05-08,377,149,1233,197,1131,308,15571,290,118,298,,,
2024-05-09,375,150,1263,200,1148,297,15932,289,119,299,,,
2024-05-10,376,151,1271,202,1159,298,16286,288,118,296,,,
2024-05-13,375,150,1245,202,1170,299,16354,290,118,296,,,
2024-05-14,377,155,1242,207,1187,299,16496,294,119,299,,,
2024-05-15,373,154,1234,211,1211,292,15280,291,119,298,,,
2024-05-16,373,153,1253,207,1242,293,15420,292,117,293,,,
2024-05-17,376,153,1264,207,1254,296,15473,294,116,293,,,
2024-05-20,371,151,1257,202,1255,290,15396,291,114,291,,,
2024-05-21,373,150,1294,203,1254,289,15474,295,114,293,,,
2024-05-22,382,158,1394,205,1256,294,15609,301,115,296,,,
2024-05-23,386,158,1431,203,1263,296,15855,306,115,298,,,
2024-05-24,389,161,1444,202,1259,299,15890,311,117,300,,,
2024-05-27,389,161,1444,202,1259,299,15890,311,117,300,,,
2024-05-28,394,169,1399,208,1275,308,15663,317,123,303,,,
2024-05-29,383,161,1340,200,1259,299,15523,307,114,296,,,
2024-05-30,379,158,1303,201,1252,296,15777,303,115,297,,,
2024-05-31,436,159,1341,202,1274,299,15228,302,118,317,,,
2024-06-03,442,160,1408,207,1288,305,15407,306,122,321,,,
2024-06-04,449,162,1487,210,1324,309,15555,310,124,327,,,
2024-06-05,451,161,1529,214,1337,308,15637,312,125,329,,,
2024-06-06,456,163,1588,216,1350,312,15771,312,126,330,,,
2024-06-07,452,160,1581,210,1354,309,15898,299,121,323,,,
2024-06-10,449,161,1488,208,1339,310,16035,300,120,323,,,
2024-06-11,455,165,1525,213,1333,316,16157,305,124,328,,,
2024-06-12,451,161,1481,211,1345,317,16255,303,122,323,,,
2024-06-13,453,163,1417,218,1360,320,16429,315,126,327,,,
2024-06-14,454,166,1378,221,1374,325,16477,324,128,331,,,
2024-06-17,456,162,1386,221,1380,325,16628,329,128,330,,,
2024-06-18,452,164,1378,221,1363,318,16741,321,128,331,,,
2024-06-19,452,164,1378,221,1363,318,16741,321,128,331,,,
2024-06-20,453,162,1399,221,1376,316,16792,323,128,330,,,
2024-06-21,453,160,1416,222,1421,315,16578,322,127,330,,,
2024-06-24,455,160,1440,223,1462,317,16584,319,128,332,,,
2024-06-25,453,158,1440,222,1427,317,16470,313,127,331,,,
2024-06-26,452,156,1428,220,1398,318,16139,311,125,328,,,
2024-06-27,454,156,1441,221,1388,321,16523,311,126,331,,,
2024-06-28,509,154,1455,220,1391,319,16878,305,120,344,,,
2024-07-01,520,157,1509,223,1390,326,17095,316,123,349,,,
2024-07-02,518,159,1532,225,1372,322,16757,315,121,351,,,
2024-07-03,511,160,1520,222,1352,318,16613,306,123,348,,,
2024-07-04,511,160,1520,222,1352,318,16613,306,123,348,,,
2024-07-05,502,160,1405,219,1349,313,16417,306,124,345,,,
2024-07-08,503,157,1502,214,1336,313,15986,302,121,343,,,
2024-07-09,504,159,1490,213,1335,316,15539,307,121,344,,,
2024-07-10,502,158,1473,212,1336,318,15316,304,122,343,,,
2024-07-11,496,153,1470,205,1339,311,15490,304,120,340,,,
2024-07-12,499,157,1507,213,1338,308,15608,302,122,342,,,
2024-07-15,502,157,1556,212,1278,309,15796,304,121,341,,,
2024-07-16,504,159,1584,214,1284,312,15940,302,123,346,,,
2024-07-17,510,162,1594,219,1295,318,16050,313,126,348,,,
2024-07-18,511,161,1583,217,1310,319,16383,313,123,347,,,
2024-07-19,510,158,1583,217,1308,315,16443,316,124,346,,,
2024-07-22,511,160,1571,213,1310,321,16145,311,124,345,,,
2024-07-23,504,157,1552,213,1299,317,15277,306,120,342,,,
2024-07-24,508,156,1578,208,1314,319,15432,309,120,343,,,
2024-07-25,508,157,1585,212,1303,319,15607,308,122,348,,,
2024-07-26,508,159,1562,214,1296,321,15694,308,124,349,,,
2024-07-29,510,159,1558,214,1301,318,17560,311,123,349,,,
2024-07-30,514,161,1558,218,1307,323,17545,313,127,352,,,
2024-07-31,514,164,1510,222,1305,324,18716,315,131,353,,,
2024-08-01,521,174,1541,227,1350,328,18706,327,135,358,,,
2024-08-02,537,185,1606,239,1403,345,19471,336,144,372,,,
2024-08-05,549,191,1652,246,1460,353,20044,339,150,379,,,
2024-08-06,543,181,1628,238,1444,349,19971,339,142,372,,,
2024-08-07,531,177,1578,232,1408,339,19160,331,138,365,,,
2024-08-08,527,175,1560,230,1397,333,18838,329,136,361,,,
2024-08-09,523,174,1554,228,1397,330,18670,326,137,360,,,
2024-08-12,522,175,1567,229,1392,329,18100,328,136,361,,,
2024-08-13,519,173,1555,230,1374,329,18505,324,134,362,,,
2024-08-14,513,169,1515,225,1359,324,19324,324,131,358,,,
2024-08-15,509,167,1484,221,1315,322,19215,321,128,352,,,
2024-08-16,507,166,1475,222,1312,321,19267,320,128,351,,,
2024-08-19,503,164,1471,216,1291,319,19470,316,127,348,,,
2024-08-20,505,165,1488,220,1286,322,19532,315,130,350,,,
2024-08-21,506,163,1516,217,1284,324,19620,313,128,349,,,
2024-08-22,510,163,1558,216,1294,326,20151,313,127,348,,,
2024-08-23,508,163,1522,218,1304,325,20475,315,128,349,,,
2024-08-26,505,160,1510,214,1291,321,21450,311,126,346,,,
2024-08-27,507,161,1509,215,1296,325,21703,312,126,347,,,
2024-08-28,509,162,1482,213,1289,330,22146,317,125,347,,,
2024-08-29,508,164,1445,213,1263,331,22596,318,126,346,,,
2024-08-30,500,157,1433,214,1240,327,22665,313,122,342,,,
2024-10-01,478,154,1288,210,1218,315,19568,316,119,323,,,
2024-10-02,473,152,1278,202,1216,307,19621,312,116,321,,,
2024-10-03,469,150,1265,197,1192,302,19873,308,113,318,,,
2024-10-04,463,149,1239,195,1135,292,19903,302,111,313,,,
2024-10-07,464,151,1204,195,1122,296,19988,304,114,313,,,
2024-10-08,469,155,1185,198,1143,304,20136,307,116,316,,,
2024-10-09,465,153,1125,198,1165,301,20253,308,113,311,,,
2024-10-10,470,158,1125,203,1209,305,20531,311,115,315,,,
2024-10-11,468,156,1108,203,1207,304,20616,310,114,313,,,
2024-10-14,464,158,1044,202,1207,305,20700,309,117,313,,,
2024-10-15,464,158,1044,202,1207,305,20700,309,117,313,,,
2024-10-16,464,155,1053,203,1225,306,20820,306,115,312,,,
2024-10-17,467,152,1100,197,1244,306,20895,301,113,303,,,
2024-10-18,467,153,1096,200,1209,303,20975,303,114,305,,,
2024-10-21,471,152,1094,198,1231,304,21286,305,111,304,,,
2024-10-22,477,156,1101,203,1249,307,21436,313,115,310,,,
2024-10-23,480,157,1093,205,1263,310,21746,314,116,311,,,
2024-10-24,476,157,1037,205,1277,308,22212,318,118,310,,,
2024-10-25,468,154,967,199,1295,305,22295,320,114,304,,,
2024-10-28,465,152,914,197,1317,305,22387,318,114,304,,,
2024-10-29,465,154,934,198,1305,301,21927,321,115,305,,,
2024-10-30,463,151,957,195,1254,299,21491,326,114,300,,,
2024-10-31,471,156,984,201,1250,307,19681,337,116,305,,,
2024-11-01,468,153,950,198,1252,302,19752,334,113,300,,,
2024-11-04,473,157,955,205,1273,308,19833,343,117,306,,,
2024-11-05,474,160,929,213,1283,308,19697,346,119,309,,,
2024-11-06,461,155,866,207,1218,297,18890,338,117,301,,,
2024-11-07,449,151,856,201,1163,289,19073,317,116,297,,,
2024-11-08,450,153,848,198,1197,295,19153,318,117,294,,,
2024-11-11,450,153,848,198,1197,295,19153,318,117,294,,,
2024-11-12,450,151,817,199,1230,294,19711,312,115,291,,,
2024-11-13,450,149,796,199,1265,293,20112,311,113,290,,,
2024-11-14,452,148,772,204,1322,296,20226,319,114,292,,,
2024-11-15,461,157,767,210,1361,305,20303,328,117,299,,,
2024-11-18,467,162,779,212,1358,312,20577,328,120,304,,,
2024-11-19,459,154,748,208,1349,307,21000,322,119,300,,,
2024-11-20,454,156,723,202,1337,305,21099,313,116,298,,,
2024-11-21,452,154,743,197,1290,300,21454,312,118,296,,,
2024-11-22,454,155,745,195,1297,303,21682,316,117,297,,,
2024-11-25,458,162,745,203,1302,308,21760,323,123,303,,,
2024-11-26,458,159,748,203,1295,309,22007,322,121,302,,,
2024-11-27,458,157,757,205,1289,310,22304,321,122,302,,,
2024-11-28,459,157,755,218,1286,313,22385,330,124,303,,,
2024-11-29,462,161,752,224,1292,315,22709,332,126,304,,,
2024-12-02,462,161,752,224,1292,315,22709,332,126,304,,,
2024-12-03,458,155,750,223,1200,312,23196,326,120,300,,,
2024-12-04,461,158,757,224,1179,315,23101,331,124,304,,,
2024-12-05,458,156,778,221,1189,311,22544,329,124,302,,,
2024-12-06,455,153,768,220,1193,307,22330,326,121,300,,,
2024-12-09,451,150,731,222,1196,308,21187,323,120,295,,,
2024-12-10,450,150,736,218,1180,309,21088,323,118,295,,,
2024-12-11,447,147,724,216,1216,306,21230,316,115,291,,,
2024-12-12,445,147,712,213,1205,302,21643,305,114,289,,,
2024-12-13,449,150,705,215,1216,306,22027,309,114,290,,,
2024-12-16,453,157,670,231,1214,314,21761,316,118,293,,,
2024-12-17,456,154,673,238,1203,316,21826,319,120,297,,,
2024-12-18,452,153,653,251,1187,312,22058,314,114,289,,,
2024-12-19,463,161,659,252,1211,320,22351,329,118,299,,,
2024-12-20,460,157,668,239,1197,318,22450,325,118,301,,,
2024-12-23,457,153,650,239,1192,315,22902,322,116,298,,,
2024-12-24,458,154,647,243,1200,315,22979,325,115,300,,,
2024-12-25,458,154,647,243,1200,315,22979,325,115,300,,,
2024-12-26,460,157,630,247,1193,317,23304,327,117,300,,,
2024-12-27,457,152,626,242,1208,315,23375,323,112,297,,,
2024-12-30,465,160,637,249,1218,324,23515,331,120,306,,,
2024-12-31,461,157,635,246,1200,319,23773,330,117,297,,,
2025-01-01,461,157,635,246,1200,319,23773,330,117,297,,,
2025-01-02,461,159,606,248,1186,321,23630,332,120,298,,,
2025-01-03,452,155,584,231,1160,316,22976,325,118,292,,,
2025-01-06,446,156,568,232,1139,307,22185,323,118,292,,,
2025-01-07,435,154,561,229,1089,302,22303,321,119,286,,,
2025-01-08,454,161,569,237,1074,311,22697,329,124,295,,,
2025-01-09,451,157,559,230,1046,309,23105,328,122,291,,,
2025-01-10,454,158,579,228,1045,314,23272,327,122,292,,,
2025-01-13,458,157,583,234,1061,320,23459,327,122,296,,,
2025-01-14,457,157,580,230,1054,320,23547,324,123,296,,,
2025-01-15,452,157,603,228,1048,314,23359,317,123,296,,,
2025-01-16,455,158,619,223,1067,315,24839,314,125,296,,,
2025-01-17,457,155,641,222,1069,317,24970,315,121,295,,,
2025-01-20,457,155,641,222,1069,317,24970,315,121,295,,,
2025-01-21,452,154,636,223,1032,311,24315,319,123,294,,,
2025-01-22,451,153,642,217,1024,315,24227,313,120,290,,,
2025-01-23,451,155,644,214,1033,317,23667,315,117,290,,,
2025-01-24,450,154,633,219,1027,312,23865,313,121,289.92,,,
2025-01-27,456,158,644,224,1033,321,24140,321,125,296,,,
2025-01-28,455,158,625,224,1020,324,23865,323,123,294.75,,,
2025-01-29,453,159,615,229,978,322,23778,326,122,292.77,,,
2025-01-30,450,158,617,224,923,324,23784,320,121,291.48,,,
2025-01-31,443,159,625,224,941,317,20505,327,124,288.52,,,
2025-02-03,442,161,636,220,947,317,19179,326,126,289.86,,,
2025-02-04,441,161,640,217,926,317,19203,330,126,290.48,,,
2025-02-05,439,161,659,217,912,315,18292,331,128,289.52,,,
2025-02-06,438,157,651,221,901,314,18183,332,128,288.32,,,
2025-02-07,438,159,660,219,903,315,17436,328,126,287.08,,,
2025-02-10,442,158,680,220,1162,311,17558,326,124,287.09,,,
2025-02-11,448,158,707,223,1163,316,17858,326,124,289.56,,,
2025-02-12,443,157,674,219,1139,309,18487,321,123,286.41,,,
2025-02-13,441,158,673,214,1244,305,18134,322,125,287.57,,,
2025-02-14,438,154,674,213,1319,301,17980,316,123,285.52,,,
2025-02-17,438,154,674,213,1319,301,17980,316,123,285.52,,,
2025-02-18,439,151,695,211,1351,303,17813,314,120,282.66,,,
2025-02-19,444,155,719,212,1361,305,18273,316,121,287.23,,,
2025-02-20,444,156,712,218,1364,307,18169,319,123,288.56,,,
2025-02-21,447,159,719,219,1369,311,17650,326,126,291.77,,,
2025-02-24,451,160,731,223,1384,315,17686,328,127,293.58,,,
2025-02-25,452,162,747,226,1385,318,17308,332,129,297.75,,,
2025-02-26,454,160,750,225,1366,315,19754,330,128,298.81,,,
2025-02-27,455,160,776,228,1370,318,18787,332,128,297.3,,,
2025-02-28,456,164,784,235,1378,321,17285,336,131,299.56,,,
2025-03-03,457,167,746,240,1366,323,17940,338,134,302.03,,,
2025-03-04,454,160,737,234,1381,322,18705,334,127,297.95,,,
2025-03-05,448,155,717,226,1416,318,18922,325,122,293.92,,,
2025-03-06,456,161,715,229,1487,324,19435,333,126,301.32,,,
2025-03-07,452,158,694,225,1503,322,19505,330,126,297.29,,,
2025-03-10,459,162,722,228,1561,328,19609,335,128,303.66,,,
2025-03-11,459,162,720,228,1557,327,19896,335,126,301.44,,,
2025-03-12,456,161,718,226,1503,324,19716,330,125,299.37,,,
2025-03-13,464,171,747,233,1497,332,18921,336,133,306.78,,,
2025-03-14,458,167,738,228,1475,327,18584,331,129,301.39,,,
2025-03-17,456,169,749,228,1460,324,18352,334,129,300.96,,,
2025-03-18,458,168,790,228,1437,319,18601,338,129,302.73,,,
2025-03-19,452,164,764,225,1461,310,18736,333,129,303.62,,,
2025-03-20,453,162,763,222,1511,318,18008,336,129,300.41,,,
2025-03-21,436,162,767,224,1547,321,15333,339,128,296.58,,,
2025-03-24,452,158,772,220,1511,313,17765,336,125,299.13,,,
2025-03-25,450,160,757,223,1492,311,16665,336,125,299.31,,,
2025-03-26,452,159,769,220,1526,312,16611,337,124,300.01,,,
2025-03-27,456,162,763,223,1561,317,16684,341,125,303.89,,,
2025-03-28,466,168,801,228,1626,324,16907,353,132,312.82,,,
2025-03-31,470,170,819,231,1630,326,16000,356,132,318.19,,,
2025-04-01,466,168,822,232,1607,323,16068,351,131,316.29,,,
2025-04-02,465,168,817,230,1567,324,16189,347,131,315.05,,,
2025-04-03,486,178,858,241,1613,342,16725,365,140,331.68,,,
2025-04-04,504,185,918,253,1702,355,17300,385,145,346.27,,,
2025-04-07,516,186,975,244,1790,362,18086,392,139,353.13,,,
2025-04-08,522,187,993,243,1840,365,18152,394,136,348.48,,,
2025-04-09,501,180,873,233,1736,353,18270,369,138,353.55,,,
2025-04-10,506,177,906,227,1908,356,18226,384,134,341.49,,,
2025-04-11,508,183,875,227,1844,361,18364,389,138,349.36,,,
2025-04-14,488,179,726,232,1282,358,18307,386,137,338.78,,,
2025-04-15,487,180,732,234,1197,358,18190,391,140,337.06,,,
2025-04-16,497,184,744,240,1228,368,18096,404,145,341.43,,,
2025-04-17,488,179,726,242,1172,356,17753,397,141,333.13,,,
2025-04-18,488,179,726,242,1172,356,17753,397,141,333.13,,,
2025-04-21,495,180,744,241,1209,361,17860,403,138,332.44,,,
2025-04-22,486,176,705,235,1189,356,18025,397,136,330.17,,,
2025-04-23,475,169,693,229,1154,346,18044,388,132,320.76,,,
2025-04-24,474,172,685,228,1129,345,18397,388,135,324.96,,,
2025-04-25,471,171,686,222,1110,344,18627,383,134,323.71,,,
2025-04-28,476,173,699,224,1129,348,19124,393,136,327.19,,,
2025-04-29,477,176,707,223,1144,348,19703,386,135,329.82,,,
2025-04-30,481,176,722,230,1189,351,19853,388,133,335.16,,,
2025-05-01,478,172,717,230,1213,350,19886,390,131,330.79,,,
2025-05-02,473,167,703,224,1204,345,19903,385,126,324.65,,,
2025-05-05,475,169,708,229,1227,347,19526,384,126,324.66,,,
2025-05-06,472,167,697,227,1196,346,19462,382,127,326.73,,,
2025-05-07,466,169,688,231,1137,343,16998,383,127,321.66,,,
2025-05-08,458,162,678,223,1125,333,17116,374,121,313.4,,,
2025-05-09,457,163,681,221,1128,328,17141,374,124,314.19,,,
2025-05-12,440,155,650,215,1053,314,16760,347,117,300.06,,,
2025-05-13,439,154,651,214,1015,311,17108,342,117,298.29,,,
2025-05-14,438,154,648,212,1012,310,16891,345,118,295.14,,,
2025-05-15,443,155,676,219,1031,307,16215,353,122,303.35,,,
2025-05-16,440,156,695,216,1020,302,16181,349,120,299.29,,,
2025-05-19,439,153,675,218,1011,301,16309,350,122,301.98,,,
2025-05-20,435,153,663,215,995,299,15936,346,119,296.81,,,
2025-05-21,435,150,661,208,1009,298,16099,342,114,292.46,,,
2025-05-22,440,154,665,212,1014,301,16650,345,120,300.93,,,
2025-05-23,443,154,666,215,1028,307,16726,345,121,301.94,,,
2025-05-26,443,154,666,215,1028,307,16726,345,121,301.94,,,
2025-05-27,441,152,667,214,1031,307,16968,341,120,301.13,,,
2025-05-28,443,154,655,214,1069,309,17363,339,120,300.64,,,
2025-05-29,444,153,663,217,1085,308,17831,341,120,302.95,,,
2025-05-30,449,158,678,220,1098,315,17086,344,122,306.32,,,
2025-06-02,447,157,673,219,1082,309,17212,342,120,304.02,,,
2025-06-03,438,154,668,215,968,302,16823,334,117,298.59,,,
2025-06-04,442,160,688,219,961,303,16799,339,122,302.11,,,
2025-06-05,442,157,706,218,960,302,17138,344,119,299.23,,,
2025-06-06,436,151,691,209,942,296,17212,346,113,291.12,,,
2025-06-09,438,154,686,212,938,297,17359,351,115,294.13,,,
2025-06-10,432,153,655,207,898,293,17259,351,115,290.46,,,
2025-06-11,430,151,668,211,887,287,17259,352,115,290.96,,,
2025-06-12,431,154,678,217,859,290,17436,348,117,294.55,,,
2025-06-13,430,151,688,216,857,289,17517,347,113,294.25,,,
2025-06-16,426,146,687,211,855,284,17664,342,109,289.48,,,
2025-06-17,434,149,714,216,871,292,17910,347,115,296.32,,,
2025-06-18,435,153,726,215,875,291,18062,347,114,295.73,,,
2025-06-19,435,153,726,215,875,291,18062,347,114,295.73,,,
2025-06-20,436,154,726,217,880,291,18137,349,115,298.9,,,
2025-06-23,437,155,719,216,891,293,18212,351,116,299.25,,,
2025-06-24,433,156,681,216,868,292,18216,349,117,296.32,,,
2025-06-25,434,158,687,216,855,293,18198,350,119,296.73,,,
2025-06-26,435,160,685,221,835,293,18069,351,121,298.2,,,
2025-06-27,431,155,677,217,826,287,18113,352,118,294.21,,,
2025-06-30,429,154,701,214,814,287,18156,349,118,295.41,,,
2025-07-01,422,149,699,206,800,280,18122,344,116,289.41,,,
2025-07-02,421,149,700,204,803,279,18146,341,113,288.13,,,
2025-07-03,411,143,679,198,797,271,18204,321,108,279.48,,,
2025-07-04,411,143,679,198,797,271,18204,321,108,279.48,,,
2025-07-07,406,141,698,199,804,273,18360,322,107,276.36,,,
2025-07-08,420,145,704,202,805,277,18513,330,111,283.05,,,
2025-07-09,416,142,692,204,799,272,18658,325,113,284.02,,,
2025-07-10,417,142,700,200,808,274,18928,324,110,282.61,,,
2025-07-11,417,135,717,200,820,272,19108,323,108,280.23,,,
2025-07-14,422,138,747,201,840,273,19285,323,109,282.95,,,
2025-07-15,418,134,736,197,835,269,19423,318,105,278.93,,,
2025-07-16,426,140,748,201,852,281,19474,321,109,285.22,,,
2025-07-17,427,139,770,197,843,285,19505,322,109,284.25,,,
2025-07-18,423,139,759,199,822,282,18916,317,107,283.55,,,
2025-07-21,420,137,763,202,807,276,18940,316,109,281.47,,,
2025-07-22,422,142,775,205,816,277,18866,316,111,283.74,,,
2025-07-23,418,140,773,200,810,273,18944,308,107,279.58,,,
2025-07-24,413,138,753,197,796,272,18245,305,105,276.77,,,
2025-07-25,413,142,734,202,792,273,18103,307,109,277.05,,,
2025-07-28,409,139,719,201,786,267,18472,304,105,271.93,,,
2025-07-29,410,142,727,206,790,265,18424,309,109,277.04,,,
2025-07-30,409,142,716,204,789,263,18798,309,108,273.45,,,
2025-07-31,402,140,730,204,787,256,19002,306,107,271.58,,,
2025-08-01,417,147,771,213,827,269,18674,327,115,286.17,,,
2025-08-04,411,143,761,210,821,261,18847,316,113,282.16,,,
2025-08-05,409,144,743,208,821,263,18705,316,114,279.75,,,
2025-08-06,408,137,735,204,813,267,18719,314,113,278.6,,,
2025-08-07,403,138,728,199,814,263,18724,310,111,274.89,,,
2025-08-08,401,134,733,194,814,260,18806,308,109,271.15,,,
2025-08-11,397,133,724,191,814,257,18713,301,108,269.49,,,
2025-08-12,391,132,722,188,797,251,18805,292,105,266.73,,,
2025-08-13,388,131,711,186,781,248,19001,290,104,265.57,,,
2025-08-14,386,128,712,187,787,244,19278,288,102,261.67,,,
2025-08-15,385,126,709,187,780,244,17032,286,99,259.55,,,
2025-08-18,383,125,706,187,777,242,17027,286,99,258.55,,,
2025-08-19,383,126,700,188,773,243,17013,287,100,259.75,,,
2025-08-20,390,128,747,196,772,249,17086,290,102,264.35,,,
2025-08-21,392,130,753,198,767,252,16844,291,103,264.51,,,
2025-08-22,391,131,767,197,765,249,16561,289,105,266.62,,,
2025-08-25,394,129,829,196,759,248,16698,290,103,265.59,,,
2025-08-26,400,131,850,199,763,254,16541,294,104,269.77,,,
2025-08-27,402,136,853,199,767,255,16226,300,107,272.31,,,
2025-08-28,396,135,837,197,764,251,16303,280,107,270.48,,,
2025-08-29,392,131,829,193,756,245,16402,282,104,269.38,,,
2025-10-01,386,121,1264,187,766,216,15968,264,98,262,,,
2025-10-02,382,122,1165,188,770,216,16013,264,100,259.94,,,
2025-10-03,374,119,1080,187,772,210,15985,258,97,254.71,,,
2025-10-06,370,117,1016,184,785,209,16044,255,95,252.77,,,
2025-10-07,375,120,1074,187,803,213,16095,257,97,257.02,,,
2025-10-08,374,119,1071,189,822,213,16027,255,97,256.39,,,
2025-10-09,368,121,902,196,783,216,15948,260,98,253.85,,,
2025-10-10,383,131,932,218,864,230,16021,271,106,265.17,,,
2025-10-13,383,131,932,218,864,230,16021,271,106,265.17,,,
2025-10-14,387,131,1026,207,826,229,16067,277,106,268.64,,,
2025-10-15,379,126,1004,196,817,224,15484,273,102,261.84,,,
2025-10-16,381,129,1029,197,803,228,15039,272,104,264.22,,,
2025-10-17,382,126,1089,197,802,227,14878,268,103,263.02,,,
2025-10-20,376,124,1048,195,804,226,14300,269,102,260.8,,,
2025-10-21,374,120,1075,195,812,221,14528,266,100,258.31,,,
2025-10-22,379,123,1123,201,806,225,14773,268,101,260.15,,,
2025-10-23,371,124,1081,199,759,222,14519,254,100,255.13,,,
2025-10-24,371,122,1081,197,763,220,14387,257,98,254.33,,,
2025-10-27,347,123,708,196,738,218,13811,257,98,245.2,,,
2025-10-28,346,124,685,195,744,219,13750,258,98,244.75,,,
2025-10-29,338,118,666,190,733,213,13788,251,91,235.85,,,
2025-10-30,342,122,670,191,730,216,14332,255,94,239.92,,,
2025-10-31,335,120,662,187,733,212,12620,251,92,235.94,,,
2025-11-03,339,124,670,189,732,215,12957,253,95,237.76,,,
2025-11-04,345,127,664,190,748,221,13119,257,98,242.61,,,
2025-11-05,339,125,624,189,729,218,13049,249,95,237.64,,,
2025-11-06,346,129,641,195,693,224,13570,252,100,243.53,,,
2025-11-07,346,129,636,197,688,225,13446,251,101,244.34,,,
2025-11-10,339,125,599,191,670,221,13564,243,99,240.41,,,
2025-11-11,339,125,599,191,670,221,13564,243,99,240.41,,,
2025-11-12,341,126,605,196,650,223,13677,238,100,241.9,,,
2025-11-13,339,124,615,194,644,221,13365,240,98,238.42,,,
2025-11-14,338,119,613,194,652,220,13266,244,97,238.7,,,
2025-11-17,339,124,618,195,690,222,13175,236,95,239.38,,,
2025-11-18,342,125,614,199,708,226,13257,240,95,241.86,,,
2025-11-19,338,120,601,197,688,226,12408,241,95,239.51,,,
2025-11-20,343,126,628,200,694,228,12493,253,97,243.12,,,
2025-11-21,347,127,654,203,677,231,12499,260,98,246.94,,,
2025-11-24,345,129,634,203,631,233,12275,269,100,247.01,,,
2025-11-25,349,130,654,203,595,234,12556,283,102,249.67,,,
2025-11-26,348,130,651,202,571,235,12584,283,102,248.42,,,
2025-11-27,348,130,651,202,571,235,12584,283,102,248.42,,,
2025-11-28,343,128,645,201,554,230,11500,277,100,244.4,,,
2025-12-01,339,124,647,197,521,227,11222,276,95,240.46,,,
2025-12-02,337,123,645,196,548,224,11147,270,94,239.7,,,
2025-12-03,333,123,637,194,547,220,11117,269,94,238.08,,,
2025-12-04,333,121,634,192,557,221,11343,270,92,235.6,,,
2025-12-05,333,121,627,197,551,222,11490,268,90,233.54,,,
2025-12-08,336,122,631,199,559,224,11664,274,90,235.87,,,
2025-12-09,340,124,631,202,575,228,11737,287,91,237.27,,,
2025-12-10,339,124,624,199,561,230,11643,286,92,239.03,,,
2025-12-11,336,124,632,200,548,225,11534,279,91,235.85,,,
2025-12-12,331,121,625,196,532,220,11310,276,87,232.06,,,
2025-12-15,326,120,589,193,523,217,11315,275,86,230.19,,,
2025-12-16,328,124,559,198,527,221,11619,280,90,233.06,,,
2025-12-17,331,121,566,203,529,223,11845,283,91,234.23,,,
2025-12-18,333,127,569,202,522,225,12273,283,92,236.28,,,
2025-12-19,331,129,571,199,508,221,12469,276,90,233.21,,,
2025-12-22,329,128,567,198,499,221,12473,263,89,231.82,,,
2025-12-23,330,132,576,197,496,222,12414,263,91,231.97,,,
2025-12-24,332,134,574,200,498,223,12589,267,92,234.51,,,
2025-12-25,332,134,574,200,498,223,12589,267,92,234.51,,,
2025-12-26,332,132,574,198,502,224,12645,266,91,234.12,,,
2025-12-29,332,136,570,199,504,225,12544,265,93,235.08,,,
2025-12-30,333,137,569,200,501,224,12592,277,93,234.83,,,
2025-12-31,330,135,561,196,492,222,12741,275,89,231.44,,,
2026-01-01,330,135,561,196,492,222,12741,275,89,231.44,,,
2026-01-02,328,133,557,195,482,219,12674,280,89,229.87,,,
2026-01-05,316,135,564,197,460,222,8898,282,93,227.76,,,
2026-01-06,315,136,566,198,462,222,8770,276,92,227.92,,,
2026-01-07,315,138,574,201,486,225,9526,279,94,228.5,,,
2026-01-08,320,136,575,198,499,224,9114,278,94,230.82,,,
2026-01-09,318,138,564,198,481,226,8973,278,93,230.16,,,
2026-01-12,321,135,577,195,481,227,9539,273,93,230.63,,,
2026-01-13,325,135,578,198,483,230,9874,274,94,231.71,,,
2026-01-14,326,138,581,199,495,231,9785,271,96,234.72,,,
2026-01-15,320,135,570,192,485,225,9908,261,93,229.34,,,
2026-01-16,315,130,564,191,462,222,9701,258,90,226.36,,,
2026-01-19,315,130,564,191,462,222,9701,258,90,226.36,,,
2026-01-20,317,129,570,189,466,223,9880,259,87,228.45,,,
2026-01-21,312,127,561,190,458,214,9771,260,91,226.98,,,
2026-01-22,310,127,545,187,453,219,9626,257,87,224.25,,,
2026-01-23,309,128,525,186,446,219,9558,258,89,224,,,
2026-01-26,307,127,510,190,436,216,9430,263,90,223,,,
2026-01-27,306,126,491,188,413,218,9527,266,90,222,,,
2026-01-28,307,127,481,188,414,220,9742,267,89,222,,,
2026-01-29,307,130,489,188,425,219,9780,263,87,224,,,
2026-01-30,303,129,492,186,439,214,9006,262,88,223,,,
2026-02-02,301,127,493,185,435,211,9052,262,86,220,,,
2026-02-03,302,130,503,187,444,214,8735,262,88,221,,,
2026-02-04,299,128,499,186,441,213,8600,251,86,219,,,
2026-02-05,305,130,517,192,457,216,8665,264,92,226,,,
2026-02-06,303,132,512,187,454,216,8669,259,90,223,,,
2026-02-09,300,132,501,189,453,214,8671,254,89,222,,,
2026-02-10,301,134,506,196,454,214,8227,256,92,223,,,
2026-02-11,299,132,502,193,454,215,8036,256,89,219.83,,,
2026-02-12,299,138,508,199,462,211,7828,259,94,222.77,,,
2026-02-13,302,138,518,197,468,218,7762,260,95,225,,,
2026-02-16,302,138,518,197,468,218,7762,260,95,225,,,
2026-02-17,300,137,510,196,463,217,7774,259,92,222,,,
2026-02-18,298,136,511,197,459,214,7753,259,91,220,,,
2026-02-19,301,138,522,196,467,215,7951,262,91,223.12,,,
2026-02-20,299,136,518,195,465,212,7974,262,90,222.02,,,
2026-02-23,303,139,534,196,471,215,8078,265,91,225.2,,,
2026-02-24,302,138,542,194,473,216,8070,261,90,225.66,,,
2026-02-25,301,135,539,191,466,215,8116,265,89,224.08,,,
2026-02-26,308,140,554,194,472,221,8346,280,93,229.26,,,
2026-02-27,314,143,576,199,484,226,8027,294,95,236.06,,,
2026-03-02,312,142,566,197,478,225,7993,293,93,235.53,,,
2026-03-03,316,145,575,200,484,228,8052,296,96,242.38,,,
2026-03-04,305,138,535,193,464,218,7968,287,91,233.13,,,
2026-03-05,306,138,543,194,464,220,8004,292,89,232.59,,,
2026-03-06,312,140,573,198,475,223,7944,303,92,238.91,,,
2026-03-09,316,143,574,201,481,228,7854,296,96,247.15,,,
2026-03-10,303,136,554,193,459,215,7776,278,89,233.09,,,
2026-03-11,299,131,550,189,454,214,7608,275,85,230.19,,,
2026-03-12,303,135,561,188,463,220,7538,278,87,233.49,,,
2026-03-13,309,138,578,197,478,224,7536,277,89,239.18,,,
2026-03-16,314,141,600,198,485,228,7544,274,93,245.55,,,
2026-03-17,311,138,590,200,485,227,7364,274,94,244.08,,,
2026-03-18,309,138,603,198,484,226,7160,271,94,240.27,,,
2026-03-19,313,142,610,200,485,229,7053,276,99,249.66,,,
2026-03-20,315,141,626,200,481,232,7016,273,97,248.7,,,
2026-03-23,311,140,598,194,478,228,7113,268,99,250,,,
2026-03-24,314,140,608,195,481,230,7214,272,98,248.65,,,
2026-03-25,312,139,591,194,476,229,7124,270,100,245.08,,,
2026-03-26,311,133,582,195,473,230,7262,272,98,243.18,,,
2026-03-27,321,140,613,199,485,236,7049,277,101,253.08,,,
2026-03-30,330,145,634,202,500,243,7394,283,106,261.59,,,
2026-03-31,322,139,616,197,506,233,6371,282,102,261.03,,,
2026-04-01,316,137,613,193,487,227,6408,277,99,251.26,,,
2026-04-02,317,138,614,196,486,228,6360,280,101,255.38,,,
2026-04-03,315,137,616,196,487,226,6391,278,99,252.74,,,
2026-04-06,315,138,611,196,476,225,6399,278,100,252.97,,,
2026-04-07,318,139,612,199,487,227,6434,283,104,257.25,,,
2026-04-08,304,129,573,194,447,216,6416,263,95,238.23,,,
2026-04-09,299,129,557,190,443,214,6193,258,95,237.31,,,
2026-04-10,295,125,551,188,436,213,6072,253,92,230.7,,,
2026-04-13,291,125,526,188,429,213,5841,250,93,231.41,,,
2026-04-14,285,123,523,186,416,207,5798,239,91,225.86,,,
2026-04-15,282,125,525,186,416,208,5539,226,88,222.33,,,
2026-04-16,279,126,517,185,416,207,5451,223,86,221.48,,,
2026-04-17,278,127,519,186,409,208,5276,221,89,220.68,,,
2026-04-20,279,127,526,185,408,206,5496,219,87,221.53,,,
2026-04-21,277,126,531,182,405,207,5416,223,85,219.24,,,
2026-04-22,276,124,532,180,404,205,5422,225,84,218.68,,,
2026-04-23,279,125,547,180,409,208,5519,221,85,220.54,,,
2026-04-24,281,127,558,180,415,211,5608,235,87,224.3,,,
2026-04-27,283,126,581,178,417,208,5624,231,85,224.09,,,
2026-04-28,285,130,585,179,425,208,5699,237,87,227.15,,,
2026-04-29,280,122,573,174,414,205,5727,233,83,221.85,,,
2026-04-30,278,120,556,174,411,204,5557,232,83,225.08,,,
2026-05-01,274,117,538,172,407,200,5494,230,84,221.4,,,
2026-05-04,276,117,556,170,409,201,5510,234,83,219.98,,,
2026-05-05,270,118,554,170,418,197,4981,226,82,218.63,,,
2026-05-06,269,118,515,171,404,197,5225,233,84,216.45,,,
2026-05-07,271,119,519,172,404,198,5312,243,83,214.44,,,
2026-05-08,270,120,512,172,402,197,5255,241,84,216.19,,,
2026-05-11,267,117,497,168,402,195,5295,240,83,213.53,,,
2026-05-12,269,114,508,170,405,197,5327,239,82,214.57,,,
2026-05-13,270,115,519,176,405,200,5105,243,84,215.64,,,
2026-05-14,270,110,526,174,400,199,5138,250,83,214.35,,,
2026-05-15,272,111,538,175,400,199,5290,248,80,216.01,,,
2026-05-18,277,115,542,181,405,204,5411,248,83,220.71,,,
2026-05-19,280,111,543,181,409,209,5478,248,83,221.57,,,
2026-05-20,280,118,526,179,415,209,5504,252,87,223.77,,,
2026-05-21,282,118,515,180,422,211,5610,250,88,224.74,,,
2026-05-22,279,116,512,178,419,210,5634,241,86,220.81,,,
2026-05-25,279,116,512,178,419,210,5634,241,86,220.81,,,
2026-05-26,280,116,509,179,417,211,5802,235,87,221.83,,,
2026-05-27,279,115,502,179,419,211,5759,234,88,218.48,,,
2026-05-28,276,112,498,176,419,208,5821,236,87,217.99,,,
2026-05-29,267,113,494,175,415,205,5124,240,86,214.56,,,
2026-06-01,274,113,492,176,407,205,5744,210,88,218.75,,,
