Date,Country,Indice de Confianza del Consumidor (ICC) - Nacional,Indice de Confianza del Consumidor (ICC) - Capital,Indice de Confianza del Consumidor (ICC) - Interior,Indice de Confianza del Consumidor (ICC) - Gran Buenos Aires,Indice de Confianza del Consumidor (ICC) - Situación Personal,Indice de Confianza del Consumidor (ICC) - Situación Macroeconómica,Indice de Confianza del Consumidor (ICC) - Bienes Durables e Inmuebles,Indice de Confianza del Consumidor (ICC) - Expectativas a corto plazo,Indice de Confianza del Consumidor (ICC) - Expectativas a mediano plazo,Indice de Confianza en el Gobierno (ICG) - Nivel General,Indice de Confianza del Consumidor (ICC) - Bienes Durables e Inmuebles - current_prices_3m_yoy,Indice de Confianza del Consumidor (ICC) - Capital - current_prices_3m_yoy,Indice de Confianza del Consumidor (ICC) - Expectativas a corto plazo - current_prices_3m_yoy,Indice de Confianza del Consumidor (ICC) - Expectativas a mediano plazo - current_prices_3m_yoy,Indice de Confianza del Consumidor (ICC) - Gran Buenos Aires - current_prices_3m_yoy,Indice de Confianza del Consumidor (ICC) - Interior - current_prices_3m_yoy,Indice de Confianza del Consumidor (ICC) - Nacional - current_prices_3m_yoy,Indice de Confianza del Consumidor (ICC) - Situación Macroeconómica - current_prices_3m_yoy,Indice de Confianza del Consumidor (ICC) - Situación Personal - current_prices_3m_yoy,Indice de Confianza en el Gobierno (ICG) - Nivel General - current_prices_3m_yoy,Indice de Confianza del Consumidor (ICC) - Bienes Durables e Inmuebles - current_prices_yoy,Indice de Confianza del Consumidor (ICC) - Capital - current_prices_yoy,Indice de Confianza del Consumidor (ICC) - Expectativas a corto plazo - current_prices_yoy,Indice de Confianza del Consumidor (ICC) - Expectativas a mediano plazo - current_prices_yoy,Indice de Confianza del Consumidor (ICC) - Gran Buenos Aires - current_prices_yoy,Indice de Confianza del Consumidor (ICC) - Interior - current_prices_yoy,Indice de Confianza del Consumidor (ICC) - Nacional - current_prices_yoy,Indice de Confianza del Consumidor (ICC) - Situación Macroeconómica - current_prices_yoy,Indice de Confianza del Consumidor (ICC) - Situación Personal - current_prices_yoy,Indice de Confianza en el Gobierno (ICG) - Nivel General - current_prices_yoy,Indice de Confianza del Consumidor (ICC) - Bienes Durables e Inmuebles - current_prices_mom,Indice de Confianza del Consumidor (ICC) - Capital - current_prices_mom,Indice de Confianza del Consumidor (ICC) - Expectativas a corto plazo - current_prices_mom,Indice de Confianza del Consumidor (ICC) - Expectativas a mediano plazo - current_prices_mom,Indice de Confianza del Consumidor (ICC) - Gran Buenos Aires - current_prices_mom,Indice de Confianza del Consumidor (ICC) - Interior - current_prices_mom,Indice de Confianza del Consumidor (ICC) - Nacional - current_prices_mom,Indice de Confianza del Consumidor (ICC) - Situación Macroeconómica - current_prices_mom,Indice de Confianza del Consumidor (ICC) - Situación Personal - current_prices_mom,Indice de Confianza en el Gobierno (ICG) - Nivel General - current_prices_mom
1998-07-01,Argentina,,41.39,,,,,,,,,,,,,,,,,,,,,,,,,,,,,,,,,,,,,,
1998-08-01,Argentina,,42.9,,,,,,,,,,,,,,,,,,,,,,,,,,,,,,3.648224208746065,,,,,,,,
1998-09-01,Argentina,,37.89,,,,,,,,,,,,,,,,,,,,,,,,,,,,,,-11.67832167832168,,,,,,,,
1998-10-01,Argentina,,39.31,,,,,,,,,,,,,,,,,,,,,,,,,,,,,,3.7476906835576695,,,,,,,,
1998-11-01,Argentina,,41.0,,,,,,,,,,,,,,,,,,,,,,,,,,,,,,4.299160518951917,,,,,,,,
1998-12-01,Argentina,,43.44,,,,,,,,,,,,,,,,,,,,,,,,,,,,,,5.951219512195127,,,,,,,,
1999-01-01,Argentina,,37.68,,,,,,,,,,,,,,,,,,,,,,,,,,,,,,-13.259668508287293,,,,,,,,
1999-02-01,Argentina,,43.08,,,,,,,,,,,,,,,,,,,,,,,,,,,,,,14.33121019108279,,,,,,,,
1999-03-01,Argentina,,40.89,,,,,,,,,,,,,,,,,,,,,,,,,,,,,,-5.083565459610018,,,,,,,,
1999-04-01,Argentina,,37.76,,,,,,,,,,,,,,,,,,,,,,,,,,,,,,-7.654683296649556,,,,,,,,
1999-05-01,Argentina,,43.27,,,,,,,,,,,,,,,,,,,,,,,,,,,,,,14.592161016949156,,,,,,,,
1999-06-01,Argentina,,41.17,,,,,,,,,,,,,,,,,,,,,,,,,,,,,,-4.853247053385723,,,,,,,,
1999-07-01,Argentina,,42.92,,,,,,,,,,,,,,,,,,,,3.696545059193035,,,,,,,,,,4.250667962108334,,,,,,,,
1999-08-01,Argentina,,41.39,,,,,,,,,,,,,,,,,,,,-3.5198135198135194,,,,,,,,,,-3.564771668219946,,,,,,,,
1999-09-01,Argentina,,45.24,,,,,,,,,,6.032083810771005,,,,,,,,,,19.398258115597788,,,,,,,,,,9.30176371104132,,,,,,,,
1999-10-01,Argentina,,44.21,,,,,,,,,,8.94254787676938,,,,,,,,,,12.465021622996698,,,,,,,,,,-2.276746242263483,,,,,,,,
1999-11-01,Argentina,,51.79,,,,,,,,,,19.492385786802057,,,,,,,,,,26.31707317073171,,,,,,,,,,17.145442207645335,,,,,,,,
1999-12-01,Argentina,,52.39,,,,,,,,,,19.9111111111111,,,,,,,,,,20.60313075506446,,,,,,,,,,1.158524811739725,,,,,,,,
2000-01-01,Argentina,,49.08,,,,,,,,,,25.49950867998689,,,,,,,,,,30.2547770700637,,,,,,,,,,-6.317999618247761,,,,,,,,
2000-02-01,Argentina,,49.61,,,,,,,,,,21.642512077294707,,,,,,,,,,15.157845868152275,,,,,,,,,,1.079869600652006,,,,,,,,
2000-03-01,Argentina,,45.47,,,,,,,,,,18.503904644471845,,,,,,,,,,11.200782587429693,,,,,,,,,,-8.34509171537996,,,,,,,,
2000-04-01,Argentina,,45.76,,,,,,,,,,15.698677400805083,,,,,,,,,,21.18644067796611,,,,,,,,,,0.6377831537277334,,,,,,,,
2000-05-01,Argentina,,44.39,,,,,,,,,,11.236876640419949,,,,,,,,,,2.5883984284723827,,,,,,,,,,-2.9938811188811143,,,,,,,,
2000-06-01,Argentina,,45.35,,,,,,,,,,10.883797054009817,,,,,,,,,,10.153024046635895,,,,,,,,,,2.162649245325521,,,,,,,,
2000-07-01,Argentina,,40.97,,,,,,,,,,2.6303391959799027,,,,,,,,,,-4.543336439888169,,,,,,,,,,-9.658213891951494,,,,,,,,
2000-08-01,Argentina,,42.0,,,,,,,,,,2.2633088938476265,,,,,,,,,,1.4737859386325214,,,,,,,,,,2.5140346595069696,,,,,,,,
2000-09-01,Argentina,,40.64,,,,,,,,,,-4.585102277113073,,,,,,,,,,-10.167992926613625,,,,,,,,,,-3.23809523809524,,,,,,,,
2000-10-01,Argentina,,39.09,,,,,,,,,,-6.962702537450305,,,,,,,,,,-11.58109025107441,,,,,,,,,,-3.813976377952744,,,,,,,,
2000-11-01,Argentina,,34.56,,,,,,,,,,-19.080996884735203,,,,,,,,,,-33.26897084379223,,,,,,,,,,-11.588641596316196,,,,,,,,
2000-12-01,Argentina,,38.08,,,,,,,,,,-24.705168811914547,,,,,,,,,,-27.31437297194121,,,,,,,,,,10.185185185185164,,,,,,,,
2001-01-01,Argentina,,44.89,,,,,,,,,,-23.313323763539078,,,,,,,,,,-8.537082314588417,,,,,,,,,,17.883403361344552,,,,,,,,
2001-02-01,Argentina,,46.63,,,,,,,,,,-14.217633042096924,,,,,,,,,,-6.006853456964311,,,,,,,,,,3.8761416796613934,,,,,,,,
2001-03-01,Argentina,38.99,41.91,39.25,37.75,42.3,44.59,30.09,37.08,52.11,,,-7.443118756936739,,,,,,,,,,-7.829338025071486,,,,,,,,,,-10.12223890199444,,,,,,,,
2001-04-01,Argentina,40.69,42.94,43.33,37.83,44.68,53.91,23.51,48.88,58.95,,,-6.645839250213015,,,,,,,,,,-6.162587412587417,,,,,,,,,-21.86773014290462,2.4576473395371057,31.82308522114348,13.12607944732298,0.2119205298013238,10.39490445859872,4.360092331367005,20.90154743215966,5.626477541371155,
2001-05-01,Argentina,38.17,38.14,40.54,36.33,40.37,49.92,24.25,43.06,56.78,,,-9.312785724819362,,,,,,,,,,-14.079747690921373,,,,,,,,,3.1475967673330496,-11.1783884489986,-11.906710310965629,-3.681085665818496,-3.96510705789056,-6.438956842834065,-6.193167854509696,-7.401224262659978,-9.646374216651754,
2001-06-01,Argentina,40.57,42.03,37.88,42.17,42.44,55.0,24.26,46.48,63.53,,,-9.143911439114383,,,,,,,,,,-7.320837927232637,,,,,,,,,0.0412371134020705,10.19926586261144,7.942405945192732,11.88798872842549,16.074869254060008,-6.561420818944241,6.287660466334821,10.176282051282048,5.127569977706226,
2001-07-01,Argentina,37.06,41.92,38.33,34.33,38.69,48.02,24.48,35.53,60.51,,,-6.594751740494232,,,,,,,,,,2.3187698315841,,,,,,,,,0.906842539159114,-0.2617178206043236,-23.558519793459546,-4.753659688336221,-18.59141569836378,1.187961985216468,-8.651713088489021,-12.690909090909086,-8.836003770028277,
2001-08-01,Argentina,37.03,39.44,35.46,37.42,36.99,51.7,22.42,41.34,62.06,,,-3.841957605985036,,,,,,,,,,-6.0952380952380985,,,,,,,,,-8.415032679738555,-5.916030534351158,16.352378271882916,2.561560072715263,9.000873871249638,-7.487607618053738,-0.0809498111171147,7.663473552686373,-4.3939002326182415,
2001-09-01,Argentina,32.9,35.22,33.96,31.25,35.0,42.65,21.06,32.94,52.36,,,-5.68724213251357,,,,,,,,,,-13.336614173228345,,,,,,,,,-6.06601248884926,-10.699797160243406,-20.31930333817128,-15.63003544956494,-16.488508818813475,-4.23011844331641,-11.153119092627604,-17.50483558994198,-5.379832387131667,
2001-10-01,Argentina,32.05,32.36,33.66,30.69,35.05,42.89,18.25,31.17,54.6,,,-12.084120594758918,,,,,,,,,,-17.21667945766181,,,,,,,,,-13.342830009496677,-8.120386144236225,-5.373406193078312,4.278074866310155,-1.7919999999999936,-0.8833922261484273,-2.583586626139822,0.5627198124267263,0.1428571428571334,
2001-11-01,Argentina,34.35,34.89,33.5,34.83,33.89,46.86,22.31,35.32,58.4,,,-10.342112170793603,,,,,,,,,,0.954861111111116,,,,,,,,,22.246575342465743,7.818294190358466,13.314084055181263,6.959706959706957,13.48973607038122,-0.4753416518122333,7.176287051482078,9.256236885054792,-3.3095577746076965,
2001-12-01,Argentina,31.19,35.42,32.79,28.42,31.05,45.65,16.86,34.3,57.0,,,-8.108833795757619,,,,,,,,,,-6.9852941176470456,,,,,,,,,-24.428507395786635,1.5190599025508789,-2.887882219705562,-2.397260273972601,-18.40367499282227,-2.119402985074625,-9.19941775836972,-2.582159624413149,-8.380053113012686,
2002-01-01,Argentina,34.19,35.35,30.25,36.88,35.25,59.6,7.74,51.72,67.47,1.36,,-10.099549051306056,,,,,,,,,,-21.25194920917799,,,,,,,,,-54.092526690391466,-0.1976284584980225,50.78717201166181,18.368421052631568,29.76776917663617,-7.746264104910027,9.61846745751842,30.55859802847756,13.526570048309171,
2002-02-01,Argentina,30.82,31.98,31.67,29.75,32.22,51.51,8.74,38.86,64.16,0.986,,-20.71759259259258,,,,,,,,,,-31.417542354707276,,,,,,,,,12.919896640826869,-9.533239038189532,-24.8646558391338,-4.905884096635549,-19.33297180043384,4.694214876033054,-9.856683240713648,-13.573825503355708,-8.59574468085107,-27.500000000000004
2002-03-01,Argentina,32.76,31.94,33.04,32.84,30.64,51.94,15.71,40.26,63.63,0.866,,-25.60143895675634,,,,,,,,,-47.78996344300431,-23.78907182056788,8.576051779935279,22.10708117443869,-13.006622516556288,-15.821656050955411,-15.978456014362663,16.483516483516468,-27.56501182033097,,79.74828375286043,-0.1250781738586615,3.602676273803396,-0.8260598503740502,10.386554621848742,4.325860435743589,6.294613887086298,0.8347893612890678,-4.903786468032278,-12.17038539553752
2002-04-01,Argentina,30.11,33.44,28.54,30.17,30.33,47.84,12.18,36.8,58.89,0.786,,-25.95071493763309,,,,,,,,,-48.19225861335602,-22.12389380530973,-24.71358428805238,-0.1017811704834614,-20.24848004229447,-34.13339487652897,-26.001474563774885,-11.25950658504914,-32.11727842435095,,-22.469764481222157,4.696305572949266,-8.594138102334824,-7.449316360207447,-8.130328867235082,-13.61985472154964,-8.089133089133082,-7.893723527146701,-1.0117493472584949,-9.237875288683597
2002-05-01,Argentina,29.34,31.29,29.96,28.17,28.47,48.38,11.18,33.33,63.44,0.47,-49.81374438021837,-21.40011383039272,-14.439621764067589,10.795996186844636,-18.523813778929497,-25.64977257959714,-21.756470089096315,-0.1751785473655731,-29.768354927365525,,-53.89690721649485,-17.96014682747772,-22.59637714816536,11.729482212046484,-22.460776218001644,-26.097681302417364,-23.13335079905685,-3.084935897435892,-29.477334654446373,,-8.210180623973729,-6.429425837320569,-9.429347826086952,7.726269315673284,-6.629101756711964,4.975473020322352,-2.557289936898044,1.1287625418060276,-6.132542037586541,-40.203562340966926
2002-06-01,Argentina,31.6,29.97,28.15,34.9,28.31,52.89,13.61,39.02,66.76,0.484,-48.66703693418495,-23.07692307692309,-21.145788180898727,5.483655026218903,-19.848706266655192,-28.829568788501025,-23.762873649836724,-6.119750676824253,-31.67307239783512,,-43.899422918384175,-28.69379014989294,-16.0499139414802,5.084212183220527,-17.239743893763347,-25.68637803590285,-22.10993344836085,-3.8363636363636378,-33.294062205466545,,21.735241502683355,-4.218600191754551,17.071707170717087,5.233291298865073,23.89066382676606,-6.041388518024037,7.702794819359249,9.322033898305085,-0.561995082543032,2.9787234042553123
2002-07-01,Argentina,31.75,32.83,32.13,31.08,31.32,54.57,9.38,41.32,67.81,0.408,-53.18536785861077,-22.93390122041117,-9.114895658431289,9.506691737639628,-16.555880528228293,-22.706638115631684,-19.956822107081184,1.89616843206486,-27.48971193415639,,-61.68300653594771,-21.684160305343514,16.29608781311567,12.064121632787984,-9.466938537722116,-16.175319593008076,-14.32811656772801,13.640149937526026,-19.048849831997927,,-31.080088170462883,9.542876209542882,5.894413121476161,1.5727980826842458,-10.945558739255013,14.138543516873913,0.4746835443038,3.176403857061816,10.632285411515374,-15.70247933884298
2002-08-01,Argentina,32.92,33.75,34.0,31.78,32.14,54.61,12.0,42.52,66.71,0.326,-50.82911748173131,-21.75216792284628,-0.3972436157275938,8.156904889844153,-14.18539325842697,-15.57266947255307,-16.038723181580327,4.750517063081694,-22.3078225533356,,-46.4763603925067,-14.426977687626774,2.854378326076445,7.492748952626482,-15.07215392838055,-4.117315284827983,-11.099108830677828,5.628626692456473,-13.111651797783184,,27.93176972281448,2.802314955833074,2.904162633107465,-1.6221796195251548,2.2522522522522515,5.820105820105814,3.685039370078736,0.0733003481766525,2.618135376756059,-20.09803921568627
2002-09-01,Argentina,28.44,31.08,31.08,25.42,29.42,45.56,10.34,33.46,57.65,0.408,-53.3254855797528,-16.22919883341911,6.820872415991275,9.855370719716428,-14.291262135922334,-9.78190255220418,-12.973175063090014,8.688628222237838,-16.082399710878224,,-50.902184235517566,-11.754684838160134,1.578627808136024,10.103132161955685,-18.655999999999995,-8.48056537102474,-13.55623100303951,6.822977725674106,-15.942857142857136,,-13.83333333333333,-7.911111111111113,-21.307619943555977,-13.58117223804527,-20.012586532410317,-8.588235294117652,-13.608748481166463,-16.572056399926748,-8.462974486621032,25.153374233128822
2002-10-01,Argentina,36.44,38.04,35.33,36.75,36.89,57.59,14.86,46.03,69.15,0.51,-39.73756682326261,-3.877779854232855,15.704125177809392,14.489409537332843,-5.444847020933974,-2.590221187427244,-4.098842910374579,14.951909064412703,-8.025037369207766,,-18.57534246575343,17.55253399258343,47.67404555662496,26.648351648351664,19.74584555229717,4.961378490790258,13.697347893915769,34.273723478666355,5.249643366619128,,43.7137330754352,22.393822393822397,37.56724447101016,19.947961838681707,44.57120377655388,13.674388674388682,28.129395218002795,26.404741000877973,25.390890550645807,25.0
2002-11-01,Argentina,39.17,40.19,38.83,39.08,38.94,59.22,19.37,51.31,67.14,0.722,-27.66958779617007,6.675124426661472,31.549834054108405,17.28350266086114,4.6295339464710095,4.074367088607578,4.783484390735127,22.635951661631417,1.260342505291523,,-13.177947108919753,15.190599025508744,45.271800679501695,14.965753424657535,12.202124605225384,15.910447761194035,14.03202328966522,26.37644046094749,14.901150781941563,,30.349932705249,5.651945320715024,11.470779926135124,-2.906724511930592,6.340136054421763,9.906594961788851,7.491767288693762,2.83035249175203,5.557061534291119,41.56862745098038
2002-12-01,Argentina,37.06,40.28,37.58,35.5,38.25,58.96,13.98,50.2,67.72,0.704,-16.039707419017745,15.428070517190973,46.383569798591154,20.005882352941185,18.511816052799656,11.795897948974488,15.452402910134232,29.815361890694227,14.091409140914092,,-17.081850533807817,13.721061547148494,46.355685131195344,18.80701754385965,24.91203377902884,14.608112229338222,18.82013465854442,29.156626506024107,23.18840579710144,,-27.826535880227155,0.2239363025628327,-2.1633209900604133,0.8638665475126484,-9.16069600818833,-3.2191604429564813,-5.386775593566506,-0.4390408645727706,-1.7719568567026167,-2.4930747922437657
2003-01-01,Argentina,41.51,43.44,40.63,41.44,42.72,65.8,16.0,59.91,71.7,0.908,5.201449584310391,17.272383115654,33.03115213449812,12.954557882648876,15.86936981923499,21.23472135902216,18.05875864835056,20.951942673065528,19.682603054197024,,106.71834625322995,22.88543140028288,15.835266821345703,6.269453090262345,12.364425162689784,34.31404958677686,21.409768938286057,10.402684563758392,21.19148936170212,-33.235294117647065,14.449213161659502,7.845084409136049,19.342629482071704,5.87714116952156,16.732394366197177,8.116019159127209,12.007555315704256,11.601085481682482,11.68627450980393,28.97727272727273
2003-02-01,Argentina,39.5,44.97,39.17,38.06,41.23,59.77,17.49,53.11,66.43,0.832,42.38152369526092,25.245742092457423,30.70147341447791,9.128982664475435,20.988953182535507,23.936226375250747,22.733887733887737,17.714978310793583,24.03572878603326,,100.1144164759725,40.61913696060038,36.67009778692743,3.5380299251870584,27.932773109243712,23.681717713924844,28.16353017521089,16.035721219180754,27.963997517070126,-15.618661257606492,9.31249999999999,3.5220994475138045,-11.350358871640786,-7.35006973500697,-8.156370656370648,-3.593403888752156,-4.842206697181394,-9.164133738601809,-3.487827715355807,-8.370044052863445
2003-03-01,Argentina,38.36,40.39,38.76,37.53,41.88,59.08,14.13,52.84,65.32,0.89,47.93414103758933,29.747154225848703,26.765515132986884,4.194407456724369,17.653563888609636,24.852569502948608,22.092666462104948,13.24747010119598,28.25400061155847,-18.119551681195524,-10.057288351368554,26.45585472761427,31.24689518132142,2.6559798837026305,14.28136419001218,17.312348668280862,17.0940170940171,13.74663072776281,36.68407310704962,2.771362586605086,-19.21097770154373,-10.184567489437402,-0.5083788363773212,-1.67093180791813,-1.3925380977404145,-1.04671942813378,-2.886075949367095,-1.1544252969717284,1.5765219500363914,6.971153846153855
2003-04-01,Argentina,40.13,43.44,38.56,40.04,43.24,60.72,16.43,53.59,67.86,0.846,31.176631176631187,32.29252259654891,37.62939958592138,6.9262909792157545,24.655023717119427,24.922252010723888,25.936599423631137,18.69257716967412,35.58321708337806,-2.653525398028811,34.89326765188834,29.904306220095695,45.62500000000003,15.231788079470189,32.71461716937354,35.108619481429585,33.277980737296595,26.92307692307692,42.56511704582924,7.6335877862595325,16.277423920736013,7.551374102500619,1.4193792581377762,3.88854868340478,6.687982946975746,-0.5159958720330149,4.6141814389989655,2.775897088693302,3.247373447946522,-4.943820224719109
2003-05-01,Argentina,44.52,47.18,43.63,44.23,47.5,69.69,16.37,66.43,72.94,1.22,20.11773739442029,35.5229130029999,56.590270857867566,10.841041084104086,33.581925860934426,32.12803146165611,33.40201713480102,27.89551835853128,48.278175313059045,39.30254476908577,46.42218246869412,50.782997762863545,99.30993099309934,14.974779319041607,57.011004614838455,45.62750333778372,51.73824130879348,44.04712691194708,66.84229012996137,159.5744680851064,-0.3651856360316396,8.609576427255995,23.959693972756124,7.48600058944886,10.464535464535452,13.148340248962654,10.939446797906792,14.77272727272727,9.85198889916743,44.20803782505911
2003-06-01,Argentina,54.42,54.67,55.14,53.93,60.09,84.34,18.83,85.88,82.8,3.14,39.6537733297268,53.421330517423456,88.63948694457171,18.250568512348583,48.21964821964819,58.48817080207731,52.74025260845689,44.021192408289146,73.14889220525774,199.19540229885052,38.35415135929463,82.41574908241576,120.09226037929264,24.02636309167165,54.5272206303725,95.87921847246892,72.21518987341773,59.46303649083002,112.25715294948785,548.7603305785125,15.027489309712871,15.875370919881316,29.27894023784432,13.51795996709624,21.93081618810764,26.38093055237221,22.237196765498645,21.02166738412972,26.505263157894746,157.37704918032787
2003-07-01,Argentina,53.87,57.42,53.65,52.93,58.22,82.37,20.94,82.19,82.54,3.26,64.2961662276851,69.27409926665958,106.29893551508754,20.33735669915661,60.47796070100902,68.90514184397163,64.86136584313304,51.694045174538,88.20658342792285,459.4713656387665,123.24093816631128,74.9010051781907,98.91093901258468,21.7224598141867,70.30244530244532,66.97790227201989,69.66929133858267,50.943741982774426,85.88761174968072,699.0196078431372,11.2055231014339,5.030181086519114,-4.296693060083834,-0.3140096618357346,-1.854255516410164,-2.702212549873051,-1.0106578463800142,-2.335783732511265,-3.1119986686636736,3.821656050955413
2003-08-01,Argentina,54.8,52.33,55.04,55.4,59.09,79.97,25.34,78.61,81.32,3.2,86.08173763932552,70.29518384256865,100.78137717727492,22.54570747217805,65.97790507364975,73.7696224013577,69.40895398358782,52.20583698401926,93.30936035741529,688.1773399014778,111.16666666666669,55.05185185185184,84.87770460959547,21.900764503073013,74.32347388294525,61.88235294117648,66.46415552855404,46.438381248855535,83.85189794648413,881.5950920245399,21.012416427889203,-8.864507140369216,-4.355761041489226,-1.4780712381875616,4.6665407141507576,2.5908667287977583,1.7263783181733716,-2.913682165837084,1.494331844726915,-1.8404907975460016
2003-09-01,Argentina,50.33,52.96,49.92,49.78,54.78,72.47,23.73,71.52,73.42,2.87,120.71248423707436,66.60864222813845,98.05626598465471,23.47400738929073,79.10058903488897,63.16222610842508,70.76576092793472,51.74486234974793,85.28208440999141,716.9877408056042,129.49709864603483,70.3989703989704,113.74775851763296,27.354726799653093,95.8300550747443,60.61776061776063,76.96905766526018,59.06496927129059,86.19986403806934,603.4313725490197,-6.353591160220995,1.2038983374737189,-9.019208752067176,-9.714707329070327,-10.144404332129964,-9.302325581395344,-8.15693430656934,-9.378516943853942,-7.293958368590292,-10.312500000000002
2003-10-01,Argentina,50.37,50.97,49.75,50.55,55.5,71.68,23.94,70.75,72.62,2.92,96.2634408602151,51.90045688733353,81.03434144742232,17.492636039481148,65.75838211814795,54.07827905587092,58.99795501022496,42.06389452332655,72.03656678517014,622.6688102893891,61.103633916554536,33.99053627760254,53.70410601781445,5.018076644974689,37.55102040816325,40.81517124257006,38.22722283205269,24.466053134224698,50.44727568446734,472.5490196078432,0.8849557522123908,-3.757552870090641,-1.0766219239373598,-1.089621356578585,1.546805946163099,-0.3405448717948789,0.0794754619511284,-1.0901062508624104,1.3143483023001057,1.7421602787456305
2003-11-01,Argentina,49.32,49.72,52.22,47.53,54.32,69.08,24.55,66.74,71.41,2.78,62.03724478348664,40.56353490074101,59.79357798165137,12.12230586779417,46.03456790123455,44.32725199543901,44.18068236424795,31.323520354745327,56.3895486935867,422.56097560975616,26.742385131646884,23.712366260263764,30.072110699668663,6.359845099791484,21.62231320368475,34.48364666494979,25.91268828184834,16.64978047956771,39.49666153055984,285.0415512465374,2.548036758563077,-2.452422993917991,-5.667844522968202,-1.6662076562930397,-5.974282888229466,4.9648241206030175,-2.084574151280516,-3.627232142857151,-2.1261261261261266,-4.794520547945213
2003-12-01,Argentina,50.18,49.41,50.08,50.47,55.9,68.05,26.6,65.49,70.61,2.65,55.75606720597384,26.6559783984474,37.57625050833671,5.210528895642375,33.432138686787006,36.07481653839271,33.01677465163755,18.797291915571517,45.26647966339412,331.301652892562,90.27181688125894,22.666335650446868,30.45816733067728,4.2675723567631385,42.16901408450704,33.2623736029803,35.402050728548296,15.417232021709635,46.1437908496732,276.42045454545456,8.35030549898168,-0.623491552695099,-1.87293976625712,-1.1202912757316883,6.185567010309279,-4.098046725392567,1.7437145174371338,-1.491024898668214,2.908689248895424,-4.6762589928057485
2004-01-01,Argentina,57.73,55.98,55.46,59.56,61.49,77.48,34.19,77.31,77.64,2.99,72.92806484295843,25.179565813897156,29.81043241234047,6.341982958946524,35.80417169453545,34.79152426520849,33.54000339731611,16.648548755299508,43.19906596614125,260.7540702656384,113.6875,28.867403314917127,29.04356534802204,8.28451882845187,43.72586872586874,36.50012306177701,39.07492170561311,17.75075987841945,43.93726591760301,229.29515418502203,28.533834586466146,13.296903460837894,18.04855703160788,9.956096870131702,18.010699425401235,10.74281150159746,15.045834994021522,13.857457751653213,10.000000000000009,12.830188679245303
2004-02-01,Argentina,59.83,59.96,59.92,59.75,65.23,78.93,35.34,78.23,79.62,3.32,102.50684642932376,28.48706193177401,35.41845362087981,10.697109545785754,47.634782608695645,40.96098142784119,42.06826458880326,21.63875792554057,49.44353518821607,266.6121112929624,102.05831903945116,33.33333333333335,47.29806062888346,19.85548697877464,56.98896479243298,52.97421496042889,51.46835443037973,32.0562154927221,58.21004123211255,299.03846153846155,3.363556595495787,7.109682029296183,1.1900142284309911,2.5502318392581103,0.3190060443250431,8.041831950955647,3.6376234193660206,1.8714506969540468,6.082289803220031,11.036789297658856
2004-03-01,Argentina,56.72,57.0,57.5,56.19,61.28,74.4,34.5,73.96,74.83,3.14,118.45863082738347,34.27018633540373,38.36970939346436,14.077168837552234,49.96154832094335,45.81646423751686,45.99983245371533,24.99864608719198,49.40793133592942,259.3155893536122,144.16135881104032,41.12404060410992,39.96971990915969,14.55909369259034,49.72022382094323,48.34881320949434,47.86235662148071,25.93094109681788,46.32282712511939,252.80898876404493,-2.37691001697794,-4.936624416277525,-5.45826409305894,-6.016076362722944,-5.958158995815898,-4.038718291054744,-5.19806117332442,-5.7392626377803175,-6.055495937452093,-5.421686746987941
2004-04-01,Argentina,49.96,51.36,49.79,49.64,55.97,65.0,28.91,61.77,68.22,2.68,105.51508844953176,30.683229813664585,34.11056788266264,11.55252742848556,43.19813197267146,43.54021804446732,41.12212899398251,21.584897254552526,44.42421844083895,255.9190031152648,75.95861229458309,18.23204419889504,15.264041798843063,0.5305039787798504,23.976023976023985,29.123443983402478,24.49538998255669,7.04874835309619,29.440333024976866,216.78486997635932,-16.202898550724644,-9.894736842105267,-16.481882098431576,-8.83335560604036,-11.656878448122432,-13.408695652173918,-11.918194640338498,-12.634408602150549,-8.665143603133163,-14.649681528662416
2004-05-01,Argentina,51.02,49.47,51.88,51.0,56.38,63.77,32.93,60.76,66.78,2.64,105.28446622629448,20.471719716052217,13.670021983107716,1.7999223753153435,28.760262725779985,31.599834642414248,28.20095927160391,7.2193783313103665,30.92293771678478,186.19756427604875,101.16065974343309,4.853751589656641,-8.535300316122251,-8.445297504798454,15.306353153967912,18.90900756360303,14.600179694519325,-8.494762519730227,18.694736842105275,116.39344262295084,13.905223106191622,-3.679906542056077,-1.6350979439857638,-2.110817941952503,2.739726027397249,4.197630046194023,2.1216973578863207,-1.892307692307682,0.7325352867607604,-1.49253731343284
2004-06-01,Argentina,50.82,51.81,48.58,51.82,56.72,63.04,32.72,60.03,66.04,2.68,83.14933178384662,5.058847821598178,-11.335599805730944,-10.08944543828263,10.31837916063676,9.4079953396927,9.1536636226361,-10.682188591385325,12.093084930053678,53.66884364195159,73.76526818906002,-5.231388329979881,-30.100139729855613,-20.241545893719792,-3.912479139625436,-11.896989481320276,-6.615214994487328,-25.25492055963956,-5.608254285238812,-14.649681528662416,-0.6377163680534537,4.730139478471807,-1.201448321263987,-1.1081162024558222,1.6078431372549051,-6.360832690824991,-0.3920031360250986,-1.1447389054414336,0.6030507272082319,1.5151515151515138
2004-07-01,Argentina,49.09,48.86,51.21,47.94,55.46,60.22,31.59,56.32,64.13,2.49,73.20983256145351,-5.73240409367738,-24.473347547974424,-17.345140171227136,-0.2184128665034257,-0.4920614092638775,-1.230285976048684,-20.884094754653127,1.658524817562257,2.4934383202100063,50.85959885386819,-14.907697666318365,-31.475848643387277,-22.304337291010437,-9.427545815227669,-4.547996272134203,-8.873213291256722,-26.890858322204693,-4.740638955685328,-23.61963190184048,-3.453545232273836,-5.693881490059837,-6.180243211727476,-2.8921865536038927,-7.487456580470864,5.413750514615079,-3.404171585989757,-4.473350253807107,-2.221438645980245,-7.089552238805963
2004-08-01,Argentina,46.68,45.18,48.05,46.33,53.1,56.9,30.03,51.08,62.73,2.07,44.89325756412224,-11.29424644203868,-32.12664180314578,-21.79518365361225,-9.965487489214851,-9.760117194653006,-10.11711325035254,-26.966109940003246,-6.832018038331455,-24.583333333333325,18.508287292817684,-13.663290655455762,-35.02098969596743,-22.860304968027545,-16.371841155234655,-12.69985465116279,-14.817518248175176,-28.84831811929473,-10.137079031985108,-35.312500000000014,-4.938271604938271,-7.531723291035608,-9.30397727272727,-2.1830656479026933,-3.358364622444721,-6.170669791056438,-4.909350173151362,-5.513118565260711,-4.255319148936165,-16.867469879518083
2004-09-01,Argentina,47.34,47.33,47.5,47.25,54.3,55.7,32.01,52.13,59.27,2.13,33.73803742322528,-13.11535861348412,-31.331783746556464,-21.556810519217795,-10.492694959205618,-7.4711556648382915,-9.993710691823887,-26.400068140198464,-5.363472601545705,-28.295819935691316,34.89254108723134,-10.630664652567978,-27.11129753914988,-19.27267774448379,-5.082362394535956,-4.84775641025641,-5.940790780846406,-23.140609907547947,-0.8762322015334112,-25.78397212543555,6.593406593406592,4.758742806551575,2.055599060297575,-5.515702215845675,1.9857543708180487,-1.144640998959412,1.4138817480719768,-2.108963093145866,2.259887005649719,2.898550724637694
2004-10-01,Argentina,49.45,47.36,52.42,48.36,54.45,60.93,32.96,57.48,64.38,2.27,30.119161758663186,-10.48892870856265,-27.25009054690329,-18.02427867698801,-8.855069671867977,-4.356538038911517,-7.736334405144674,-22.572728895234697,-4.43998346814668,-28.031145717463847,37.67752715121135,-7.08259760643516,-18.756183745583044,-11.346736436243477,-4.3323442136498524,5.366834170854284,-1.826484018264829,-14.99720982142858,-1.891891891891884,-22.26027397260274,2.967822555451427,0.0633847454046154,10.262804527143675,8.62156234182554,2.3492063492063453,10.357894736842098,4.457118715673847,9.389587073608618,0.2762430939226679,6.572769953051649
2004-11-01,Argentina,54.13,51.22,55.92,53.97,60.55,66.31,35.53,63.74,68.88,2.46,39.15812794239821,-5.0374227139603045,-17.061384622745322,-11.46010577144172,1.163262545651289,2.600566199223109,0.5999200106652669,-14.205318201003614,2.855407047387604,-19.95332555425905,44.72505091649695,3.0168946098149574,-4.495055439017071,-3.5429211595014776,13.549337260677463,7.085407889697448,9.75263584752637,-4.009843659525181,11.469072164948455,-11.51079136690647,7.797330097087385,8.150337837837828,10.89074460681978,6.989748369058724,11.60049627791564,6.676840900419689,9.464105156723956,8.829804693911058,11.202938475665736,8.370044052863435
2004-12-01,Argentina,52.03,51.4,51.25,52.66,58.3,62.76,35.02,60.76,64.75,2.43,37.84791583433213,-0.07994670219853,-10.34584688146616,-7.747856876630643,4.33524065971056,4.958895100295968,3.8299859878561326,-9.008189262966336,4.57398020757902,-14.251497005988025,31.654135338345867,4.0275247925521285,-7.222476714002135,-8.299107775102676,4.339211412720423,2.3362619808306784,3.6867277799920384,-7.773695811903014,4.29338103756709,-8.301886792452818,-1.4354066985645897,0.3514252245216731,-4.675243175400068,-5.995934959349592,-2.427274411710212,-8.35121602288984,-3.879549233327173,-5.353641984617708,-3.715937241948808,-1.2195121951219412
2005-01-01,Argentina,56.81,54.08,58.29,56.78,62.94,66.92,40.58,66.31,67.54,2.35,30.22029528943051,1.025078976210425,-8.938627469695525,-8.417554402258032,3.712871287128694,4.880831643002015,3.650702792088034,-8.676203345603673,5.87036282103548,-14.014251781472677,18.689675343667744,-3.394069310468017,-14.228430992109686,-13.008758371973206,-4.667562122229684,5.102776776054818,-1.5936254980079556,-13.62932369643779,2.358107009269794,-21.4046822742475,15.876641918903475,5.214007782101171,9.134298880842673,4.308880308880325,7.823775161412838,13.73658536585365,9.18700749567558,6.628425748884648,7.95883361921097,-3.292181069958855
2005-02-01,Argentina,55.97,54.97,56.54,55.94,62.66,64.08,41.17,62.94,65.22,2.39,21.470924789347777,-2.963410946477185,-14.034293987241565,-13.323386141220883,-2.591589115325721,0.3747129215520672,-1.746750924049123,-13.677269892185706,0.700908991348137,-19.97767857142857,16.49688737973967,-8.322214809873252,-19.5449316119136,-18.08590806330068,-6.3765690376569095,-5.640854472630174,-6.451612903225801,-18.814139110604344,-3.93990495170935,-28.01204819277108,1.453918186298675,1.6457100591716012,-5.082189714975128,-3.435001480604094,-1.4793941528707388,-3.0022302281695,-1.4786129202605247,-4.2438732815301865,-0.4448681283762301,1.7021276595744703
2005-03-01,Argentina,58.41,59.75,59.63,57.31,61.81,70.39,43.02,68.99,71.78,2.8,19.936556762472367,-2.393893836012506,-13.620915032679736,-11.870395105347065,-3.116809116809116,0.9139287366959792,-1.773008951113142,-12.746414800051976,-0.3138297872340434,-20.2116402116402,24.695652173913054,4.824561403508776,-6.719848566792863,-4.0759053855405565,1.993237230824008,3.704347826086951,2.97954866008463,-5.389784946236564,0.8648825065274091,-10.828025477707016,4.493563274228807,8.695652173913038,9.612329202414994,10.058264336093226,2.4490525563103382,5.465157410682719,4.359478291942098,9.847066167290896,-1.3565272901372438,17.154811715481166
2005-04-01,Argentina,52.27,50.17,51.13,53.56,56.42,62.56,37.82,59.49,65.63,2.49,23.554430379746822,-2.0377851711026462,-10.534679379323252,-8.999865271477958,0.7428433385674449,0.0538245320256036,0.0840790342922392,-9.755874135482978,-0.8713283647522996,-15.973741794310726,30.819785541335172,-2.316978193146413,-3.691112190383683,-3.7965406039284666,7.89685737308623,2.6913034745932984,4.623698959167344,-3.753846153846152,0.8040021440057332,-7.089552238805963,-12.087401208740122,-16.03347280334728,-13.770111610378311,-8.567846196712182,-6.5433606700401326,-14.25456984739225,-10.511898647491858,-11.123739167495383,-8.720271800679502,-11.071428571428555
2005-05-01,Argentina,51.41,50.72,55.0,49.56,57.89,58.6,37.75,57.29,59.9,2.37,23.09528752335477,1.7803966292847084,-5.455748384141701,-5.966734975932897,2.295479181279081,4.140227429792054,2.7837666455295063,-5.7193483289855855,1.434083971663891,-9.456264775413723,14.63710901913149,2.526783909440056,-5.710994075049369,-10.30248577418389,-2.8235294117647025,6.013878180416343,0.7644061152489057,-8.107260467304378,2.678254700248317,-10.22727272727273,-0.185087255420413,1.096272672912102,-3.6981005210959816,-8.730763370409866,-7.468259895444362,7.568941912771354,-1.6453032332121809,-6.32992327365729,2.605459057071968,-4.81927710843374
2005-06-01,Argentina,50.63,52.56,49.75,50.56,57.66,59.59,34.63,57.73,61.45,2.31,16.539763113367158,0.5306603773585161,-4.409509202453998,-6.993633107839248,0.8002098911189748,3.7470881863560734,1.6534914361001407,-5.766122725613887,1.71526586620927,-10.37499999999999,5.837408312958448,1.4475969889982565,-3.831417624521083,-6.950333131435493,-2.431493631802384,2.4083985179086165,-0.3738685556867294,-5.472715736040601,1.6572637517630495,-13.805970149253731,-8.264900662251652,3.62776025236593,0.7680223424681332,2.5876460767946696,2.017756255044389,-9.545454545454549,-1.5172145496984868,1.689419795221836,-0.3973052340646155,-2.531645569620256
2005-07-01,Argentina,50.51,51.27,49.79,50.69,55.81,56.58,39.14,52.43,60.74,2.07,14.68531468531471,2.937258558678568,-5.454237479532498,-7.545062198527541,0.0331652958344586,1.8922661040416733,1.073345259391778,-6.555098112602254,1.661129568106312,-13.572343149807942,23.89996834441279,4.932460090053215,-6.906960227272729,-5.286137533135804,5.7363370880267,-2.772895918765872,2.892646160114065,-6.044503487213548,0.6310854670032562,-16.867469879518083,13.023390124169795,-2.45433789954338,-9.180668629828505,-1.155410903173315,0.2571202531645555,0.08040201005024,-0.2370136282836332,-5.051183084410149,-3.2084634061741117,-10.389610389610391
2005-08-01,Argentina,52.06,48.17,54.25,51.97,59.1,55.9,41.18,52.08,59.71,2.42,21.846512613949564,4.216660953033924,-3.099802902705606,-5.702436495593577,4.880553083715533,4.024621212121238,4.509175250699204,-4.49045293072825,4.410696999031938,-6.077348066298338,37.12953712953713,6.617972554227536,1.9577133907595856,-4.814283436952016,12.17353766458018,12.903225806451625,11.52527849185947,-1.7574692442882234,11.299435028248595,16.90821256038648,5.212059274399583,-6.046420908913596,-0.6675567423231055,-1.6957523872242364,2.525152890116389,8.957622012452294,3.068699267471797,-1.2018381053375715,5.895000895896785,16.90821256038648
2005-09-01,Argentina,49.93,46.89,51.29,50.06,56.31,55.24,38.24,51.12,59.37,2.11,26.62608138417175,3.508523732050639,-2.44468125117534,-3.390103690968671,7.914075749010752,5.839465794494436,6.561386346167275,-2.9510473324846576,5.133243276433763,-1.3452914798206428,19.462667916276175,-0.9296429326008826,-1.937464032227132,0.16871941960519,5.947089947089945,7.978947368421041,5.471060414026185,-0.8258527827648132,3.701657458563545,-0.9389671361502372,-7.139388052452644,-2.657255553248916,-1.843317972350233,-0.5694188578127646,-3.675197229170668,-5.456221198156685,-4.091432961966968,-1.1806797853309403,-4.720812182741119,-12.809917355371905
2005-10-01,Argentina,50.12,49.36,49.04,50.97,56.79,56.89,36.69,53.39,60.38,2.19,22.221052631578964,3.2530206620433377,-2.551496670608,-3.712844725828957,7.792024799210928,4.467121713860922,6.022164912525252,-3.1694807814210857,6.394810009267871,3.863987635239563,11.316747572815531,4.222972972972983,-7.115518441196933,-6.213109661385508,5.397022332506207,-6.447920640976735,1.3549039433771393,-6.630559658624646,4.297520661157028,-3.524229074889873,-4.053347280334741,5.267647686073795,4.440532081377158,1.701195890180229,1.8178186176587952,-4.386820042893347,0.3805327458441754,2.986965966690791,0.8524240809802741,3.791469194312791
2005-11-01,Argentina,53.37,52.67,53.79,53.33,58.77,60.11,41.22,58.01,62.22,2.42,15.5721393034826,2.0629154958536238,-6.247476204211145,-5.484859502415218,3.195614386950152,-1.1036960985626232,1.65650675854756,-5.848912211654089,1.518015357353808,-2.0408163265306256,16.014635519279487,2.830925419757913,-8.989645434577975,-9.66898954703832,-1.1858439874004034,-3.809012875536488,-1.404027341585079,-9.350022621022468,-2.939719240297267,-1.6260162601625994,12.34668847097302,6.705834683954626,8.653305862521066,3.047366677707841,4.630174612517157,9.685970636215323,6.484437350359129,5.660045702232375,3.4865293185420088,10.502283105022835
2005-12-01,Argentina,51.01,50.08,53.0,50.14,58.15,56.17,38.7,52.92,59.43,2.26,12.655782050043452,1.4201893585811698,-9.70436311682602,-8.07029947982426,-0.3548616039744545,-2.3560373456983474,-0.7133217659533564,-8.85789473684212,0.2365839584535622,-4.050279329608952,10.508280982295837,-2.5680933852140098,-12.903225806451612,-8.216216216216221,-4.785415875427256,3.4146341463414664,-1.960407457236213,-10.500318674314846,-0.2572898799313883,-6.995884773662564,-6.113537117903922,-4.917410290487945,-8.774349250129287,-4.484088717454194,-5.981623851490713,-1.4686744748094394,-4.421959902566986,-6.5546498086840765,-1.0549600136123938,-6.611570247933896
2006-01-01,Argentina,57.07,58.42,57.01,56.69,62.39,63.87,44.93,63.17,64.58,2.63,12.345901196796529,2.852584556477366,-8.757402651852619,-7.426554655266681,-1.9888623707239537,-1.003263628671569,-0.932686997606924,-8.082045002296024,-1.364211452775166,0.9668508287292932,10.719566288812231,8.025147928994091,-4.735334037098482,-4.382588095943152,-0.1585065163790089,-2.1959169668896883,0.4576659038901587,-4.557680812910947,-0.8738481093104489,11.91489361702127,16.09819121447027,16.653354632587856,19.36885865457294,8.66565707555107,13.063422417231752,7.566037735849052,11.880023524799066,13.708385259035062,7.291487532244201,16.371681415929217
2006-02-01,Argentina,56.22,53.44,55.83,57.28,61.52,63.04,44.11,62.49,63.59,2.62,9.39453626787703,0.9286382050483156,-6.015472869848948,-5.017467470001513,-0.7679284073043746,-0.144508670520238,-0.309447242279004,-5.511973575557382,-1.0005437737900855,4.741980474198049,7.141122176341996,-2.7833363652901566,-0.7149666348903683,-2.499233363998765,2.3954236682159458,-1.2557481429076756,0.4466678577809579,-1.6229712858926382,-1.819342483242892,9.623430962343104,-1.825061206320944,-8.524477918521056,-1.0764603451005272,-1.5329823474759865,1.0407479273240483,-2.0698123136291824,-1.4893989837042263,-1.2995146391106882,-1.3944542394614512,-0.3802281368821214
2006-03-01,Argentina,59.86,54.94,59.08,61.78,64.51,67.66,47.42,67.0,68.31,2.7,9.369239400496877,-1.1848341232227333,-2.8147699757869016,-3.940549525765136,3.364112215491377,-1.4559211280522733,1.1449266896430998,-3.3864640746809727,0.5389253508350844,5.437665782493362,10.227801022780092,-8.05020920502092,-2.8844760110160794,-4.83421565895793,7.799685918687826,-0.9223545195371496,2.4824516349940096,-3.8783918170194656,4.36822520627731,-3.5714285714285587,7.503967354341423,2.8068862275449025,7.217154744759169,7.422550715521314,7.85614525139664,5.821243059287129,6.474564212024192,7.32868020304569,4.860208062418736,3.053435114503822
2006-04-01,Argentina,54.02,53.06,55.58,53.42,59.46,61.46,41.16,59.03,63.89,2.54,8.753380870420436,-2.092303960215913,-1.5149932086511386,-3.375610719044586,3.399076793957212,1.9067543335325787,2.070207020702086,-2.4717048165254,2.542981922715448,2.343749999999978,8.831306187202536,5.760414590392671,-0.7732391998655275,-2.651226573213461,-0.2613890963405585,8.703305300215124,3.34800076525732,-1.758312020460362,5.388160226869898,2.008032128514059,-13.201180936313806,-3.421914816163074,-11.895522388059698,-6.470502122676036,-13.531887342181935,-5.924170616113744,-9.756097560975608,-9.16346438072716,-7.828243683149905,-5.925925925925935
2006-05-01,Argentina,56.76,52.74,56.42,58.17,61.81,61.01,47.48,59.73,62.29,2.5,14.73142760772408,0.0622509960159334,-0.0053830004844379,-1.4292230500227987,8.065823100417635,3.209459459459452,5.274847307051633,-0.7413208039676267,5.4848966613672445,1.0443864229765063,25.77483443708608,3.982649842271302,4.259032990050615,3.9899833055091927,17.3728813559322,2.581818181818174,10.406535693444852,4.112627986348127,6.771463119709797,5.485232067510548,15.354713313896994,-0.6030908405578628,1.1858377096391592,-2.504304272969171,8.891800823661544,1.5113350125944611,5.072195483154385,-0.7321835340058591,3.952236797847286,-1.5748031496062964
2006-06-01,Argentina,58.53,56.53,58.83,58.94,62.16,65.17,48.24,64.58,65.75,2.69,24.210526315789483,5.786901270772238,5.059881955188827,2.6473419617071503,10.964341488807916,9.590710803181924,9.720692113278462,3.811894882434297,6.663953015060775,7.810320781032076,39.301183944556726,7.553272450532722,11.865581153646287,6.997558991049635,16.574367088607577,18.251256281407024,15.60339719533872,9.363987246182235,7.80437044745057,16.45021645021645,1.6006739679865325,7.186196435343195,8.119872760756742,5.554663669930959,1.3237063778579916,4.271534916696207,3.118393234672312,6.818554335354876,0.5662514156285381,7.600000000000007
2006-07-01,Argentina,57.74,56.33,59.17,57.33,63.28,61.38,48.56,60.15,62.6,2.53,29.375896700143443,7.149789712067278,10.158256195879378,4.695480257015783,15.668722233273646,12.863983434709446,13.425106522451657,7.318189620644278,9.272875816993476,14.370370370370344,24.06745017884517,9.86931929003314,14.724394430669465,3.062232466249593,13.099230617478796,18.839124322153044,14.313997228271646,8.483563096500536,13.384698082780863,22.222222222222232,0.6633499170812573,-0.3537944454272135,-6.859708888200677,-4.790874524714828,-2.7315914489311144,0.577936426993042,-1.3497351785409228,-5.815559306429341,1.8018018018018056,-5.947955390334581
2006-08-01,Argentina,55.86,55.15,56.71,55.58,63.13,59.47,44.98,58.42,60.52,2.41,23.340582862113955,10.532894736842112,12.888313609467447,3.831775700934603,12.158987077405037,13.602965082255004,12.356396866840736,8.107165688382656,9.27159993046298,12.205882352941131,9.227780475959202,14.490346688810462,12.17357910906298,1.3565566906715842,6.946315181835683,4.534562211981563,7.299270072992692,6.386404293381043,6.818950930626055,-0.4132231404958553,-7.372322899505779,-2.0947985087874987,-2.876142975893592,-3.322683706070284,-3.0525030525030528,-4.157512252830831,-3.255975060616556,-3.1117627891821487,-0.2370417193426011,-4.743083003952552
2006-09-01,Argentina,58.95,55.13,57.75,60.78,65.07,62.63,49.15,62.6,62.66,2.48,20.35256410256409,13.859085628374212,16.410717727944512,3.314425536647736,13.731011000523829,11.781368698899096,13.147540983606554,9.396613403291209,11.832729821282516,12.424242424242426,28.53033472803346,17.573043292812972,22.45696400625978,5.541519285834595,21.41430283659609,12.595047767596036,18.065291407971173,13.37798696596668,15.556739477890224,17.5355450236967,9.270787016451765,-0.0362647325475862,7.155083875385149,3.536021150033042,9.355883411299024,1.8338917298536428,5.531686358754029,5.313603497561803,3.0730239188974995,2.9045643153526868
2006-10-01,Argentina,59.73,53.97,60.96,60.73,65.26,62.6,51.32,63.31,61.88,2.54,25.26914133149596,13.730785209804708,17.715052046746283,3.120472528697227,15.745098039215687,13.481692327597372,14.745907566892358,9.920847467714111,12.346109175377462,10.565476190476208,39.87462523848462,9.339546191247972,18.580258475369927,2.484266313348793,19.148518736511665,24.306688417618272,19.173982442138858,10.036913341536293,14.914597640429662,15.981735159817356,4.415055951169888,-2.1041175403591628,1.134185303514368,-1.2448132780082943,-0.0822639025995441,5.5584415584415625,1.323155216284988,-0.0479003672361533,0.2919932380513579,2.4193548387096757
2006-11-01,Argentina,57.59,54.52,60.21,57.0,62.84,59.86,50.07,59.49,60.23,2.44,29.60826517434354,9.871071716357749,14.078267290179692,1.5387151728306847,15.645244882093778,16.091357383856717,14.893755703298162,7.460520204366006,12.39308779891779,11.011904761904766,21.470160116448334,3.5124359217771017,2.5512842613342634,-3.198328511732562,6.88168010500656,11.935303959843836,7.907063893573185,-0.415904175677928,6.925302024842606,0.8264462809917328,-2.435697583787999,1.019084676672244,-6.033801927025751,-2.6664511958629733,-6.141939733245505,-1.230314960629919,-3.582789218148319,-4.376996805111821,-3.7082439472877695,-3.937007874015752
2006-12-01,Argentina,57.11,56.28,59.04,56.25,63.05,59.48,48.8,58.68,60.28,2.33,28.79684418145958,8.322924199592396,10.443037974683556,0.1977695984178407,12.652162652162646,15.645254443945312,12.899676375404546,5.064387596003939,10.039721374704968,6.404657933042235,26.09819121447025,12.380191693290744,10.88435374149659,1.4302540804307595,12.185879537295571,11.396226415094349,11.958439521662424,5.892825351611175,8.426483233018045,3.0973451327433787,-2.5364489714399863,3.228173147468816,-1.3615733736762503,0.0830151087497954,-1.3157894736842146,-1.9431988041853527,-0.8334780343809745,-0.6348145673237604,0.3341820496499004,-4.508196721311474
2007-01-01,Argentina,60.97,58.39,59.38,62.67,67.7,63.01,52.21,64.07,61.95,2.69,21.00921105326392,4.976112179686054,4.675473865594482,-2.024378456747033,9.840159840159869,9.053724053724045,8.80768039640758,1.2212045517624004,7.9638614689643505,2.0519835841313228,16.20298241709326,-0.0513522766176,1.424726927338904,-4.072468256426132,10.54859763626743,4.157165409577268,6.833712984054663,-1.346485047753243,8.510979323609558,2.281368821292773,6.9877049180328,3.749111584932474,9.185412406271286,2.7704047777040497,11.41333333333334,0.5758807588075898,6.758886359656802,5.934767989240086,7.3750991276764655,15.450643776824036
2007-02-01,Argentina,59.54,56.5,59.45,60.49,65.54,60.34,52.73,60.51,60.18,2.58,20.35384374510727,5.699641842657788,2.6206742076380296,-2.766524520255864,9.323015050880512,7.253979739507965,8.107121119902638,-0.1365523268516577,7.8161045809074015,1.1984021304926706,19.542053956019046,5.726047904191622,-3.1685069611137817,-5.362478377103319,5.60405027932962,6.483969192190586,5.905371753824262,-4.282994923857864,6.534460338101433,-1.526717557251911,0.9959777820340854,-3.236855625963353,-5.556422662712645,-2.857142857142858,-3.478538375618323,0.1178848097002305,-2.3454157782516027,-4.2374226313283465,-3.1905465288035395,-4.089219330855009
2007-03-01,Argentina,58.84,56.17,58.67,59.75,64.81,60.79,50.92,61.11,60.48,2.59,14.21662025501982,2.553956834532367,-3.617772241254036,-7.059242671009769,4.073968705547659,3.2456956724057573,3.580710366734041,-5.360538623631605,5.11092240738773,-1.1320754716981352,7.3808519611977985,2.2388059701492717,-8.791044776119406,-11.462450592885387,-3.285853026869534,-0.6939742721733144,-1.7039759438690183,-10.15370972509606,0.4650441791970161,-4.074074074074085,-3.4325810733927486,-0.5840707964601788,0.9915716410510588,0.4985044865403631,-1.2233427012729448,-1.312026913372588,-1.1756802149815226,0.7457739476300906,-1.1138236191638784,0.3875968992248069
2007-04-01,Argentina,52.8,52.28,50.75,54.14,60.14,52.08,46.19,51.01,53.15,2.14,12.92486246137612,2.1741823587710485,-8.428813918947597,-11.2263139077583,1.101576994434117,-0.9502023579095686,0.6349206349206105,-9.861573688592827,2.695563103132237,-6.99745547073789,12.220602526724988,-1.4700339238597817,-13.586312044723028,-16.81014243230553,1.3478098090602852,-8.69017632241813,-2.258422806368021,-15.261958997722102,1.1436259670366544,-15.748031496062984,-9.289080911233317,-6.925405020473563,-16.527573228604165,-12.119708994708988,-9.389121338912132,-13.49923299812511,-10.265125764785864,-14.328014476065142,-7.205678136090111,-17.37451737451736
2007-05-01,Argentina,52.92,50.31,54.67,52.69,58.61,52.76,47.38,50.02,55.51,2.23,6.195795972365148,-1.2318029115341744,-12.715331610680447,-13.034089156254824,-3.916479206321744,-4.085807809212061,-3.5630567276137004,-12.885920159890595,-1.1949617827538006,-10.077519379844968,-0.2106149957876835,-4.607508532423211,-16.256487527205753,-10.884572162465888,-9.420663572288124,-3.101736972704716,-6.765327695560252,-13.522373381412889,-5.177155800032363,-10.8,2.576315219744552,-3.7681713848508047,-1.9407959223681548,4.440263405456246,-2.678241595862585,7.72413793103448,0.2272727272727426,1.3056835637480724,-2.5440638510143,4.205607476635498
2007-06-01,Argentina,51.32,52.06,52.16,50.61,58.13,50.16,45.66,45.5,54.82,2.07,1.7168322618351883,-4.731103308076145,-20.07745172902804,-14.823112593132915,-7.676068726910223,-7.756248902417595,-7.24706160297679,-17.39501172457898,-3.570844463828171,-16.688227684346714,-5.348258706467668,-7.907305855298075,-29.54475069681015,-16.623574144486696,-14.133016627078389,-11.33775284718681,-12.318469161113963,-23.03206997084549,-6.483268983268975,-23.04832713754648,-3.63022372308992,3.4784337109918573,-9.036385445821685,-1.2430192758061565,-3.9476181438603097,-4.59118346442291,-3.023431594860171,-4.927975739196366,-0.8189728715236266,-7.174887892376692
2007-07-01,Argentina,50.18,47.94,51.42,50.14,56.51,49.86,44.16,45.39,54.33,2.0,-4.907125034654847,-9.233091787439609,-23.6094546243088,-13.62778010910619,-12.03852327447833,-9.27072583419334,-10.755360342137198,-18.543399445510765,-7.476635514018692,-18.393782383419687,-9.060955518945644,-14.894372448073856,-24.53865336658354,-13.210862619808315,-12.54142682714111,-13.09785364204834,-13.093176307585727,-18.768328445747805,-10.698482932996212,-20.948616600790505,-3.285151116951379,-7.913945447560511,-0.2417582417582386,-0.8938343670193416,-0.9286702232760292,-1.4187116564417068,-2.221356196414659,-0.5980861244019087,-2.786857044555313,-3.3816425120772875
2007-08-01,Argentina,46.61,46.17,50.04,44.77,54.49,45.87,39.47,40.78,50.95,1.86,-8.809423049795463,-12.999226236533534,-28.10810810810812,-15.232699740562294,-15.321501309281349,-12.0714326598363,-13.954569220937652,-21.572949145253205,-10.309169008856124,-22.28047182175622,-12.249888839484214,-16.282864913871254,-30.19513865114687,-15.812954395241242,-19.44944224541201,-11.761594075119032,-16.55925528105979,-22.8686732806457,-13.686044669729135,-22.821576763485474,-10.62047101449275,-3.692115143929908,-10.15642211940956,-6.221240566905939,-10.710011966493816,-2.683780630105026,-7.1143882024711,-8.002406738868839,-3.574588568394965,-6.999999999999995
2007-09-01,Argentina,49.21,46.91,50.13,49.36,56.89,47.94,42.79,43.97,51.92,1.89,-11.402340738664227,-15.359222135526084,-28.166915052160967,-15.38378727527181,-16.9382232713455,-12.693658929908423,-15.3868443929296,-21.69718770438194,-12.31982452475453,-22.50673854447438,-12.939979654120036,-14.91021222564848,-29.760383386581463,-17.14012128949888,-18.789075353734784,-13.194805194805191,-16.522476675148432,-23.4552131566342,-12.571077301367753,-23.790322580645164,8.411451735495312,1.6027723630062771,7.822461991172136,1.9038272816486623,10.252401161492063,0.1798561151079125,5.578202102553109,4.512753433616745,4.404477885850611,1.6129032258064502
2007-10-01,Argentina,47.9,47.36,50.0,46.86,55.79,45.19,42.73,39.05,51.33,1.68,-14.066689584049508,-14.49619482496195,-32.837845168990384,-16.675672754782234,-20.385114913320912,-14.394025766731266,-17.657843474275236,-24.7428262046562,-13.589372480099238,-26.917900403768524,-16.738113795791122,-12.247544932369836,-38.31938082451431,-17.049127343244997,-22.838794664910257,-17.979002624671914,-19.80579273396953,-27.8115015974441,-14.511186025130252,-33.85826771653544,-0.1402196774947461,0.959283734811356,-11.189447350466232,-1.1363636363636465,-5.064829821717987,-0.2593257530420945,-2.662060556797408,-5.7363370880267,-1.933555985234669,-11.111111111111104
2007-11-01,Argentina,51.45,48.06,53.21,51.46,58.17,52.96,43.23,50.07,55.86,1.98,-14.474558256941696,-13.011856741229687,-28.21467098166127,-13.887535855387778,-17.27074113495042,-14.29689246590653,-15.720201962897828,-21.07083040682911,-11.55458922192888,-25.60321715817694,-13.660874775314568,-11.848862802641236,-15.834594049420067,-7.25552050473186,-9.719298245614038,-11.625975751536288,-10.661573189789896,-11.526896090878711,-7.431572246976447,-18.852459016393443,1.1701380762930036,1.4780405405405483,28.220230473751617,8.825248392752783,9.816474605207004,6.420000000000004,7.41127348643007,17.19406948439921,4.265997490589712,17.85714285714286
2007-12-01,Argentina,51.51,50.39,50.79,52.26,60.39,51.93,42.21,49.17,54.69,2.04,-14.661428856781422,-11.506949080536522,-23.798765704209835,-11.245134053402062,-13.44982181859984,-14.544142944342696,-13.512583844522174,-17.511267450807967,-8.788909233586184,-22.02462380300958,-13.504098360655735,-10.465529495380244,-16.20654396728016,-9.273390842733908,-7.093333333333341,-13.97357723577236,-9.805638241989143,-12.69334229993274,-4.218873909595555,-12.446351931330469,-2.359472588480216,4.848106533499785,-1.7974835230677,-2.0945220193340552,1.554605518849583,-4.548017289983086,0.1166180758017443,-1.9448640483383683,3.816400206291904,3.030303030303028
2008-01-01,Argentina,55.04,53.85,56.21,54.73,63.43,55.59,46.11,51.73,59.46,2.37,-12.92692613185068,-9.982859507063058,-17.158691834942942,-6.823413350871421,-9.930650295588928,-10.311817723786588,-10.058632663516832,-11.993419248697544,-5.992045043648952,-14.343163538873982,-11.683585520015328,-7.77530399040931,-19.26018417356017,-4.019370460048433,-12.669538854316263,-5.338497810710685,-9.726094800721665,-11.775908585938732,-6.307237813884791,-11.89591078066914,9.239516702203264,6.866441754316344,5.206426682936738,8.721886999451467,4.726368159203975,10.67139200630045,6.853038245000964,7.047949162333911,5.033946017552582,16.176470588235304
2008-02-01,Argentina,52.03,47.81,50.5,54.17,59.93,50.95,45.2,47.34,54.56,1.98,-13.152074931702874,-11.170181690716827,-19.109461966604822,-7.5105531494984,-10.17223120227414,-11.452184179456903,-10.719513568291884,-13.323852759393972,-6.388506801161553,-15.921052631578924,-14.280295846766531,-15.380530973451323,-21.764997521070896,-9.338650714523087,-10.448007935195902,-15.054667788057197,-12.613369163587496,-15.561816373881342,-8.559658223985366,-23.25581395348838,-1.9735415311212257,-11.216341689879297,-8.486371544558269,-8.240834174234779,-1.0232048236798796,-10.158334815869065,-5.46875,-8.346824968519517,-5.517893741131951,-16.455696202531655
2008-03-01,Argentina,45.51,45.45,46.37,45.04,53.99,43.8,38.75,39.45,48.14,1.86,-16.553317079430276,-14.00093534432363,-25.402552641499263,-11.198729532884313,-15.838390465256149,-13.757746478873234,-14.926122107610809,-18.35559900076028,-10.451906084322138,-20.992366412213737,-23.90023566378633,-19.084920776215064,-35.44428080510554,-20.40343915343915,-24.61924686192469,-20.964717913754903,-22.654656696125095,-27.948675769040964,-16.694954482332967,-28.18532818532817,-14.269911504424782,-4.936205814683115,-16.666666666666664,-11.766862170087975,-16.854347424773863,-8.178217821782185,-12.531231981549109,-14.033366045142303,-9.911563490739194,-6.060606060606055
2008-04-01,Argentina,45.62,44.61,46.43,45.45,52.9,45.73,38.23,39.25,52.22,1.74,-18.45969033635877,-16.417096089724136,-26.98835660082255,-10.868189402220818,-17.04323890354399,-15.141825072540993,-16.36873466526464,-18.89613763639515,-12.42584912593838,-23.666210670314648,-17.233167352240752,-14.671002295332825,-23.054303077827875,-1.749764816556909,-16.050978943479866,-8.512315270935966,-13.598484848484848,-12.192780337941633,-12.038576654472898,-18.691588785046733,-1.3419354838709707,-1.8481848184818568,-0.5069708491761804,8.475280432073106,0.9103019538188262,0.1293940047444541,0.2417051197538988,4.406392694063932,-2.0188923874791653,-6.451612903225811
2008-05-01,Argentina,40.31,36.98,40.56,41.16,47.04,39.31,34.59,29.64,48.97,1.33,-22.783583639006167,-19.979843789367575,-33.18120143086222,-11.712191084308854,-20.968903829991596,-18.72752757633005,-20.126397666504616,-22.21215963291675,-16.1418609718893,-29.166666666666664,-26.99451245251161,-26.4957264957265,-40.74370251899241,-11.781660961988829,-21.882710191687227,-25.80940186573989,-23.828420256991688,-25.492797573919635,-19.74065859068418,-40.35874439461883,-9.52131833638502,-17.10378838825376,-24.48407643312101,-6.223669092301797,-9.438943894389451,-12.642687917294849,-11.639631740464695,-14.038924119833796,-11.077504725897924,-23.5632183908046
2008-06-01,Argentina,39.6,36.52,38.7,41.04,47.27,40.24,31.29,29.64,49.91,1.21,-25.22444875386053,-23.62754607177497,-32.757797038149185,-7.572791778810883,-18.92149390243901,-20.23733976392944,-20.064951604686694,-19.174193548387095,-16.774084124830402,-33.54037267080745,-31.47174770039421,-29.8501728774491,-34.857142857142854,-8.956585187887633,-18.90930646117368,-25.80521472392637,-22.837100545596257,-19.776714513556616,-18.68226389127817,-41.54589371980676,-9.540329575021689,-1.2439156300702914,0.0,1.919542577088018,-0.2915451895043719,-4.585798816568043,-1.7613495410568114,2.365810226405496,0.4889455782312923,-9.022556390977456
2008-07-01,Argentina,40.47,39.03,39.49,41.47,48.58,42.24,30.6,33.71,50.77,1.27,-29.67930029154517,-25.134721575410826,-34.00752253211269,-9.115753674237814,-19.401720542231505,-24.960505529225905,-22.04377671286104,-20.28406859536588,-17.52380952380953,-39.52380952380952,-30.706521739130423,-18.585732165206505,-25.73254020709407,-6.552549236149452,-17.291583566015156,-23.201089070400617,-19.3503387803906,-15.282791817087835,-14.032914528402053,-36.5,-2.2051773729625967,6.872946330777641,13.73144399460189,1.7231015828491405,1.0477582846003974,2.0413436692506397,2.196969696969697,4.97017892644136,2.771313729638236,4.958677685950419
2008-08-01,Argentina,41.38,41.35,43.54,40.15,47.98,44.27,31.89,36.12,52.41,1.39,-27.465387887694327,-20.024628856810565,-24.45507708665602,-4.378513429106823,-15.70918086860913,-20.75901575315714,-18.000135034771457,-13.119473575981877,-14.958907349376217,-34.738617200674526,-19.204459082847723,-10.439679445527394,-11.42717018146151,2.8655544651619014,-10.319410319410329,-12.989608313349322,-11.22076807552027,-3.4881185960322525,-11.9471462653698,-25.268817204301087,4.215686274509811,5.9441455290802026,7.149213883120731,3.230254087059281,-3.183023872679047,10.25576095213978,2.248579194465039,4.805871212121216,-1.2350761630300575,9.448818897637778
2008-09-01,Argentina,44.41,43.58,42.88,45.53,51.5,44.51,37.21,37.69,51.33,1.44,-21.1358962189527,-12.097574812083378,-17.3812816966344,-1.7111959287531842,-11.866638940874752,-16.940431426875126,-13.520547945205475,-8.804900118326719,-11.811305021144802,-28.695652173913054,-13.040430007010984,-7.098699637603922,-14.282465317261773,-1.1363636363636465,-7.759319286871957,-14.462397765808898,-9.754115017272923,-7.154776804338758,-9.474424327649857,-23.809523809523814,16.68234556287238,5.392986698911728,4.346622369878195,-2.060675443617632,13.399750933997524,-1.5158474965548896,7.322377960367321,0.5421278518183748,7.336390162567752,3.597122302158273
2008-10-01,Argentina,40.11,39.54,38.99,40.93,50.41,42.98,26.95,33.74,52.23,1.38,-23.153852308184643,-11.371404158359432,-13.12600969305332,1.147859922178962,-10.199304915242225,-16.487980289005797,-12.399109379348738,-5.2086330935251945,-10.336782915594911,-22.467771639042358,-36.929557687807154,-16.51182432432432,-13.597951344430204,1.7533606078316666,-12.65471617584294,-22.02,-16.263048016701465,-4.890462491701708,-9.643305251837251,-17.85714285714286,-27.573233001881214,-9.270307480495642,-10.480233483682666,1.7533606078316666,-10.10322864045684,-9.071828358208956,-9.68250394055392,-3.437429791058189,-2.116504854368939,-4.166666666666674
2008-11-01,Argentina,39.12,36.42,40.09,39.37,46.89,45.13,25.34,33.9,56.37,1.43,-30.48543689320389,-16.012084592145015,-20.858065970395977,0.5153667274212737,-14.795503791982656,-20.464327637928783,-16.77436725901993,-9.220343623793536,-12.906057945566277,-23.42342342342342,-41.38329863520704,-24.219725343320853,-32.29478729778311,0.9129967776584368,-23.493975903614466,-24.657019357263664,-23.96501457725948,-14.784743202416916,-19.391438886023728,-27.77777777777778,-5.974025974025976,-7.890743550834589,0.4742145820983978,7.926479035037337,-3.811385291961889,2.821236214413947,-2.4682124158563967,5.00232666356446,-6.98274151953977,3.6231884057970953
2008-12-01,Argentina,37.04,39.53,36.92,36.36,45.23,42.24,23.64,33.38,51.21,1.37,-40.75836779277521,-20.794184212331103,-26.95061103478198,-1.278724981467727,-22.526231903307227,-24.675324675324678,-22.928543020018555,-13.146321961620444,-18.25064525379985,-26.66666666666667,-43.99431414356787,-21.551895217305017,-32.113077079520025,-6.36313768513439,-30.42479908151549,-27.308525300255948,-28.091632692681035,-18.659734257654527,-25.10349395595298,-32.843137254901954,-6.708760852407258,8.539264140582103,-1.5339233038347944,-9.153805215540178,-7.645415290830582,-7.907208780244456,-5.316973415132919,-6.403722579215598,-3.540200469183208,-4.195804195804187
2009-01-01,Argentina,41.19,39.75,42.7,40.76,51.25,46.71,25.63,34.95,58.46,1.5,-43.283922462941845,-24.031516743269865,-32.284559846327085,-2.3351567554849684,-26.48153991795519,-25.279320891330126,-25.727848101265817,-16.450648055832506,-21.22094620583549,-32.707355242566514,-44.4155280850141,-26.183844011142064,-32.43765706553256,-1.6818028927009787,-25.525306047871364,-24.034869240348687,-25.16351744186047,-15.974096060442534,-19.202270219139205,-36.70886075949368,8.417935702199664,0.5565393372122474,4.703415218693818,14.15739113454404,12.101210121012109,15.655471289274114,11.204103671706257,10.582386363636353,13.309750165819146,9.48905109489051
2009-02-01,Argentina,39.44,38.12,38.9,40.15,46.81,46.65,24.87,32.77,60.54,1.38,-44.472738166566806,-22.7885563959224,-31.79978413383701,0.889099638432822,-27.233804914370808,-24.749206349206343,-25.797704628578632,-14.431753644222855,-22.019047619047623,-33.489827856025045,-44.97787610619469,-20.267726417067568,-30.77735530207013,10.960410557184751,-25.88148421635592,-22.97029702970297,-24.197578320199888,-8.439646712463212,-21.892207575504752,-30.303030303030308,-2.9652750682793494,-4.100628930817618,-6.237482117310444,3.55798836811494,-1.4965652600588797,-8.899297423887598,-4.2486040301043975,-0.1284521515735437,-8.663414634146338,-8.000000000000007
2009-03-01,Argentina,37.45,37.3,38.6,36.84,46.4,45.37,20.58,30.64,60.1,1.36,-45.34830078425343,-21.711644347766978,-28.992203291943408,10.44647261963494,-23.50915941275822,-21.478965246929704,-22.611089264648065,-7.722495676466679,-18.54524950662532,-31.723027375201283,-46.89032258064516,-17.931793179317946,-22.3320659062104,24.84420440382218,-18.206039076376545,-16.75652361440586,-17.710393320149407,3.584474885844746,-14.05815891831821,-26.881720430107524,-17.249698431845605,-2.1511017838405038,-6.499847421422045,-0.7267922035018137,-8.244084682440834,-0.7712082262210762,-5.045638945233256,-2.7438370846730957,-0.8758812219611278,-1.4492753623188248
2009-04-01,Argentina,37.54,36.88,37.84,37.57,45.16,46.95,20.53,32.24,61.65,1.35,-45.99770829923063,-18.54645680713717,-24.11139320850525,17.667183062225654,-20.8074104797456,-19.51151430565249,-20.068454875663576,-1.07488610478359,-17.054310034768005,-26.70250896057348,-46.2987182840701,-17.327953373683023,-17.859872611464965,18.05821524320184,-17.33773377337734,-18.500969200947655,-17.711530030688294,2.6678329324294925,-14.631379962192826,-22.413793103448263,-0.2429543245869636,-1.1260053619302823,5.22193211488251,2.579034941763725,1.9815418023886977,-1.968911917098437,0.2403204272362957,3.4824774079788456,-2.6724137931034564,-0.7352941176470562
2009-05-01,Argentina,39.09,40.62,39.71,38.28,45.08,48.81,23.39,,,1.32,-42.1887604194676,-9.63476070528968,,,-14.40182301557159,-12.90491901619677,-13.207547169811306,9.538963054951877,-11.232378353797202,-18.25557809330628,-32.379300375831164,9.843158464034609,,,-6.997084548104948,-2.0956607495069117,-3.026544281815924,24.166878656830317,-4.166666666666674,-0.7518796992481258,13.930832927423277,10.14099783080258,,,1.8898056960340748,4.941860465116266,4.128929142248272,3.961661341853029,-0.1771479185119551,-2.222222222222225
2009-06-01,Argentina,40.21,37.52,39.71,41.3,46.74,48.37,25.51,,,1.34,-33.31092114110075,-2.6162052324104623,,,-8.225616921269108,-6.706977484286747,-6.922647972596197,15.0462962962963,-6.949256164662721,-6.308411214953258,-18.47235538510705,2.7382256297918905,,,0.6335282651072083,2.609819121447021,1.540404040404031,20.20377733598409,-1.121218531838375,10.743801652892571,9.063702436938858,-7.6317085179714255,,,7.889237199582011,0.0,2.8651829112304794,-0.9014546199549334,3.682342502218283,1.5151515151515138
2009-07-01,Argentina,42.35,41.63,42.17,42.67,49.99,50.17,26.89,,,1.23,-21.444859038142628,6.43383986492494,,,-1.148217029190579,2.3915789473684117,1.0549925236750468,20.98694474094753,-0.7558261599831861,2.09973753280841,-12.124183006535947,6.661542403279541,,,2.893658066071869,6.786528234996192,4.645416357795895,18.77367424242424,2.9024289831206307,-3.149606299212604,5.409643277146214,10.954157782515985,,,3.3171912832929973,6.194913120120882,5.322059189256412,3.72131486458549,6.9533590072742735,-8.208955223880599
2009-08-01,Argentina,40.69,38.51,39.48,42.03,46.75,46.29,29.03,,,1.11,-13.169119215184477,0.6501283147989589,,,2.7229740746779862,-0.3039513677811745,1.4820913956360648,14.264299802761338,-0.2433428352916489,-4.909560723514206,-8.968328629664468,-6.868198307134232,,,4.682440846824409,-9.324758842443735,-1.6674722087965277,4.562909419471417,-2.5635681533972443,-20.14388489208632,7.958348828560813,-7.494595243814572,,,-1.4998828216545634,-6.378942376096763,-3.91971664698938,-7.73370540163445,-6.481296259251856,-9.756097560975595
2009-09-01,Argentina,40.03,41.33,42.4,38.27,45.89,44.98,29.21,,,1.22,-14.613841524573722,-2.0087124878993223,,,-3.2874557609123056,-1.477245651655934,-2.526532551877081,7.952984277209585,-3.667432122112657,-13.170731707317074,-21.499596882558446,-5.162918770078018,,,-15.945530419503616,-1.1194029850746356,-9.862643548750272,1.0559424848348709,-10.89320388349514,-15.27777777777778,0.6200482259731244,7.322773305634911,,,-8.945990958838923,7.396149949341435,-1.6220201523715838,-2.829984877943404,-1.8395721925133723,9.909909909909898
2009-10-01,Argentina,39.03,39.73,39.45,38.59,46.49,43.82,26.79,,,1.15,-11.473191046330031,-3.9366915722664255,,,-6.097464655240492,-3.2533290806155746,-4.8848292295472495,2.5273224043715903,-7.178597638268059,-17.339667458432295,-0.5936920222634479,0.4805260495700514,,,-5.7170779379428165,1.1797896896640123,-2.6925953627524257,1.954397394136809,-7.776234874032917,-16.666666666666664,-8.284833960972271,-3.871279941930805,,,0.836164097204084,-6.957547169811306,-2.4981264051960994,-2.578923966207192,1.3074743952930843,-5.737704918032794
2009-11-01,Argentina,40.49,38.59,39.62,41.57,48.11,45.04,28.33,,,1.16,-5.7765363128491565,0.0920194077296265,,,-5.880950488754677,-0.4017710724827816,-3.3079909414428954,0.9199215804554406,-5.584677419354833,-16.94117647058825,11.799526440410402,5.95826468973093,,,5.588011176022367,-1.1723621850835753,3.502044989775066,-0.1994238865499764,2.601834079761134,-18.881118881118887,5.748413587159384,-2.8693682355902195,,,7.722207825861616,0.4309252217997272,3.740712272610813,2.7841168416248285,3.48462034846202,0.8695652173912993
2009-12-01,Argentina,40.22,41.73,40.6,39.55,49.68,44.23,26.75,,,1.04,7.822994863690247,3.9483938003290087,,,2.614435110577751,3.1637931034482536,2.984432785757285,2.102032988108915,1.2278116887672883,-19.85645933014355,13.155668358714044,5.565393372122429,,,8.773377337733756,9.967497291440951,8.585313174945997,4.711174242424221,9.838602697324797,-24.08759124087592,-5.577126720790671,8.136823011142758,,,-4.859273514553775,2.4734982332155653,-0.6668313163744166,-1.7984014209591503,3.2633548118894184,-10.344827586206884
2010-01-01,Argentina,45.56,45.7,44.66,46.03,53.67,49.46,33.55,,,1.26,18.791046776571505,8.919619706136551,,,9.151000085844284,4.318770361707447,7.6011930123562,3.4680787589499,5.642742554230318,-19.534883720930228,30.90128755364807,14.968553459119494,,,12.92934249263986,4.590163934426217,10.609371206603546,5.887390280453864,4.721951219512199,-16.000000000000004,25.420560747663544,9.513539420081486,,,16.38432364096083,9.999999999999986,13.276976628543014,11.824553470495156,8.031400966183577,21.153846153846143
2010-02-01,Argentina,43.54,46.2,42.97,43.07,50.3,45.87,34.45,,,1.19,27.798759104397064,13.824531516183969,,,9.704101645774688,8.192710091123857,9.90056938896915,2.9203539823008606,7.230092818759171,-17.88235294117647,38.52030558906314,21.196222455404,,,7.272727272727275,10.46272493573266,10.395537525354982,-1.67202572347267,7.455671864986102,-13.76811594202898,2.6825633383010583,1.0940919037199182,,,-6.4305887464697005,-3.7841468875951634,-4.4337137840210765,-7.258390618681765,-6.279113098565315,-5.555555555555558
2010-03-01,Argentina,41.38,42.43,39.82,41.97,49.18,44.95,30.02,,,1.34,37.9009566685425,16.63627680819659,,,11.312101910828009,6.031613976705463,10.501355013550162,1.1172781662221576,6.01550602242833,-10.6132075471698,45.86977648202139,13.753351206434328,,,13.92508143322475,3.160621761658033,10.493991989319085,-0.9257218426272696,5.991379310344835,-1.4705882352941235,-12.859216255442671,-8.160173160173168,,,-2.5539818899466,-7.330695834303002,-4.960955443270542,-2.005668192718546,-2.226640159045723,12.605042016806744
2010-04-01,Argentina,43.48,45.07,41.54,44.12,48.65,47.6,34.18,,,1.39,49.51500454683235,19.05609973285842,,,12.74441340782122,7.794347147563729,12.2083369745696,-0.3957688709793294,7.053552070535507,-4.1564792176039145,66.4880662445202,22.20715835140996,,,17.434122970455146,9.778012684989411,15.823122003196575,1.3844515441959526,7.728077945084144,2.962962962962945,13.857428381079284,6.222012726844217,,,5.1227066952585165,4.319437468608744,5.074915418076342,5.895439377085654,-1.0776738511590112,3.731343283582067
2010-05-01,Argentina,48.61,49.84,44.6,50.54,54.1,50.69,41.03,,,1.59,63.14728682170543,19.63414634146341,,,21.24412104002129,8.445975032285835,16.996844319775594,1.4950754623397122,11.189988290398144,7.196029776674928,75.41684480547242,22.698178237321542,,,32.027168234064774,12.314278519264676,24.354054745459173,3.851669739807417,20.008873114463174,20.45454545454546,20.040959625512,10.583536720656772,,,14.551223934723478,7.366393837265295,11.798528058877643,6.491596638655461,11.202466598150052,14.388489208633114
2010-06-01,Argentina,47.63,50.87,47.55,46.71,54.29,50.43,38.17,,,1.61,63.30116664266168,26.743175099982608,,,20.67434912505337,14.01159815793962,19.58233481684355,3.1846249913272784,14.644473645787714,14.463840399002503,49.62759702077617,35.581023454157766,,,13.099273607748184,19.74313774867791,18.45312111415072,4.258838122803388,16.15318784766795,20.149253731343286,-6.97050938337801,2.066613162118758,,,-7.578155916106056,6.614349775784745,-2.01604608105328,-0.5129216808048898,0.3512014787430573,1.2578616352201255
2010-07-01,Argentina,48.1,47.94,47.81,48.31,52.66,50.41,41.23,43.44,57.39,1.69,58.89959097506268,24.11288302579944,,,19.067484662576707,15.108150341310967,18.651870119194403,2.836783169324719,13.56744940413228,25.70694087403598,53.32837486054294,15.157338457842885,,,13.217717365830794,13.374436803414746,13.577331759149946,0.4783735299979996,5.341068213642708,37.398373983739845,8.016767094576881,-5.759779830941614,,,3.425390708627707,0.5467928496319718,0.9867730422002952,-0.0396589331747021,-3.002394547798859,4.968944099378869
2010-08-01,Argentina,50.37,49.34,48.89,51.53,56.4,51.63,43.09,45.25,58.01,1.8,50.4236767776004,25.91364949855517,,,16.309523809523817,18.86123928806857,18.53955375253549,5.275150176068477,13.848620016727043,38.58695652173911,48.432655873234594,28.122565567385102,,,22.602902688555805,23.83485309017226,23.789628901449976,11.535968891769288,20.641711229946512,62.16216216216215,4.511278195488733,2.9203170629954256,4.166666666666674,1.0803275832026449,6.665286690126271,2.2589416440075283,4.7193347193347,2.4201547312041383,7.102164830991264,6.5088757396449815
2010-09-01,Argentina,48.83,50.16,49.31,48.17,54.86,49.26,42.38,41.36,57.17,1.77,48.831199342182565,21.379764550917923,,,20.36269008701308,17.702539298669873,19.687982449012758,6.9711538461538325,14.926733506275005,47.75280898876404,45.08729887024992,21.36462617953061,,,25.868826757251107,16.297169811320767,21.983512365725687,9.515340151178297,19.54674220963173,45.08196721311475,-1.6477140867950824,1.6619375760032362,-8.596685082872934,-1.4480262023788937,-6.520473510576363,0.8590713847412612,-3.0573754218781057,-4.590354445090073,-2.7304964539007104,-1.6666666666666718
2010-10-01,Argentina,50.05,50.96,50.08,49.77,55.13,49.75,45.28,42.04,57.47,1.7,53.76925790897331,25.83423935769844,,,25.721254941542583,22.21214868540344,24.634655532359083,11.510844622103766,19.593186228706983,51.43678160919541,69.01829040686825,28.26579411024417,,,28.971236071521123,26.94550063371355,28.23469126313092,13.53263350068461,18.58464185846418,47.82608695652175,6.842850401132616,1.594896331738438,1.644100580270802,0.5247507433968845,3.321569441561145,1.5615493814642,2.498464058980132,0.9947218838814552,0.4921618665694627,-3.9548022598870136
2010-11-01,Argentina,55.36,54.94,54.65,55.9,60.04,59.14,46.91,53.8,64.48,2.42,59.57547729159253,30.430422064354374,,,29.899518703031337,26.813204906561296,29.017147636971984,18.16347878063358,21.02640757349277,66.85552407932016,65.58418637486763,42.3684892459186,,,34.471974981958134,37.93538616860173,36.725117312916765,31.30550621669628,24.797339430471844,108.6206896551724,3.5998233215547515,7.8100470957613854,27.97335870599429,12.197668348703685,12.316656620454069,9.125399361022367,10.609390609390612,18.87437185929648,8.906221657899493,42.352941176470594
2010-12-01,Argentina,53.21,53.91,52.96,53.15,58.55,56.91,44.19,52.16,61.65,2.34,66.58116526200072,33.11953352769683,,,32.67062066661099,31.770702765939674,32.47035243026557,24.577353670448577,20.4047685056834,92.83582089552247,65.19626168224298,29.18763479511144,,,34.38685208596715,30.443349753694584,32.297364495275986,28.668324666515943,17.85426731078905,125.0,-5.79833724152633,-1.8747724790680764,-3.0483271375464693,-4.388957816377181,-4.919499105545622,-3.092406221408961,-3.883670520231208,-3.770713561041605,-2.4816788807461743,-3.3057851239669422
2011-01-01,Argentina,55.69,55.42,54.11,56.68,60.16,55.75,51.16,54.85,52.15,2.16,60.509985332280245,30.35232502777334,,,30.3421156114825,29.50032030749521,30.08632295873919,23.837670294817272,18.017958536907415,100.0,52.48882265275707,21.269146608315094,,,23.137084510102103,21.159874608150474,22.234416154521508,12.71734735139507,12.09241662008569,71.42857142857144,15.772799275854265,2.8009645705806108,5.157208588957074,-15.409570154095697,6.641580432737548,2.171450151057397,4.660778049238856,-2.038306097346687,2.7497865072587446,-7.692307692307676
2011-02-01,Argentina,53.96,51.38,52.57,55.53,58.57,56.85,46.46,53.16,50.54,2.18,49.66754617414249,20.264910573972905,,,28.53478429848426,24.49504796069561,25.935663470460906,21.46030381198049,15.37910836316303,91.40401146131808,34.8621190130624,11.212121212121207,,,28.92964940794056,22.34116825692345,23.93201653651815,23.937213865271435,16.441351888668,83.19327731092439,-9.186864738076617,-7.289787080476362,-3.0811303555150493,-3.087248322147651,-2.0289343683839056,-2.846054333764547,-3.106482312803016,1.9730941704035887,-2.64295212765957,0.92592592592593
2011-03-01,Argentina,57.38,56.28,56.43,58.25,61.3,58.53,52.3,55.31,61.76,2.42,52.94837788206488,21.40251619146873,,,30.052643625543585,27.97959984307572,28.01195585530349,21.99173082406616,17.55142017629776,78.3641160949868,74.21718854097267,32.641998585906194,,,38.78961162735288,41.71270718232043,38.66602223296278,30.21134593993324,24.644164294428617,80.59701492537312,12.569952647438654,9.53678474114441,4.044394281414609,22.200237435694504,4.89825319647037,7.342590831272577,6.338028169014098,2.955145118733516,4.661089294860843,11.009174311926584
2011-04-01,Argentina,54.42,54.0,54.64,54.41,59.05,54.86,49.34,51.89,57.83,2.19,50.126710593005576,20.91249065071059,,,30.218333849489,31.617469637255716,29.09657320872272,22.988007513365115,20.785796260041845,73.21428571428574,44.3534230544178,19.813623252718003,,,23.322756119673627,31.535869041887345,25.160993560257605,15.252100840336125,21.37718396711201,57.55395683453237,-5.659655831739952,-4.051172707889128,-6.183330320014468,-6.363341968911918,-6.592274678111599,-3.172071593124226,-5.158591843848037,-6.270288740816676,-3.6704730831973897,-9.50413223140496
2011-05-01,Argentina,55.55,54.58,55.71,55.76,59.8,55.81,51.06,52.45,59.16,2.34,45.11070987361019,20.037862239697123,,,23.26721803410672,32.40711336932358,25.38398141904548,18.123429209717944,18.574343447640352,60.879629629629626,24.44552766268584,9.51043338683788,,,10.32845271072418,24.910313901345283,14.276897757663033,10.100611560465577,10.536044362292053,47.169811320754704,3.486015403323872,1.0740740740740715,1.079206012719225,2.2998443714335126,2.4811615511854512,1.9582723279648608,2.076442484380725,1.7316806416332486,1.2701100762066098,6.849315068493156
2011-06-01,Argentina,55.71,57.03,52.69,57.05,60.8,55.75,50.58,51.83,59.67,2.29,33.1628153113424,13.602688983399648,,,18.28535049869138,21.953773655471625,18.580017177211584,11.901559978483078,14.397605705552706,48.5838779956427,32.51244432800628,12.109298211126408,,,22.13658745450653,10.809674027339655,16.964098257400796,10.549276224469573,11.991158592742668,42.23602484472049,-0.9400705052879044,4.488823744961534,-1.1820781696854188,0.8620689655172598,2.3134863701578245,-5.420929815113984,0.2880288028803024,-0.1075076151227372,1.6722408026755842,-2.136752136752129
2011-07-01,Argentina,58.07,57.86,55.71,59.49,60.72,58.15,55.34,54.76,61.54,2.48,30.349580669268448,14.00605449041372,,,18.370431437208023,17.254929979994294,17.313288069835096,11.9976242328252,12.586153368519092,45.398773006134974,34.22265340771284,20.69253233208177,26.05893186003683,7.231224952082238,23.14220658248809,16.523739803388416,20.72765072765073,15.354096409442588,15.305734903152302,46.74556213017751,9.410834321866355,1.4553743643696215,5.653096662164758,3.1339031339031376,4.276950043821226,5.731637881951035,4.236223299228148,4.304932735426004,-0.1315789473684159,8.296943231441055
2011-08-01,Argentina,57.46,56.5,55.09,59.12,60.07,60.96,51.36,56.82,65.1,2.25,28.40231855661685,15.686803914951051,,,19.86352780620948,13.337954939341422,17.20739219712528,14.684856037253248,11.166207529843897,37.64705882352944,19.1923880250638,14.511552492906365,25.56906077348067,12.22203068436476,14.729283912284096,12.681529965228066,14.075838792932306,18.07088901801277,6.5070921985815655,25.0,-7.191904589808463,-2.350501209816802,3.761869978086208,5.784855378615528,-0.621953269457054,-1.1129061209836588,-1.0504563457895633,4.832330180567501,-1.0704874835309577,-9.2741935483871
2011-09-01,Argentina,59.31,56.16,56.53,61.84,62.77,59.18,55.96,58.65,67.2,2.64,28.38200473559589,15.653825284861632,30.8958093041138,12.325433157559251,21.91743801094521,14.60173960687625,18.696537678207736,17.838730998017184,11.981454367984368,40.11406844106467,32.04341670599338,11.961722488038284,41.80367504835589,17.544166520902582,28.37865891633797,14.642060433989055,21.462215850911328,20.13804303694682,14.41851986875684,49.15254237288136,8.956386292834884,-0.601769911504435,3.2206969376979977,3.2258064516129226,4.600811907983782,2.613904519876553,3.219631047685345,-2.919947506561682,4.494756117862497,17.333333333333336
2011-10-01,Argentina,57.68,54.76,56.43,59.27,60.59,55.51,56.94,57.04,65.35,2.62,25.629063097514337,11.27209889671672,34.09249902837155,14.480162177816425,20.57938047768786,13.332883733477209,16.884422110552766,16.602496016994152,10.241000060099758,42.50474383301708,25.75088339222613,7.456828885400313,35.68030447193149,13.71150165303636,19.08780389793048,12.679712460063897,15.24475524475526,11.577889447236169,9.903863595138771,54.117647058823536,1.7512508934953486,-2.492877492877488,-2.745098039215688,-2.7529761904762085,-4.155886157826649,-0.1768972227136012,-2.748271792277868,-6.201419398445429,-3.4729966544527646,-0.7575757575757569
2011-11-01,Argentina,56.69,53.19,54.45,59.02,61.22,55.32,53.53,56.06,64.23,2.62,23.67541056699116,5.158272459310509,25.18221574344024,9.859312192943293,17.08918356734268,8.6795637496754,12.603734439834025,7.4992096111286655,8.557313415279655,33.78607809847198,14.1121296098913,-3.1852930469603247,4.200743494423809,-0.3877171215880937,5.581395348837215,-0.3659652333028229,2.402456647398843,-6.459249239093678,1.9653564290472936,8.264462809917372,-5.9887600983491325,-2.8670562454346293,-1.718092566619911,-1.7138485080336552,-0.4217985490129861,-3.508771929824561,-1.7163661581137355,-0.3422806701495196,1.0397755405182396,0.0
2011-12-01,Argentina,52.57,50.74,53.87,52.37,57.22,51.48,49.02,51.92,59.48,2.71,16.945299897345656,-0.7008322382829668,11.499999999999975,2.9738562091503606,7.454980481047735,4.477138689834481,5.245240196696499,-2.1049457177322206,3.056642873589688,23.06501547987616,10.930074677528868,-5.880170654795014,-0.4601226993864893,-3.519870235198708,-1.467544684854194,1.7182779456193398,-1.2027814320616392,-9.541381128096994,-2.27156276686592,15.811965811965823,-8.425182140855592,-4.6061289716112,-7.38494470210489,-7.395298147283213,-11.267366994239246,-1.0651974288337973,-7.267595695889928,-6.941431670282006,-6.533812479581835,3.435114503816794
2012-01-01,Argentina,57.35,49.77,56.01,60.38,60.95,55.44,55.66,51.22,59.66,2.75,11.21186559820051,-6.434528520119287,-1.0011815185622774,2.855059457033904,3.6444819887769375,1.6139005688844854,1.4306587117983716,-5.564610011641447,0.3580419580419436,16.763005780346816,8.79593432369039,-10.194875496210754,-6.618049225159528,14.400767018216689,6.527875793930837,3.511365736462757,2.980786496678056,-0.5560538116591962,1.313164893617036,27.314814814814813,13.545491636066886,-1.9117067402443788,-1.348228043143307,0.302622730329527,15.295016230666423,3.972526452571001,9.0926383869127,7.692307692307687,6.518699755330304,1.4760147601476037
2012-02-01,Argentina,52.63,46.01,51.63,55.18,58.5,49.21,50.18,45.09,53.33,2.56,9.202453987730074,-8.829568788501007,-7.454579509271387,4.947060971157358,1.554184808901771,1.1713856176396975,-0.1903475377624919,-7.893339625980767,-0.3440884476534456,20.059880239520943,8.006887645286277,-10.451537563254188,-15.1805869074492,5.520379897111205,-0.6302899333693546,-1.788092067719227,-2.464788732394363,-13.438874230430963,-0.119515110124635,17.431192660550444,-9.845490477901542,-7.554751858549336,-11.967981257321348,-10.61012403620516,-8.612123219609147,-7.82003213711836,-8.230165649520483,-11.237373737373735,-4.0196882690730185,-6.909090909090909
2012-03-01,Argentina,50.22,45.77,50.26,51.52,55.15,46.46,49.05,40.92,52.0,2.26,3.315101387406627,-13.202109394162353,-15.974773450893933,0.3283672848890306,-1.9828698814971069,-3.194163447979903,-4.089085792971325,-11.698708584117323,-3.0161639726712264,11.982248520710058,-6.21414913957935,-18.674484719260832,-26.01699511842344,-15.803108808290157,-11.55364806866952,-10.933900407584618,-12.47821540606484,-20.62190329745429,-10.0326264274062,-6.611570247933896,-2.2518931845356804,-0.5216257335361796,-9.248170326014638,-2.493905869116819,-6.632837984777085,-2.653496029440261,-4.579137374121234,-5.588295061979276,-5.726495726495728,-11.71875000000001
2012-04-01,Argentina,43.83,42.31,43.07,44.73,50.76,39.12,41.63,32.42,45.81,1.9,-4.888588791357207,-17.054311518000766,-26.147418308805197,-11.162052548051484,-9.964920625483089,-11.415301882180406,-11.510617760617748,-20.82354323308271,-8.109769729488026,-1.0309278350515538,-15.626266720713422,-21.648148148148135,-37.5216804779341,-20.785059657617143,-17.7908472707223,-21.174963396778917,-19.459757442116874,-28.69121399927087,-14.038950042337008,-13.242009132420096,-15.127420998980623,-7.559536814507317,-20.772238514174003,-11.903846153846152,-13.179347826086962,-14.305610823716677,-12.724014336917566,-15.79853637537667,-7.96010879419764,-15.929203539823
2012-05-01,Argentina,46.43,45.03,45.9,47.15,52.12,44.35,42.81,36.92,51.79,2.14,-12.580222658808117,-19.25876501273808,-30.936423426244907,-16.3076923076923,-14.855717848236536,-16.518767238277967,-16.05616970421273,-23.209219858156025,-12.27865667499306,-9.35251798561152,-16.15746180963572,-17.4972517405643,-29.6091515729266,-12.457741717376605,-15.441176470588236,-17.609046849757682,-16.417641764176416,-20.53395448844293,-12.84280936454849,-8.547008547008538,2.834494355032424,6.428740250531795,13.880320789636036,13.053918358437013,5.410239213056123,6.570698862317159,5.9320100387862285,13.369120654396747,2.6792750197005555,12.63157894736844
2012-06-01,Argentina,44.38,39.88,45.78,44.93,49.71,42.22,41.23,34.15,50.28,1.99,-16.7638097761293,-23.180967332890532,-33.73247102516489,-16.291180799275452,-18.185623729219003,-17.35157016683022,-18.73491067117336,-24.474221848335542,-15.06262176454215,-11.58357771260996,-18.485567417951764,-30.071891986673684,-34.11151842562222,-15.736551030668677,-21.24452234881682,-13.114442968305172,-20.337461856040207,-24.26905829596413,-18.24013157894736,-13.100436681222703,-3.690726465779037,-11.436819897845874,-7.5027085590466,-2.915620776211625,-4.708377518557794,-0.2614379084967311,-4.415248761576562,-4.802705749718161,-4.623944742900987,-7.00934579439253
2012-07-01,Argentina,43.59,39.53,45.06,43.95,49.03,41.51,40.22,33.17,49.84,1.84,-20.843419543890963,-26.571074526464862,-34.45674044265592,-15.778677163608124,-21.0504933255949,-16.67783803546402,-20.62835882596112,-24.53008072594427,-16.799029340392668,-16.033755274261598,-27.32200939645827,-31.679917041133766,-39.42658875091307,-19.01202469938251,-26.122037317196167,-19.116855142703283,-24.93542276562769,-28.61564918314704,-19.252305665349144,-25.806451612903224,-2.4496725685180687,-0.8776328986960902,-2.8696925329428917,-0.8750994431185322,-2.181170709993318,-1.5727391874180818,-1.7800811176205469,-1.6816674561819012,-1.367934017300343,-7.537688442211055
2012-08-01,Argentina,42.74,37.58,45.11,42.92,47.8,39.6,40.81,31.62,47.59,1.8,-22.26602238046797,-31.740474940194872,-39.45290985863779,-20.71815790886156,-24.968689513833542,-16.8450669765735,-23.668535388927825,-29.46928971748828,-19.30172366319731,-19.8005698005698,-20.54127725856697,-33.48672566371682,-44.350580781415,-26.897081413210437,-27.401894451962107,-18.115810491922318,-25.61782109293421,-35.03937007874015,-20.42616946895289,-20.0,1.4669318746892257,-4.932962307108535,-4.672897196261683,-4.514446227929369,-2.343572241183167,0.1109631602308036,-1.9499885294792407,-4.601300891351478,-2.508668162349592,-2.1739130434782594
2012-09-01,Argentina,42.27,40.49,39.85,44.19,48.59,38.49,39.74,32.87,44.12,1.69,-25.753104635435875,-31.034482758620697,-42.63055865593608,-26.97585637639289,-27.37046273205874,-22.29725691746848,-26.44703729123769,-32.918279208031855,-20.777947265199398,-27.679782903663508,-28.98498927805575,-27.90242165242165,-43.95566922421143,-34.34523809523811,-28.54139715394567,-29.50645674862905,-28.73039959534648,-34.961135518756336,-22.590409431256965,-35.984848484848484,-2.6219063954913024,7.743480574773831,3.953194180898145,-7.291447783147731,2.95899347623485,-11.660385723786291,-1.09967243799719,-2.803030303030296,1.6527196652719844,-6.111111111111112
2012-10-01,Argentina,43.44,42.19,42.65,44.27,48.38,40.4,41.54,33.95,46.84,1.67,-25.67271399001583,-28.168677577350376,-42.93664135412438,-29.90134075385783,-27.104255673306344,-24.0642665873252,-26.36858698767557,-32.54198690577852,-21.07615984299189,-31.291611185086555,-27.04601334738321,-22.954711468224986,-40.48036465638148,-28.32440703902065,-25.307912940779488,-24.41963494595074,-24.687933425797503,-27.22032066294361,-20.151840237662977,-36.259541984732834,4.529441368897835,4.198567547542598,3.2856708244600075,6.165004533091589,0.1810364335822711,7.026348808030103,2.767920511000699,4.962327877370742,-0.4321876929409329,-1.183431952662728
2012-11-01,Argentina,42.71,39.88,42.23,43.84,46.76,39.75,41.63,31.52,47.98,1.69,-26.149131767109303,-25.318384010724504,-42.74235807860261,-29.39323101941256,-26.553045023038912,-25.494295442327232,-26.05941962229388,-30.21586965472619,-22.13132517065771,-35.91370558375634,-22.23052493928638,-25.023500658018417,-43.77452729218695,-25.299704188074124,-25.72009488309047,-22.44260789715337,-24.660433938966307,-28.14533622559653,-23.61973211368834,-35.49618320610688,0.2166586422725158,-5.475231097416433,-7.157584683357888,2.433817250213477,-0.9713124011746066,-0.984759671746782,-1.6804788213627964,-1.6089108910891103,-3.348491112029772,1.1976047904191711
2012-12-01,Argentina,46.43,42.15,44.32,48.92,51.02,44.02,44.25,37.32,50.72,1.84,-20.107843751959376,-21.72159556367761,-37.71058053569263,-23.019147360626256,-19.70584788468298,-21.57814871016692,-20.582245118006483,-23.498244100794764,-18.360051388035515,-34.59119496855346,-9.730722154222772,-16.929444225463154,-28.120184899845924,-14.72763954270343,-6.5877410731334685,-17.727863374791163,-11.6796652082937,-14.491064491064476,-10.835372247465912,-32.10332103321033,6.293538313716063,5.692076228686038,18.40101522842641,5.710712796998752,11.587591240875916,4.949088325834716,8.709904003746182,10.742138364779883,9.110350727117211,8.875739644970416
2013-01-01,Argentina,46.86,46.21,47.76,46.53,51.57,43.57,45.43,35.81,51.34,1.76,-17.002717906579868,-16.564736499674694,-34.26507537688441,-18.176364727054573,-18.90900622926006,-18.268119028783538,-18.37224656383169,-21.5113412228797,-16.745637995428954,-34.52970297029702,-18.3794466403162,-7.1529033554350026,-30.085903943771964,-13.945692256117992,-22.938058959920504,-14.72951258703803,-18.291194420226688,-21.410533910533903,-15.389663658736676,-36.0,2.6666666666666616,9.63226571767497,-4.046087888531613,1.2223974763406975,-4.885527391659849,7.761732851985559,0.9261253499892376,-1.0222626079054995,1.0780086240689934,-4.34782608695653
2013-02-01,Argentina,47.62,47.64,45.54,48.8,50.9,44.75,47.2,38.25,51.25,1.83,-11.610486891385774,-7.179907179907186,-24.860014841799902,-11.10917840783905,-14.1011135592211,-14.791653767568569,-13.312826822516154,-15.23730224812655,-13.120507160242244,-32.294264339152114,-5.938620964527697,3.54270810693329,-15.169660678642716,-3.900243765235323,-11.562160202972096,-11.795467751307386,-9.519285578567372,-9.063198536882744,-12.99145299145299,-28.515625,3.896103896103909,3.094568275265086,6.813739179000278,-0.1753019088430174,4.8785729636793285,-4.648241206030146,1.6218523260776774,2.708285517557951,-1.2992049641264325,3.977272727272729
2013-03-01,Argentina,46.91,45.25,45.81,48.03,51.05,43.63,46.04,36.87,50.39,1.91,-10.47194783394666,-1.7308371600141317,-19.164905632879115,-7.279229044184488,-14.19679195594924,-11.899936668777688,-11.741573033707876,-12.679504996360292,-12.0733104238259,-27.344782034346103,-6.136595310907234,-1.1361153594057316,-9.89736070381233,-3.0961538461538485,-6.774068322981375,-8.853959411062462,-6.59099960175229,-6.091261300043049,-7.434270172257484,-15.486725663716804,-2.457627118644079,-5.016792611251053,-3.607843137254907,-1.6780487804878064,-1.577868852459008,0.5928853754940677,-1.4909701805963849,-2.5027932960893784,0.2946954813359603,4.371584699453535
2013-04-01,Argentina,44.06,38.49,44.35,45.54,49.77,42.44,39.96,34.12,50.76,1.76,-5.438023569501627,-2.0210306510552667,-7.759858144051335,0.8336641524414379,-5.982962424882777,-6.387969094922719,-5.515407690209995,-2.945322353290314,-7.71850860653246,-18.15476190476189,-4.011530146528952,-9.028598440085087,5.243676742751369,10.80550098231825,1.810865191146882,2.9719061992105944,0.5247547342003278,8.48670756646217,-1.9503546099290725,-7.36842105263158,-13.205907906168546,-14.939226519337012,-7.458638459452127,0.7342726731494276,-5.184259837601502,-3.1870770574110474,-6.075463653805146,-2.727481090992445,-2.5073457394711007,-7.853403141361248
2013-05-01,Argentina,41.65,44.24,42.47,40.4,44.4,39.04,41.51,28.14,49.94,1.42,-4.479736309835958,-3.853955375253548,-10.09432251042991,0.9959893048128166,-6.576011157601124,-4.7403576815341575,-5.595102505694738,-3.7096898329869954,-8.106055812187563,-19.206349206349195,-3.036673674375157,-1.754385964912275,-23.78114842903576,-3.5721181695308024,-14.31601272534464,-7.472766884531589,-10.295067844066342,-11.972942502818496,-14.8119723714505,-33.64485981308412,3.8788788788788775,14.938945180566376,-17.52637749120749,-1.6154452324665058,-11.286780851998246,-4.239007891770019,-5.4698138901498,-8.01131008482563,-10.789632308619655,-19.318181818181824
2013-06-01,Argentina,44.49,44.65,45.16,44.06,47.92,42.53,43.03,34.51,50.54,1.74,-0.9310097875387946,0.1257663889325577,-6.493381002995468,2.272112523667857,-4.977706308018415,-2.055658627087198,-3.2976827094474137,-1.3366218474023417,-6.88118487450029,-18.40796019900499,4.365753092408453,11.960882647943816,1.0541727672035206,0.51710421638822,-1.9363454262185555,-1.3543031891655843,0.2478593961243724,0.734249171009016,-3.6008851337759,-12.562814070351758,3.661768248614794,0.926763110307416,22.63681592039799,1.2014417300761029,9.059405940594068,6.333882740758168,6.818727490996412,8.939549180327866,7.927927927927936,22.535211267605646
2013-07-01,Argentina,47.48,46.14,45.64,48.94,51.52,45.03,45.9,36.7,53.35,1.68,4.973442781265103,8.510125361620059,-4.691097467382965,1.2639062602856743,-1.933397044769536,-2.5376627175661803,-0.5803571428571574,-1.1555277951280418,-4.653320959830309,-18.927973199329983,14.12232720039781,16.721477358967874,10.642146517937888,7.04253611556982,11.353811149032978,1.287172658677305,8.924065152557903,8.47988436521321,5.078523353049147,-8.695652173913048,6.6697652800371765,3.337066069428896,6.345986670530301,5.559952512861099,11.075805719473442,1.0628875110717528,6.720611373342322,5.878203620973421,7.512520868113515,-3.4482758620689724
2013-08-01,Argentina,50.03,49.38,49.08,50.77,52.48,51.03,46.58,43.57,58.49,1.87,10.837559299852773,19.81365928711858,16.00970285021226,9.93162277435513,9.081942336874029,2.890768664950349,8.637441664754043,12.373307386686117,3.671352531731964,-6.039076376554176,14.138691497182055,31.39968068121341,37.79253636938647,22.90397142256777,18.28984156570364,8.800709377078242,17.05662143191389,28.86363636363636,9.790794979079486,3.888888888888897,1.4814814814814836,7.022106631989611,18.719346049046305,9.634489222118091,3.739272578667774,7.537248028045562,5.370682392586357,13.32445036642238,1.8633540372670727,11.309523809523814
2013-09-01,Argentina,48.65,44.24,48.83,49.86,51.47,46.3,48.17,37.46,55.14,1.77,16.46104164941624,18.843537414966004,20.550890845791532,17.965383256799704,14.12330230428811,10.406091370558368,13.654743390357682,19.030100334448186,6.911016366387024,-0.1876172607879866,21.212883744338207,9.261546060755732,13.964101003954976,24.97733454215776,12.83095723014258,22.534504391468,15.093446889046591,20.290984671343185,5.927145503189957,4.7337278106508895,3.413482181193661,-10.409072498987449,-14.023410603626353,-5.727474782014019,-1.7923970848926607,-0.5093724531377353,-2.7583449930042025,-9.269057417205572,-1.924542682926822,-5.3475935828877
2013-10-01,Argentina,51.85,50.36,50.25,53.22,54.03,50.35,51.18,41.26,59.43,1.98,19.526578753378665,19.72393148178948,24.227956115400207,24.90797546012271,17.10305982645761,16.103753624324103,17.18956792526276,24.634990294539616,9.12481867790289,8.914728682170558,23.206547905633123,19.36477838350321,21.53166421207657,26.8787361229718,20.216851140727357,17.819460726846437,19.36003683241254,24.62871287128714,11.678379495659351,18.562874251497007,6.248702511936877,13.833634719710664,10.14415376401494,7.780195865070727,6.738868832731648,2.9080483309440908,6.57759506680371,8.747300215982733,4.973771128812898,11.864406779661008
2013-11-01,Argentina,49.89,47.62,49.74,50.64,51.55,49.25,48.85,40.5,58.0,1.85,20.576031242372466,16.041122715404697,21.23245881635143,24.20469267309633,16.1904761904762,19.313717630080983,17.107927114156674,22.977073499662847,9.267376330619914,10.8910891089109,17.343262070622135,19.40822467402206,28.48984771573604,20.883701542309296,15.51094890510949,17.783566185176426,16.811051276047763,23.899371069182383,10.243798118049607,9.46745562130178,-4.552559593591243,-5.440826052422565,-1.8419777023751749,-2.406192158842335,-4.8478015783539945,-1.0149253731343233,-3.780135004821605,-2.1847070506454846,-4.590042568943186,-6.565656565656564
2013-12-01,Argentina,46.15,44.12,43.78,48.12,49.58,44.49,44.38,34.38,54.59,1.68,13.333856537435263,14.3938174207052,12.987644712520652,18.19431084238008,10.910019703714502,11.277089783281724,11.547744757882027,16.04252234839332,6.157635467980271,5.961538461538463,0.2937853107344734,4.673784104389078,-7.87781350482315,7.630126182965302,-1.635322976287823,-1.2184115523465655,-0.60305836743485,1.0676965015901765,-2.8224225793806457,-8.695652173913048,-9.150460593654042,-7.349853002939943,-15.111111111111107,-5.879310344827582,-4.976303317535546,-11.982308001608368,-7.496492283022649,-9.664974619289335,-3.82153249272551,-9.189189189189197
2014-01-01,Argentina,43.67,38.9,43.51,45.19,46.68,41.18,43.15,29.82,52.54,1.46,3.86109207219556,1.871490954460353,0.0477783086478611,10.057318048520369,3.3455380860075934,2.025165661529305,2.727941176470594,5.952567928380725,-1.031134917977894,-5.671077504725908,-5.01871010345587,-15.819086777753732,-16.7271711812343,2.337358784573418,-2.8798624543305507,-8.898659966499167,-6.8075117370892,-5.4854257516639855,-9.48225712623618,-17.045454545454554,-2.771518702118081,-11.831368993653667,-13.263525305410129,-3.755266532331936,-6.088944305901912,-0.616719963453638,-5.373781148429025,-7.439874129017765,-5.84913271480435,-13.095238095238091
2014-02-01,Argentina,33.46,34.13,35.35,32.18,41.91,40.85,17.64,25.1,56.59,1.38,-23.166277030976037,-13.860294117647054,-19.82402585742503,6.7901637205662,-13.005199306759108,-10.885045778229909,-12.511532183663332,-4.397763336859595,-9.98110626099421,-16.75874769797423,-62.62711864406781,-28.358522250209905,-34.37908496732026,10.41951219512196,-34.057377049180324,-22.37593324549846,-29.73540529189416,-8.715083798882684,-17.662082514734777,-24.59016393442624,-59.11935110081112,-12.262210796915165,-15.828303152246814,7.708412637990114,-28.789555211329944,-18.75430935417145,-23.37989466452942,-0.8013598834385571,-10.21850899742931,-5.47945205479452
2014-03-01,Argentina,36.21,33.83,33.7,38.37,44.33,42.99,21.31,29.42,56.56,1.53,-40.794692435278016,-23.177570093457955,-23.97007121608221,8.308275591580582,-19.26618303571428,-19.085615699805917,-19.838743899851465,-5.251989389920397,-13.41844710786867,-20.545454545454533,-53.71416159860991,-25.23756906077348,-20.20612964469758,12.24449295495138,-20.11242973141787,-26.43527614058065,-22.80963547218077,-1.4668805867522394,-13.16356513222331,-19.895287958115183,20.80498866213152,-0.8789920890712066,17.211155378486055,-0.0530128998056267,19.2355500310752,-4.667609618104662,8.218768679019718,5.238678090575277,5.774278215223094,10.869565217391308
2014-04-01,Argentina,36.69,38.98,36.51,36.11,43.83,41.38,24.86,28.62,54.14,1.4,-52.09459459459461,-18.60252702085552,-23.892347125595016,9.770341207349098,-25.082531432183757,-22.21075902726604,-23.255646150515897,-4.280691025837013,-14.26970735565516,-21.636363636363644,-37.787787787787785,1.2730579371265094,-16.119577960140674,6.658786446020493,-20.707070707070702,-17.67756482525367,-16.727190195188392,-2.497643732327981,-11.934900542495486,-20.45454545454546,16.65884561238855,15.223174697014484,-2.719238613188313,-4.278642149929279,-5.8900182434193376,8.33827893175072,1.3256006628003192,-3.745056989997675,-1.1279043537108069,-8.496732026143794
2014-05-01,Argentina,38.1,35.58,36.49,39.77,44.59,44.29,25.41,31.93,56.65,1.51,-43.86322641361462,-15.307079231129862,-9.240391405225456,10.76179760407705,-14.71971336866462,-19.55062957098696,-16.30221686020209,2.837502997362318,-8.586971491530093,-12.770137524557956,-38.7858347386172,-19.57504520795661,13.468372423596309,13.436123348017626,-1.5594059405940497,-14.080527431127845,-8.523409363745493,13.447745901639353,0.4279279279279402,6.338028169014098,2.212389380530966,-8.722421754746023,11.565338923829492,4.636128555596608,10.135696482968726,-0.0547795124623329,3.8430089942763863,7.032382793620107,1.7339721651836726,7.857142857142874
2014-06-01,Argentina,41.92,41.04,40.77,42.84,47.93,49.96,27.86,37.7,62.22,1.7,-37.24497991967871,-9.24791961061392,1.5293996073163063,14.394340121660942,-8.676923076923092,-13.797545082588258,-10.360983102918595,9.370212079670992,-4.039693152227453,-6.300813008130069,-35.254473623053684,-8.085106382978724,9.243697478991608,23.110407597942228,-2.7689514298683604,-9.720992028343655,-5.776579006518324,17.470021161533044,0.0208681135225319,-2.298850574712641,9.641873278236911,15.345699831365934,18.070779830880056,9.832303618711393,7.719386472215239,11.729240887914491,10.026246719160104,12.801986904493123,7.490468714958509,12.58278145695364
2014-07-01,Argentina,42.75,39.98,43.95,42.88,47.82,50.11,30.3,36.09,64.13,1.87,-35.932229377491566,-13.648818781011618,6.41167589330649,18.962491061561447,-5.929535232383798,-9.049298416747964,-8.120041909893716,14.028436018957358,-2.4332591768631784,4.958677685950419,-33.98692810457516,-13.350671868227138,-1.6621253405994518,20.206185567010305,-12.382509194932556,-3.7028921998247135,-9.962089300758205,11.281367976904288,-7.181677018633548,11.309523809523814,8.758076094759515,-2.5828460038986423,-4.270557029177713,3.069752491160393,0.0933706816059753,7.799852832965404,1.9799618320610608,0.3002401921537112,-0.2295013561443792,10.000000000000009
2014-08-01,Argentina,43.89,45.4,42.76,44.09,48.66,50.46,32.55,37.13,63.79,1.82,-33.06029075344993,-9.80951701505317,-3.3629552186791978,17.095701441064158,-9.709953397788109,-8.864741206748638,-9.46478873239437,8.615340212136523,-4.9433912585571615,1.8903591682419616,-30.12022327179047,-8.059943296881332,-14.78081248565526,9.061378013335595,-13.157376403387822,-12.876935615321926,-12.272636418149109,-1.1169900058788929,-7.278963414634143,-2.67379679144385,7.42574257425741,13.5567783891946,2.881684677195895,-0.5301730859192166,2.8218283582089665,-2.7076222980659925,2.6666666666666616,0.6984633805627638,1.7565872020075313,-2.67379679144385
2014-09-01,Argentina,41.5,39.99,40.95,42.27,46.03,47.8,30.67,32.57,63.04,1.71,-33.5087095627444,-10.296222095020036,-10.141849995753006,14.361001317523048,-13.59229792070601,-11.069313827934511,-12.328954570333885,4.22169148637257,-8.33601337878691,1.5037593984962294,-36.329665767074935,-9.606690777576857,-13.053924185798182,14.327167210736302,-15.222623345367026,-16.137620315379884,-14.69681397738951,3.239740820734349,-10.56926364872741,-3.3898305084745783,-5.77572964669738,-11.916299559471357,-12.281174252625917,-1.175732873491142,-4.127920163302335,-4.23292797006547,-5.445431761221231,-5.2715021799445205,-5.404849979449233,-6.043956043956045
2014-10-01,Argentina,43.94,41.01,44.06,44.76,47.52,50.41,33.9,32.77,68.05,1.65,-33.44754334269856,-12.210029170718162,-16.207375909722778,12.60834392696173,-14.774130646733818,-13.762149028077742,-14.083571381120064,0.6703683640303382,-9.98227623749841,-7.829181494661952,-33.76318874560376,-18.56632247815727,-20.576829859428003,14.504459027427233,-15.89627959413754,-12.318407960198996,-15.25554484088718,0.1191658391261007,-12.048861743475848,-16.666666666666675,10.531463971307463,2.550637659414834,0.6140620202640612,7.947335025380697,5.890702625975863,7.59462759462759,5.879518072289147,5.4602510460251,3.2370193352161625,-3.508771929824561
2014-11-01,Argentina,43.66,43.9,44.51,43.11,46.91,51.93,32.15,39.54,64.31,1.6,-34.73684210526316,-12.178315286176344,-12.028183190739815,13.229414150779384,-15.339578454332548,-12.968687004434864,-14.156526364784892,2.906100068540085,-10.56351480420249,-11.428571428571432,-34.18628454452406,-7.811843763124737,-2.370370370370367,10.879310344827587,-14.8696682464455,-10.514676316847616,-12.48747243936661,5.441624365482234,-9.000969932104752,-13.513513513513509,-5.162241887905605,7.0470616922701845,20.65913945682025,-5.495958853783978,-3.686327077747986,1.0213345438038868,-0.6372325898953091,3.0152747470739927,-1.283670033670048,-3.0303030303030165
2014-12-01,Argentina,44.22,45.3,45.25,43.31,46.14,50.3,36.24,37.17,63.44,1.64,-29.16695519700852,-8.367346938775523,-5.7344584122610565,13.823973956516667,-13.68601131727858,-6.9207762398274975,-10.866184326188378,5.933791380387254,-9.40319670018046,-11.252268602540829,-18.341595313204152,2.6745240253853053,8.115183246073299,16.211760395676844,-9.995843724023269,3.3576975788031094,-4.182015167930664,13.059114407732064,-6.93828156514723,-2.380952380952384,12.721617418351494,3.1890660592255093,-5.993930197268583,-1.3528222671435275,0.463929482718628,1.6625477420804335,1.282638570774175,-3.138840747159644,-1.6414410573438398,2.499999999999991
2015-01-01,Argentina,49.95,48.91,49.34,50.61,51.92,57.13,40.8,48.62,65.63,1.83,-19.93694090042528,5.718003674219241,19.70391595033429,17.107733301035545,-4.80722473080929,1.5106181128220042,-1.345644549423819,18.114438185591464,-1.9213855625465293,1.603206412825653,-5.446118192352268,25.732647814910024,63.04493628437289,24.914350970688997,11.993803938924552,13.399218570443594,14.380581634989698,38.7323943661972,11.225364181662378,25.34246575342467,12.58278145695362,7.969094922737296,30.804412160344352,3.452080706179061,16.855229739090284,9.038674033149174,12.957937584803258,13.578528827037784,12.527091460771578,11.585365853658548
2015-02-01,Argentina,50.47,48.14,48.51,52.3,52.97,58.12,40.32,47.44,68.81,1.65,11.590757820671293,21.51088348271444,49.19372900335943,20.86489127779132,16.519244561319635,16.682974559686905,17.326411421155097,30.84887764780271,9.307374972859517,13.27433628318586,128.57142857142856,41.04893055962495,89.003984063745,21.593921187488952,62.5233064014916,37.22772277227722,50.836820083682,42.27662178702569,26.389883082796484,19.565217391304344,-1.17647058823529,-1.574320179922295,-2.426984779925956,4.8453451165625605,3.3392610156095515,-1.6822051074179225,1.0410410410410351,1.7328899002275522,2.022342064714944,-9.836065573770504
2015-03-01,Argentina,52.6,54.35,52.74,52.0,54.99,61.96,40.85,54.57,69.36,1.86,48.56272838002438,41.68070372449937,78.59852976049324,23.0007845977428,33.84309659581819,33.786425017768295,35.009705311452265,41.74532074868018,20.28287691844719,22.196796338672776,91.69404035664007,60.65622228791015,85.4860639021074,22.630834512022638,35.522543653896285,56.49851632047478,45.26373929853631,44.12654105605955,24.04692082111437,21.568627450980404,1.314484126984139,12.899875363523062,15.029510961214164,0.7993024269728144,-0.5736137667303964,8.719851576994442,4.2203289082623385,6.60701995870614,3.813479327921465,12.727272727272744
2015-04-01,Argentina,52.85,54.93,52.18,52.62,55.63,60.8,42.13,55.05,65.81,1.9,93.22990126939352,47.204039648400965,88.91027183064708,21.93197441568533,47.12169510594413,45.34861690034104,46.59646483640465,44.4497684076026,25.770738832936125,25.522041763341075,69.46902654867257,40.9184197024115,92.34800838574422,21.55522718876985,45.72140681251731,42.91974801424268,44.04469882801854,46.930884485258574,26.92219940679901,35.71428571428572,3.133414932680534,1.0671573137074564,0.8796041781198305,-5.118223760092267,1.1923076923076923,-1.061812665908235,0.4752851711026684,-1.8721755971594645,1.1638479723586226,2.1505376344086
2015-05-01,Argentina,54.99,53.76,57.01,54.21,57.94,63.17,43.87,56.06,69.96,2.09,77.21430567197541,50.41978042254818,84.15027231299324,22.575440693158043,39.01969365426694,51.76194939081535,44.54054054054053,44.51266905020987,26.975517890772128,31.756756756756733,72.64856355765446,51.09612141652613,75.57156279361104,23.49514563106796,36.3087754588886,56.23458481775827,44.330708661417326,42.62813276134567,29.939448306795224,38.41059602649006,4.130073581770688,-2.1299836155106555,1.8346957311535128,6.306032517854421,3.0216647662485885,9.2564200843235,4.049195837275299,3.8980263157894814,4.152435736113591,9.999999999999986
2015-06-01,Argentina,54.88,55.0,54.41,55.12,58.55,62.69,43.4,56.41,68.97,1.94,65.62140023038525,41.60034602076126,70.50381679389312,18.339980347956764,36.41340970350405,43.79889250241713,39.42250021420619,37.62441937624419,26.233956729006213,28.633405639913214,55.77889447236182,34.015594541910346,49.62864721485409,10.848601735776288,28.66479925303453,33.4559725288202,30.916030534351147,25.480384307445945,22.15731274775714,14.117647058823524,-1.0713471620697468,2.3065476190476275,0.6243310738494268,-1.4150943396226356,1.6786570743405171,-4.560603402911767,-0.2000363702491348,-0.7598543612474362,1.0528132550914782,-7.177033492822959
2015-07-01,Argentina,56.09,56.0,55.06,56.71,57.26,63.78,47.24,57.5,70.1,2.04,60.95488811774561,41.30360205831902,60.773741959894046,14.224043715846978,32.31333173958082,37.34840359706293,35.179604137818664,31.36602937101689,23.806470001425104,19.48818897637794,55.90759075907592,40.070035017508765,59.32391244111941,9.309215655699354,32.25279850746268,25.278725824800908,31.2046783625731,27.27998403512273,19.74069427017984,9.090909090909085,8.847926267281103,1.818181818181808,1.932281510370504,1.6383935044222089,2.884615384615397,1.1946333394596609,2.204810495626819,1.738714308502165,-2.2032450896669498,5.154639175257736
2015-08-01,Argentina,56.78,53.33,55.21,58.71,58.42,64.9,47.02,83.34,77.3,1.92,51.75835078822622,29.98734377471921,77.83086909484311,13.795098348585256,31.37662737847622,29.18104800753061,30.483820784069703,27.130804490799164,20.6495395055744,9.461966604823749,44.4546850998464,17.466960352422902,124.45461890654455,21.178868161153773,33.159446586527544,29.115996258185216,29.3688767372978,28.61672611969879,20.057542129058792,5.494505494505497,-0.4657070279424191,-4.767857142857146,44.93913043478261,10.27104136947219,3.5267148651031643,0.2724300762804166,1.230165804956318,1.756036375039205,2.025847013622073,-5.882352941176472
2015-09-01,Argentina,54.62,56.96,55.24,53.56,56.69,60.84,46.33,54.17,67.51,1.78,50.33147989734819,32.639387413256784,84.33689384629926,12.541893590280685,30.748994119467653,29.64906783644057,30.708599968784167,27.7347172609018,20.95291558487125,6.296296296296289,51.05966742745351,42.43560890222555,66.31869818851703,7.090736040609147,26.7092500591436,34.896214896214886,31.614457831325304,27.280334728033484,23.15880947208342,4.093567251461994,-1.46746065504042,6.806675417213581,-35.001199904007684,-12.66494178525226,-8.771929824561397,0.0543379822495859,-3.8041563930961697,-6.255778120184907,-2.9613146182814187,-7.2916666666666625
2015-10-01,Argentina,56.96,56.0,56.73,57.39,58.08,63.63,49.17,57.2,70.07,1.91,46.7462932454695,31.55854430379748,90.01659022152826,10.262725779967164,29.39292251372787,30.84448618611566,30.178612850846708,27.37606780117039,21.784684621334627,8.301158301158317,45.04424778761062,36.55206047305537,74.5498931949954,2.968405584129319,28.217158176943705,28.756241488878786,29.631315430132,26.224955365998824,22.22222222222221,15.757575757575747,6.129937405568753,-1.6853932584269704,5.593501938342249,3.792030810250324,7.150858849887976,2.6973207820419898,4.28414500183083,4.585798816568043,2.4519315575939338,7.3033707865168385
2015-11-01,Argentina,60.35,58.4,61.08,60.51,62.62,73.58,44.85,69.88,77.29,1.75,45.10959470636888,37.19775820656525,72.81655225019068,9.96417604912998,31.750422621791905,33.60870907967881,33.175832687838906,31.910217130678053,26.292182827851327,9.6774193548387,39.50233281493003,33.029612756264235,76.73242286292361,20.18348623853212,40.36186499652053,37.22758930577399,38.22721026110858,41.69073753129213,33.489661053080376,9.375,-8.785845027455764,4.285714285714293,22.16783216783216,10.30398173255318,5.436487192890738,7.667900581702813,5.95154494382022,15.63727801351562,7.816804407713507,-8.376963350785338
2015-12-01,Argentina,54.89,51.99,57.67,54.17,58.85,69.34,36.5,65.92,72.75,1.8,27.59800567015349,27.78588434068045,76.2879064669346,12.415730337078656,31.170910199725554,31.131370497683463,30.632680928538925,35.318396226415125,27.72995660525006,11.65644171779141,0.717439293598221,14.768211920529817,77.34732311003496,14.675283732660782,25.07504040637265,27.44751381215469,24.12935323383085,37.85288270377736,27.546597312527087,9.756097560975618,-18.617614269788184,-10.976027397260268,-5.666857469948472,-5.873981110104809,-10.47760700710626,-5.582842174197767,-9.047224523612265,-5.762435444414238,-6.020440753752787,2.857142857142869
2016-01-01,Argentina,54.01,52.95,53.53,54.6,58.58,69.48,33.96,67.28,71.69,3.14,5.604908874439052,18.26804720874664,62.03622436766936,14.660254421346597,23.53499233744436,23.853342918763488,22.796198215192632,33.2831325301205,24.198109953783558,31.9526627218935,-16.76470588235294,8.26006951543652,38.37926779103251,9.233582203260717,7.883817427385886,8.492095662748266,8.12812812812811,21.61736390687905,12.82742681047766,71.5846994535519,-6.958904109589037,1.846508944027692,2.0631067961164984,-1.4570446735395204,0.7937973047812408,-7.178775793306746,-1.603206412825653,0.2019036631093262,-0.4587935429056999,74.44444444444444
2016-02-01,Argentina,45.59,46.38,49.32,43.22,51.29,62.78,22.71,58.04,67.51,2.86,-20.61179277436944,6.301369863013706,43.54124446445995,7.110369921164339,3.9461086034742183,12.173305380852527,6.810011061946919,21.775898520084567,11.712904720916374,52.34375,-43.675595238095234,-3.6560033236393785,22.344013490725125,-1.889260281935756,-17.36137667304015,1.6697588126159513,-9.669110362591626,8.017894012388172,-3.171606569756469,73.33333333333334,-33.12720848056537,-12.407932011331448,-13.733650416171228,-5.83065978518621,-20.842490842490847,-7.864748739024852,-15.5897056100722,-9.643062751871046,-12.444520314100371,-8.917197452229308
2016-03-01,Argentina,48.16,46.38,51.57,46.45,53.23,65.44,25.8,61.77,69.11,3.03,-32.38501270804296,-3.758256274768823,24.205005642966213,2.212953876349366,-6.868504292815181,2.543329570356612,-3.437459155665934,11.56255290333501,2.0140105078809256,69.1011235955056,-36.8421052631579,-14.664213431462736,13.194062671797704,-0.3604382929642491,-10.673076923076918,-2.2184300341296925,-8.44106463878328,5.616526791478371,-3.20058192398619,62.9032258064516,13.606340819022456,0.0,6.426602343211596,2.3700192564064526,7.473391948172159,4.562043795620441,5.637201140601,4.237018158649253,3.782413725872491,5.944055944055937
2016-04-01,Argentina,43.19,46.14,45.56,40.94,46.97,60.43,22.16,54.94,65.92,2.72,-42.68450932684509,-11.764705882352931,11.26321151152425,-0.705951563878815,-16.766505225592667,-4.549305872384812,-12.172909184197025,4.295665634674917,-7.396540130814855,59.14972273567465,-47.40090197009257,-16.002184598580005,-0.1998183469573144,0.1671478498708412,-22.196883314329156,-12.686853200459948,-18.278145695364245,-0.6085526315789402,-15.567140032356653,43.15789473684213,-14.108527131782944,-0.5174644243208348,-11.05714748259674,-4.615829836492546,-11.862217438105503,-11.654062439402749,-10.319767441860462,-7.655867970660147,-11.76028555325944,-10.23102310231022
2016-05-01,Argentina,42.66,44.06,44.73,41.05,46.56,62.33,19.09,57.91,66.74,2.62,-47.142294048088296,-16.22914622178605,5.395943988411411,-1.6379856676253968,-19.13366492476232,-12.394244426604084,-16.47344801795064,1.2208895821007817,-12.933080208827729,43.0769230769231,-56.48506952359242,-18.04315476190476,3.300035676061364,-4.602630074328184,-24.275963844309175,-21.540080687598675,-22.42225859247137,-1.3297451321830025,-19.64100793924749,25.35885167464116,-13.85379061371841,-4.508019072388381,5.405897342555521,1.2439320388349495,0.2686858817782189,-1.8217734855136225,-1.2271359110905378,3.144133708422969,-0.8728975942090655,-3.676470588235292
2016-06-01,Argentina,42.57,44.95,46.92,39.36,46.8,61.16,19.76,55.99,64.6,2.61,-52.85162287480679,-17.43539617569796,0.7879656160458604,-3.653414086158047,-25.06946588453226,-16.13080684596576,-21.07915437561457,-1.4679095681988663,-18.469672321636065,34.064080944350785,-54.470046082949295,-18.272727272727263,-0.7445488388583499,-6.336088154269981,-28.592162554426704,-13.765851865465894,-22.430758017492717,-2.440580634869993,-20.068317677198976,34.536082474226795,3.509690937663712,2.01997276441217,-3.3154895527542694,-3.206472879832189,-4.116930572472588,4.896042924211952,-0.2109704641350074,-1.8771057275790204,0.5154639175257714,-0.3816793893129833
2016-07-01,Argentina,45.61,45.82,49.56,43.27,48.19,65.59,23.03,59.8,69.4,2.71,-53.99598542859266,-18.165816945860637,2.194504912631645,-3.965937903650174,-25.511924837388577,-15.179000480538196,-21.161725717040248,-0.2952963509808226,-18.532374100719416,30.807248764415142,-51.24894157493649,-18.178571428571438,4.000000000000004,-0.998573466476449,-23.6995238934932,-9.989102796948778,-18.684257443394547,2.8378802132329906,-15.840027942717429,32.843137254901954,16.54858299595141,1.935483870967736,6.804786569030186,7.430340557275561,9.933943089430898,5.626598465473154,7.141179234202477,7.243296272073252,2.9700854700854817,3.831417624521083
2016-08-01,Argentina,42.6,45.44,46.42,39.56,46.71,59.55,21.54,53.01,64.62,2.52,-53.26892343454888,-17.111908963670665,-14.4233206590621,-8.203540232009987,-28.35111997185411,-13.225649744959933,-22.038748137108787,-2.649318074933371,-18.67072260804684,32.881355932203405,-54.189706507869,-14.794674667166696,-36.39308855291578,-16.40362225097024,-32.61795264861181,-15.921028799130587,-24.97358224727017,-8.243451463790464,-20.04450530640192,31.25,-6.469821971341738,-0.8293321693583655,-11.354515050167224,-6.887608069164264,-8.574069794314765,-6.3357546408393866,-6.599429949572455,-9.208720841591711,-3.071176592654068,-7.011070110701101
2016-09-01,Argentina,43.29,46.6,47.85,39.69,45.91,61.44,22.53,56.99,65.89,2.53,-52.27256561633118,-17.096638402790298,-12.927542177324248,-6.979665906658605,-27.49437803290331,-13.09890641048882,-21.48785002089677,-1.551287463064599,-18.309450600452514,35.19163763066202,-51.37060220159724,-18.18820224719101,5.205833487170031,-2.3996444971115416,-25.896191187453333,-13.377986965966691,-20.743317466129614,0.9861932938855844,-19.015699417886758,42.134831460674135,4.596100278551552,2.55281690140845,7.508017355216001,1.9653358093469464,0.3286147623862367,3.08056872037914,1.6197183098591417,3.17380352644836,-1.7126953543138643,0.3968253968253954
2016-10-01,Argentina,46.04,45.36,50.6,43.63,47.89,62.08,28.15,57.93,66.24,2.63,-49.32641032837496,-17.37326357568104,-13.753787684248376,-8.437267311988094,-27.572792644111757,-13.344897715037686,-21.63815633167023,-3.3268205101124826,-18.86944973728275,36.89839572192513,-42.74964409192597,-19.000000000000007,1.2762237762237616,-5.465962608819752,-23.97630249172329,-10.805570245020268,-19.17134831460674,-2.4359578815024374,-17.54476584022038,37.69633507853403,24.944518419884588,-2.6609442060085864,1.649412177575016,0.5311883442100429,9.926933736457569,5.747126436781613,6.3525063525063485,1.041666666666674,4.312785885428028,3.9525691699604737
2016-11-01,Argentina,43.93,49.13,46.35,41.0,46.67,58.4,26.73,54.01,62.8,2.52,-44.84503028143926,-17.664565826330524,-6.7972413793103375,-9.28002978545166,-27.49329289630236,-16.324761629586813,-22.4917117431513,-8.144407977783397,-20.8128981340549,41.17647058823528,-40.40133779264215,-15.873287671232871,-22.71036061820263,-18.74757407167811,-32.242604528177154,-24.11591355599214,-27.207953603976808,-20.63060614297363,-25.471095496646434,43.99999999999999,-5.044404973357008,8.311287477954155,-6.766787502157778,-5.193236714975846,-6.027962411184973,-8.399209486166004,-4.582971329278884,-5.927835051546393,-2.547504698266856,-4.182509505703413
2016-12-01,Argentina,44.48,46.28,48.92,41.39,47.54,58.84,27.06,53.96,63.72,2.49,-37.2203493717438,-15.397559949516182,-14.04145077720208,-12.425605379128625,-26.76236415412332,-16.873717802598588,-21.922183507549363,-13.183248608085218,-20.85769980506822,39.92673992673994,-25.863013698630144,-10.982881323331403,-18.14320388349515,-12.412371134020615,-23.592394314196053,-15.17253337957344,-18.96520313353981,-15.142774733198728,-19.218351741716237,38.33333333333335,1.2345679012345512,-5.800936291471603,-0.0925754489909169,1.4649681528662528,0.9512195121951228,5.544768069039918,1.2519918051445478,0.7534246575342518,1.864152560531385,-1.1904761904761862
2017-01-01,Argentina,44.47,45.49,49.43,41.31,47.76,57.05,28.59,52.11,62.0,2.46,-28.557800711126536,-13.738214766744203,-21.173921607248392,-14.977675551346238,-26.92580340264651,-16.008822846528894,-21.488921713441652,-17.942561205273087,-21.14968064426549,11.659192825112097,-15.81272084805654,-14.088762983947124,-22.547562425683708,-13.516529502022587,-24.340659340659343,-7.6592564916869055,-17.663395667468983,-17.89004029936674,-18.47046773642882,-21.65605095541402,5.654101995565419,-1.7070008643042311,-3.42846553002224,-2.699309478970491,-0.1932834017878693,1.042518397383474,-0.0224820143884807,-3.042148198504424,0.462768195204033,-1.2048192771084487
2017-02-01,Argentina,40.68,41.96,43.99,38.4,44.61,54.01,23.42,48.06,59.96,2.35,-15.133626703874658,-11.62437219138248,-19.40493620581468,-12.394432649209698,-20.32370550694125,-11.325691502616497,-16.09165641789113,-15.72420634920636,-17.075628259838794,-6.41025641025641,3.1263760457947987,-9.529969814575256,-17.195037904893173,-11.183528366167984,-11.152244331328088,-10.80697485806974,-10.769905681070412,-13.9694170117872,-13.023981282901154,-17.832167832167823,-18.083245890171384,-7.759947241151899,-7.772020725388595,-3.2903225806451557,-7.044299201161952,-11.005462269876586,-8.522599505284456,-5.32865907099036,-6.595477386934667,-4.471544715447151
2017-03-01,Argentina,40.95,43.94,45.81,37.27,45.6,54.24,23.01,48.04,60.45,2.32,-9.033587971383517,-9.827740031569544,-20.781442086696245,-12.43339253996446,-18.915921536008877,-9.836808703535803,-14.658906334596644,-16.38846737481031,-15.40772532188841,-21.040974529346624,-10.813953488372086,-5.260888313928424,-22.22761858507366,-12.530748082766596,-19.76318622174381,-11.16928446771378,-14.970930232558132,-17.114914425427862,-14.3340221679504,-23.432343234323422,-1.7506404782237417,4.71877979027644,-0.0416146483562251,0.8172114743162151,-2.942708333333321,4.137303932711989,0.6637168141593097,0.4258470653582646,2.219233355749828,-1.276595744680864
2017-04-01,Argentina,46.19,50.39,49.17,43.22,49.0,62.1,27.5,56.47,67.73,2.61,4.612989953304081,-1.8790496760259237,-12.692417739628048,-7.109706724597609,-8.97327922823673,-5.107545237282352,-6.659851029648034,-9.700503578054576,-8.106145620172933,-15.44715447154472,24.09747292418773,9.21109666233204,2.7848562067710247,2.745752427184467,5.5691255495847525,7.92361720807726,6.946052326927532,2.7635280489823,4.32190760059612,-4.044117647058831,19.513255106475437,14.679107874374164,17.547876769358872,12.043010752688163,15.964582774349337,7.334643091028159,12.796092796092772,14.491150442477885,7.456140350877183,12.5
2017-05-01,Argentina,45.76,49.64,49.33,42.55,49.09,59.63,28.55,53.1,66.16,2.52,17.912005965697265,5.410748279396693,-9.741152216240978,-3.68241066560937,-4.204297726564931,1.7270548428027557,-0.8282963957913725,-6.498405951115826,-2.0918506405014803,-10.991636798088422,49.554740701938194,12.664548343168391,-8.30599205663961,-0.8690440515432996,3.654080389768577,10.283925776883528,7.266760431317398,-4.331782448259258,5.433848797250862,-3.816793893129777,3.818181818181832,-1.4883905536812847,-5.967770497609348,-2.318027461981409,-1.5502082369273529,0.3254016676835336,-0.9309374323446584,-3.9774557165861535,0.1836734693877684,-3.4482758620689613
2017-06-01,Argentina,42.04,45.06,45.6,39.1,45.31,54.59,26.22,47.29,61.89,2.28,34.84674643501062,7.354790972992964,-7.0954750059227685,-0.7502788198317067,2.9007004532344505,5.021499890678505,4.337330633857661,-4.132231404958676,2.187700420437544,-6.792452830188688,32.692307692307665,0.2447163515016726,-15.538489015895696,-4.195046439628469,-0.6605691056910556,-2.813299232736577,-1.2450082217524083,-10.742315238718104,-3.1837606837606724,-12.643678160919547,-8.161120840630476,-9.22643029814665,-10.94161958568739,-6.454050785973397,-8.108108108108103,-7.561321710926405,-8.129370629370625,-8.452121415394931,-7.700142595233251,-9.523809523809534
2017-07-01,Argentina,42.48,43.48,46.91,39.63,45.11,53.63,28.69,44.85,62.4,2.24,34.873949579831944,2.4846102499443745,-16.384571099597,-5.126033675401032,-1.940491591203097,0.4461440407903083,-0.4280036686028721,-11.228051618362578,-1.4411868597668631,-11.335012594458416,24.576639166304812,-5.106940200785692,-24.99999999999999,-10.086455331412116,-8.412294892535243,-5.347054075867641,-6.862530146897616,-18.234486964476293,-6.391367503631451,-17.343173431734304,9.420289855072484,-3.5064358632934,-5.159653203637127,0.8240426563257408,1.3554987212276215,2.872807017543844,1.0466222645099776,-1.7585638395310466,-0.4414036636504193,-1.754385964912264
2017-08-01,Argentina,47.61,50.23,50.88,44.95,49.36,62.46,31.01,56.46,68.46,2.53,33.56132442095443,1.879450847955333,-11.966824644549778,-2.9553922062229288,1.2194123905393317,0.3428971308607309,1.032267930876274,-8.384326355340843,-1.3549752999294171,-10.076530612244904,43.96471680594245,10.541373239436624,6.508205998868144,5.94243268337975,13.624873609706768,9.607927617406297,11.760563380281685,4.8866498740554265,5.673303361164628,0.3968253968253954,8.086441268734745,15.524379024839009,25.88628762541805,9.71153846153845,13.42417360585415,8.463014282668958,12.076271186440678,16.464665299272795,9.42141432054977,12.94642857142856
2017-09-01,Argentina,51.04,53.79,56.13,47.3,52.28,62.95,37.89,59.27,66.62,2.86,45.43964232488824,6.992601189612624,-5.429917550058871,-1.2155469961482646,7.639569049951023,7.015226308836842,7.3231939163497906,-4.041161968056583,4.218450394148143,-1.6752577319587458,68.17576564580558,15.429184549356222,4.000701877522372,1.107907117923812,19.17359536407155,17.30407523510973,17.90251790251791,2.457682291666674,13.874972772816395,13.04347826086958,22.186391486617207,7.087397969341036,4.976974849450944,-2.6877008472100394,5.22803114571746,10.318396226415082,7.204368830077712,0.7845020813320502,5.915721231766624,13.04347826086958
2017-10-01,Argentina,51.11,56.16,55.99,46.79,51.25,60.59,41.48,56.63,64.54,2.83,52.838548878427005,16.57933042212518,2.638003930209032,1.4587039390089096,13.151041666666652,12.514668323324374,13.51474266656558,1.600480690446271,8.81076079994305,7.03125,47.35346358792185,23.809523809523814,-2.244087692042118,-2.5664251207729305,7.24272289708916,10.652173913043471,11.012163336229364,-2.4001288659793785,7.01607851325956,7.604562737642584,9.47479546054366,4.406023424428329,-4.4541926775771845,-3.1221855298709023,-1.0782241014799077,-0.2494209869944752,0.1371473354232044,-3.749007148530581,-1.9701606732976276,-1.0489510489510412
2017-11-01,Argentina,51.1,54.56,55.94,47.29,50.94,62.24,40.13,58.62,65.86,2.97,54.3728200490893,16.599333758593794,3.3090629254720616,1.0721797568357785,13.722651222651216,16.063535911602212,15.000750412727015,2.121811785400185,9.96654089841249,12.760416666666677,50.13093901982793,11.05231019743538,8.535456396963514,4.872611464968157,15.341463414634138,20.69039913700108,16.321420441611668,6.57534246575342,9.149346475251765,17.85714285714286,-3.254580520732875,-2.849002849002835,3.514038495497074,2.045243259993801,1.068604402650131,-0.0893016610108987,-0.0195656427313561,2.723221653738239,-0.6048780487804883,4.946996466431108
2017-12-01,Argentina,43.18,47.87,47.98,39.02,45.43,52.88,31.23,45.89,59.88,2.36,37.71051989260437,12.658947218867644,-2.8691983122362763,-1.2865739780037244,5.61815584827805,9.62500856927402,8.136853849014525,-2.0131608298014747,3.8845883180858687,6.806282722513091,15.410199556541038,3.435609334485723,-14.955522609340257,-6.026365348399243,-5.72602077796569,-1.9215044971381932,-2.922661870503596,-10.129163834126444,-4.438367690366007,-5.220883534136556,-22.17792175429853,-12.261730205278598,-21.716137836915728,-9.079866383237167,-17.487840981179946,-14.22953164104398,-15.499021526418788,-15.038560411311051,-10.8166470357283,-20.538720538720547
2018-01-01,Argentina,45.19,47.1,46.58,43.82,46.55,54.49,34.53,47.35,61.62,2.28,28.53848021364413,6.124911284599,-5.134932533733116,-0.615319329514108,5.198059822150358,4.008293020041442,4.959361830222764,-2.685179872626076,0.6691554553779122,1.8741633199464316,20.776495278069262,3.5392393932732524,-9.13452312416042,-0.6129032258064604,6.076010651174046,-5.765729314181678,1.6190690353046877,-4.487291849255026,-2.533500837520941,-7.317073170731714,10.566762728146006,-1.6085230833507325,3.181521028546519,2.9058116232464792,12.301383905689375,-2.917882451021258,4.654932839277448,3.044629349470496,2.4653312788905923,-3.3898305084745783
2018-02-01,Argentina,43.82,45.9,46.73,41.53,43.77,51.54,36.16,43.95,59.12,2.32,28.898444416339974,5.339116129514676,-10.990722117692863,-2.725118483412325,2.700247729149474,-0.7376703667275608,1.9748515004242904,-6.468510888758083,-2.973340004288461,-4.657534246575345,54.397950469684005,9.389895138226878,-8.551810237203494,-1.4009339559706513,8.15104166666667,6.228688338258692,7.718780727630281,-4.573227180151818,-1.8829858776059136,-1.276595744680864,4.720532869968119,-2.547770700636953,-7.180570221752902,-4.057124310288862,-5.225924235508894,0.3220266208673328,-3.031644169063952,-5.413837401358057,-5.972073039742199,1.7543859649122862
2018-03-01,Argentina,43.81,44.62,45.79,42.43,45.98,52.78,32.68,45.8,59.75,2.32,37.789922687283386,4.741608950452836,-7.49612036974564,-1.0525738720465028,9.232347409813643,-0.0933706816059865,5.32910388580492,-3.9261947973381672,-1.2104080597231226,-2.9453015427770124,42.025206431986085,1.5475648611743331,-4.6627810158201495,-1.1579818031430933,13.844915481620587,-0.0436585898275554,6.9841269841269815,-2.6917404129793487,0.8333333333333304,0.0,-9.623893805309724,-2.788671023965139,4.209328782707611,1.0656292286874258,2.1671081146159343,-2.011555745773585,-0.0228206298493738,2.405898331393086,5.049120402101881,0.0
2018-04-01,Argentina,40.09,45.14,41.91,37.53,41.57,48.3,30.39,40.09,56.51,2.07,34.22156093602054,-0.4622496147919874,-14.898079570033415,-6.78218348038695,2.1868954495752435,-3.266892134993171,-0.0782350179940549,-10.407983563252133,-5.667696286186342,-7.829670329670312,10.509090909090911,-10.418733875769004,-29.00655215158491,-16.565775874796994,-13.165201295696429,-14.765100671140951,-13.206321714656845,-22.222222222222232,-15.163265306122453,-20.68965517241379,-7.007343941248467,1.1653966831017604,-12.467248908296934,-5.422594142259419,-11.54843271270327,-8.47346582223193,-8.491212052042908,-8.488063660477463,-9.591126576772504,-10.775862068965514
2018-05-01,Argentina,36.07,38.29,39.29,33.55,37.88,48.24,22.08,38.23,58.25,1.94,7.703010371869468,-11.057859276238114,-21.248651735296,-10.203766594627982,-7.74544863459038,-12.001940267479728,-9.729119638826155,-15.144626925044037,-12.707912867979688,-15.033557046979872,-22.66199649737304,-22.864625302175668,-28.00376647834276,-11.955864570737608,-21.15158636897767,-20.352726535576725,-21.175699300699304,-19.10112359550562,-22.83560806681605,-23.015873015873023,-27.344521224086883,-15.175011076650424,-4.6395609877775135,3.079101044062993,-10.604849453770326,-6.251491290861367,-10.02743826390622,-0.1242236024844634,-8.87659369737791,-6.28019323671497
2018-06-01,Argentina,35.97,36.98,41.64,32.42,37.68,48.1,22.15,37.05,59.14,2.04,-9.29865078400388,-17.01013164242885,-26.45033788091292,-11.175809582184105,-17.113798350284306,-14.75364330326162,-16.314650347040825,-17.96733212341197,-18.31938633193865,-18.353576248313097,-15.522501906941264,-17.931646693297832,-21.65362655952633,-4.44336726450153,-17.084398976982097,-8.684210526315795,-14.438629876308283,-11.88862429016304,-16.839549768263083,-10.526315789473673,0.3170289855072505,-3.421258814311834,-3.0865812189380115,1.5278969957081443,-3.3681073025335184,5.981165691015522,-0.2772387025228751,-0.2902155887230528,-0.5279831045406636,5.154639175257736
2018-07-01,Argentina,36.25,37.07,39.86,33.94,37.94,50.6,20.22,39.82,61.28,2.01,-22.77737838485504,-18.70024605586916,-20.75185899201322,-6.185350485691766,-17.620382585751983,-14.84066553863508,-16.879029782007994,-12.457551385165344,-18.643824815425425,-14.91477272727274,-29.522481700941107,-14.74241030358785,-11.21516164994426,-1.7948717948717885,-14.357809740095895,-15.028778512044338,-14.665725047080969,-5.649822860339359,-15.894480159609849,-10.267857142857162,-8.713318284424377,0.2433747971876787,7.476383265856956,3.618532296246202,4.68846391116593,-4.274735830931798,0.7784264664998597,5.197505197505192,0.6900212314224996,-1.4705882352941346
2018-08-01,Argentina,36.25,38.45,39.1,33.96,38.67,51.09,18.99,39.64,62.55,1.94,-28.584729981378032,-18.930604597535485,-21.594885598923284,-5.073929961089496,-18.887451487710205,-15.893716437687422,-17.906607129342312,-12.239278181392075,-18.23579911289169,-15.0354609929078,-38.761689777491135,-23.452120246864418,-29.7910024796316,-8.632778264680097,-24.44938820912125,-23.15251572327044,-23.860533501365254,-18.203650336215173,-21.65721231766612,-23.3201581027668,-6.083086053412467,3.722686808740239,-0.4520341536916161,2.072454308093996,0.0589275191514637,-1.906673356748612,0.0,0.9683794466403216,1.92409066947814,-3.482587064676612
2018-09-01,Argentina,33.7,35.26,35.8,32.04,36.2,52.14,12.77,39.47,64.82,1.75,-46.736345937083726,-24.894915254237283,-25.93722755013077,-4.471338869758979,-24.21898695784046,-25.44178794178795,-24.750230284135174,-14.080652368185886,-23.12776831345826,-25.294888597640885,-66.29717603589339,-34.448782301543034,-33.40644508182893,-2.701891323926764,-32.26215644820296,-36.21949046855515,-33.97335423197492,-17.17235901509134,-30.757459831675597,-38.81118881118881,-32.75408109531332,-8.296488946684022,-0.4288597376387537,3.629096722621905,-5.65371024734983,-8.43989769820973,-7.034482758620686,2.0551967116852587,-6.387380398241527,-9.79381443298969
2018-10-01,Argentina,32.64,35.1,33.4,31.48,33.71,50.86,13.36,36.85,64.86,1.76,-59.12302953433593,-32.070171057560245,-32.72220932931075,-3.702033864342258,-29.89067894131185,-33.55828220858895,-31.497061965811955,-17.15591397849462,-28.981620773104844,-33.698296836982976,-67.7917068466731,-37.49999999999999,-34.92848313614692,0.4958165478772702,-32.72066680914725,-40.34649044472227,-36.1377421248288,-16.05875557022611,-34.224390243902434,-37.80918727915194,4.620203602192641,-0.453771979580253,-6.637952875601716,0.0617093489663878,-1.7478152309612915,-6.703910614525133,-3.1454005934718143,-2.4549290372075205,-6.878453038674037,0.5714285714285783
2018-11-01,Argentina,32.1,35.4,35.01,29.44,33.4,50.0,12.89,38.11,61.89,1.77,-67.34728033472803,-35.71211476505988,-34.4315837726335,-2.766216627753537,-34.248125618899415,-37.99238367249794,-35.76508972267536,-17.644525783184417,-33.11969961804881,-39.03002309468823,-67.87939197607776,-35.117302052785924,-34.988058683043334,-6.027938050409953,-37.74582364136181,-37.41508759385056,-37.18199608610567,-19.665809768637533,-34.43266588142914,-40.40404040404041,-3.5179640718562832,0.8547008547008517,3.419267299864304,-4.579093432007397,-6.480304955527316,4.820359281437114,-1.6544117647058765,-1.6909162406606335,-0.9196084247997672,0.5681818181818121
2018-12-01,Argentina,35.99,39.0,37.53,34.21,38.63,55.07,14.27,45.26,64.88,1.92,-64.0907479617157,-30.95403241061858,-25.394067270696286,0.7094807651881307,-28.52742299023291,-33.75023450691014,-30.717380837746745,-11.25718513459678,-28.370139547486797,-33.2107843137255,-54.3067563240474,-18.529350323793604,-1.3728481150577565,8.350033400133583,-12.327011788826248,-21.77990829512296,-16.65122742010189,4.141452344931906,-14.968082764692925,-18.64406779661017,10.705973622963526,10.169491525423725,18.76147992652846,4.831152043948928,16.202445652173903,7.197943444730082,12.1183800623053,10.139999999999992,15.65868263473056,8.47457627118644
2019-01-01,Argentina,33.1,32.17,37.28,30.98,34.57,49.16,15.58,36.43,61.88,1.63,-59.63735952403437,-28.73002073162576,-21.11155011194522,0.6885140905209086,-27.280411895796508,-27.02990033222592,-27.44676274467629,-9.067861564766233,-25.41281835992165,-30.09198423127464,-54.87981465392413,-31.69851380042462,-23.0623020063358,0.4219409282700592,-29.30168872660885,-19.965650493774145,-26.75370657225049,-9.781611304826589,-25.735767991407087,-28.50877192982456,9.18009810791871,-17.512820512820504,-19.509500662836945,-4.62392108508014,-9.441683718211047,-0.6661337596589378,-8.030008335648798,-10.7317958961322,-10.509966347398404,-15.104166666666677
2019-02-01,Argentina,36.04,38.85,37.91,34.13,38.62,54.39,15.11,39.0,65.0,1.8,-55.88697017268447,-21.89962376659331,-12.027115678985345,6.167644779094217,-20.141513226662376,-20.220822421969,-20.4705348362206,-0.1824932351645491,-17.627992633517497,-23.132183908045988,-58.213495575221245,-15.359477124182996,-11.262798634812288,9.945872801082544,-17.81844449795328,-18.8743847635352,-17.754450022820635,5.529685681024454,-11.76604980580307,-22.413793103448263,-3.0166880616174674,20.764687597140185,7.054625308811424,5.042016806722693,10.167850225952236,1.6899141630901229,8.882175226586098,10.63873067534582,11.715360138848707,10.429447852760742
2019-03-01,Argentina,34.79,33.27,37.55,33.67,37.5,51.75,15.13,39.0,65.0,1.6,-55.67379317016543,-24.21886353727656,-16.535375638220263,6.310598925148203,-22.69525747378306,-18.950395398993518,-21.75124228278874,-2.21018827529752,-18.7894350696992,-27.3121387283237,-53.70257037943696,-25.437023756163143,-14.847161572052393,8.786610878661083,-20.645769502710344,-17.995195457523483,-20.58890664231912,-1.951496779082984,-18.442801217920834,-31.034482758620683,0.1323626737260275,-14.362934362934354,0.0,0.0,-1.3477878699091783,-0.9496175151675,-3.4683684794672542,-4.853833425262,-2.900051786639035,-11.111111111111104
2019-04-01,Argentina,34.41,35.04,35.05,33.85,37.03,54.03,12.17,42.43,65.63,1.53,-57.26090899929456,-21.00840336134454,-7.247381392483043,11.546356483065324,-16.330562186188168,-17.79364725135758,-17.601002192295645,4.946927008255808,-13.836430094425822,-26.527570789865862,-59.95393221454426,-22.374833850243693,5.836867049139416,16.138736506812947,-9.805488942179586,-16.36840849439275,-14.168121726116256,11.863354037267085,-10.921337503006978,-26.086956521739125,-19.56378056840714,5.320108205590612,8.794871794871796,0.9692307692307668,0.5346005346005267,-6.657789613848209,-1.0922678930727292,4.4057971014492825,-1.2533333333333283,-4.375000000000007
2019-05-01,Argentina,36.47,39.35,38.76,34.3,37.61,58.03,13.77,46.8,69.69,1.61,-51.76746917204933,-15.923467395548595,3.3113116339026805,14.78998338204114,-10.298652101136463,-12.308055752421454,-11.91964657831126,9.703991427806049,-10.595551303515894,-25.118483412322263,-37.63586956521738,2.768346826847745,22.416950039236205,19.63948497854078,2.235469448584193,-1.3489437515907363,1.108954810091478,20.294361525704808,-0.7127771911298875,-17.010309278350512,13.147082990961367,12.30022831050228,10.29931652132925,6.1861953374980905,1.329394387001459,10.584878744650506,5.986631793083408,7.40329446603738,1.5662975965433423,5.228758169934644
2019-06-01,Argentina,40.57,42.99,42.03,39.02,42.31,62.79,16.63,53.1,72.47,1.81,-42.95095148753686,-2.516402292168418,23.36829331715351,19.4882116158712,3.545893719806781,-5.698469553891227,-0.6064389547846272,20.886338495575195,-0.1536754033979237,-18.18181818181817,-24.920993227990973,16.252028123309902,43.31983805668018,22.539736219141027,20.357803824799504,0.9365994236311348,12.788434806783444,30.54054054054054,12.287685774946922,-11.274509803921571,20.76978939724037,9.250317662007635,13.46153846153848,3.98909456163008,13.76093294460643,8.436532507739948,11.242116808335624,8.202653799758753,12.496676415846864,12.422360248447204
2019-07-01,Argentina,44.18,45.67,46.29,42.52,45.97,65.88,20.68,58.13,73.63,1.97,-20.744763382467013,13.948727078511691,37.29800173761946,20.77573179604859,15.94434991492344,5.207384717277885,11.940160679656486,27.05866340002723,10.916299559471357,-10.016694490818024,2.2749752720079064,23.199352576207176,45.981918633852345,20.15339425587466,25.279905715969385,16.131460110386353,21.875862068965525,30.19762845849801,21.164997364259364,-1.990049751243772,24.35357787131691,6.234007908816008,9.472693032015078,1.6006623430384836,8.969759097898521,10.135617416131335,8.898200640867637,4.921165790731008,8.65043724887733,8.83977900552486
2019-08-01,Argentina,41.86,44.94,41.65,41.07,45.79,61.45,18.35,54.06,68.84,2.2,-9.289439374185129,18.755555555555546,41.86765084542101,17.472809750232265,22.21889952153109,7.769485903814277,16.723518023416606,26.92436077174709,17.306850993087753,-0.1669449081802998,-3.37019483938914,16.879063719115717,36.37739656912211,10.055955235811354,20.936395759717307,6.521739130434767,15.47586206896552,20.27794088862791,18.412205844323747,13.402061855670125,-11.2669245647969,-1.59842347273923,-7.001548253913647,-6.505500475349713,-3.4101599247413072,-10.02376323179952,-5.251244907197828,-6.724347298117783,-0.3915597128562154,11.675126903553302
2019-09-01,Argentina,42.09,44.42,42.93,40.92,45.75,63.72,16.81,57.08,70.36,1.91,7.425933051173539,21.890232894024187,42.32741949045658,12.817386694937747,24.58475085051033,14.037992331822943,20.64971751412428,24.19554053175583,21.89522205478238,6.666666666666665,31.636648394675014,25.978445830969957,44.61616417532304,8.546744831842034,27.715355805243448,19.916201117318444,24.896142433234413,22.20943613348676,26.38121546961325,9.142857142857142,-8.392370572207097,-1.157098353360031,5.586385497595248,2.208018593840788,-0.365230094959823,3.073229291716695,0.5494505494505697,3.694060211554096,-0.0873553177549668,-13.181818181818194
2019-10-01,Argentina,43.77,42.24,44.93,43.57,46.47,67.09,17.76,59.02,75.16,2.01,17.287234042553212,20.944766106056445,46.74025526043464,11.512250949383551,28.80590890439065,19.584487534626028,24.495564869870343,24.771237588422323,27.10443912322711,12.29357798165138,32.93413173652697,20.341880341880337,60.1628222523745,15.880357693493677,38.40533672172808,34.52095808383233,34.09926470588236,31.91112858828156,37.85226935627411,14.204545454545435,5.651397977394423,-4.907699234579022,3.3987386124737284,6.822057987492891,6.476050830889535,4.658746797111579,3.991446899501061,5.288763339610814,1.5737704918032724,5.235602094240832
2019-11-01,Argentina,41.35,39.68,40.2,42.52,45.39,61.23,17.44,55.45,67.05,1.98,33.29062019477193,19.459152798789734,49.91697981298613,10.962050425431968,36.62865748709121,22.88647922464257,29.225924420967075,25.516339869281055,33.201045397347805,11.742424242424242,35.29868114817689,12.09039548022599,45.49986880083969,8.337372758119233,44.42934782608696,14.82433590402743,28.81619937694704,22.45999999999999,35.89820359281437,11.864406779661008,-1.8018018018018056,-6.060606060606066,-6.048797017960017,-10.79031399680681,-2.4099150791829227,-10.5274872023147,-5.528901073794845,-8.734535698315703,-2.324080051646216,-1.492537313432829
2019-12-01,Argentina,42.35,42.11,43.09,42.0,46.86,63.14,17.05,58.85,67.42,1.97,28.9486673247779,13.269406392694073,44.16902345699552,9.39310128894224,34.64732471354988,21.03077213517086,26.546212647671965,22.785865452446608,31.18971061093248,9.35779816513762,19.481429572529784,7.974358974358964,30.026513477684503,3.9149198520345374,22.77111955568547,14.814814814814811,17.671575437621566,14.654076629743962,21.304685477608064,2.604166666666674,-2.236238532110091,6.1239919354838745,6.131650135256983,0.5518269947800247,-1.2229539040451654,7.189054726368149,2.41837968561065,3.119385921933704,3.2385988103106333,-0.5050505050505083
2020-01-01,Argentina,43.03,40.44,42.43,44.16,49.0,62.11,18.0,58.23,65.98,2.32,22.81235376696302,14.694566951299604,44.01502504173624,6.254969520275666,35.98224664482723,14.478237115279558,25.23964818657971,20.910328729819103,32.50469043151971,17.85714285714284,15.532734274711157,25.70718060304631,59.84079055723304,6.625727213962507,42.54357650096836,13.814377682403434,30.000000000000004,26.34255492270139,41.7413942724906,42.331288343558285,5.571847507331373,-3.9658038470672063,-1.053525913339004,-2.135864728567183,5.142857142857138,-1.5316778834996605,1.6056670602125234,-1.6312955337345558,4.566794707639788,17.76649746192893
2020-02-01,Argentina,42.73,38.91,39.28,45.86,50.31,59.01,18.88,55.05,62.98,2.27,19.951067615658346,10.398109434648203,42.62159250973569,2.4092615769712333,32.92388240032216,10.716820440028396,21.85865119376014,16.16441810616567,30.719012698980496,22.616822429906524,24.950363997352756,0.1544401544401497,41.15384615384614,-3.1076923076923118,34.36859068268385,3.613822210498552,18.56270810210876,8.4942084942085,30.26929052304508,26.111111111111107,4.888888888888876,-3.783382789317513,-5.461102524471917,-4.546832373446508,3.849637681159424,-7.423992458166384,-0.6971880083662674,-4.991144743197551,2.673469387755101,-2.155172413793094
2020-03-01,Argentina,41.23,38.64,39.51,42.99,49.34,56.52,17.83,51.95,61.1,2.22,19.402007856831062,13.13644644740628,44.39395263479857,-0.9485094850948284,34.65276371735169,7.521731417420607,22.188011161358624,14.385061171925283,34.29397416207427,35.38767395626241,17.845340383344332,16.14066726780883,33.20512820512822,-5.999999999999995,27.680427680427687,5.219707057256984,18.51106639839033,9.21739130434782,31.57333333333334,38.74999999999999,-5.5614406779661,-0.6939090208172627,-5.63124432334241,-2.985074626865669,-6.258177060619275,0.5855397148676111,-3.510414228879011,-4.21962379257752,-1.9280461140926184,-2.2026431718061623
2020-04-01,Argentina,39.28,36.22,38.88,40.42,52.28,57.55,8.0,40.42,74.68,3.29,5.423249233671279,6.168346397909685,22.411359295856517,1.599959106476545,27.171667486473197,6.479051669532154,17.103762827822134,8.060186052319395,34.27308882015026,57.80933062880322,-34.264585045193094,3.3675799086758,-4.73721423521093,13.78942556757583,19.409158050221563,10.927246790299597,14.152862539959331,6.514899130112895,41.18282473669996,115.03267973856208,-55.131800336511496,-6.26293995859214,-22.1944177093359,22.225859247135848,-5.978134449872064,-1.5945330296127436,-4.72956585010913,1.8223637650389035,5.958654235914063,48.19819819819819
2020-05-01,Argentina,38.42,36.28,38.71,38.89,46.81,53.38,15.05,36.06,70.71,3.0,-0.4626247869491173,3.232398290915861,0.1559697418700878,3.080071884984026,20.11392653702615,5.154454022988508,12.548500047317134,2.2220865637018417,32.36133404672729,79.53586497890292,9.29557007988382,-7.801778907242696,-22.94871794871793,1.463624623331894,13.38192419825075,-0.1289989680082537,5.346860433232803,-8.013096674134069,24.46157936718958,86.33540372670807,88.12500000000001,0.1656543346217676,-10.786739238000989,-5.316014997321927,-3.785254824344386,-0.4372427983539095,-2.189409368635431,-7.245873153779314,-10.462892119357305,-8.814589665653493
2020-06-01,Argentina,39.47,41.53,38.0,39.7,44.66,52.6,21.15,37.35,67.85,2.77,3.828987549917784,-2.853978531265977,-20.023888147263392,2.6228403676789025,11.047867873472027,-0.2158149171270773,5.132346343651872,-6.47412067486417,22.915775972637874,83.03030303030299,27.17979555021046,-3.3961386368922986,-29.66101694915254,-6.375051745549887,1.742696053305992,-9.58838924577683,-2.7113630761646523,-16.228698837394482,5.554242495863848,53.03867403314917,40.531561461794,14.470782800441008,3.5773710482529086,-4.044689577146087,2.082797634353306,-1.8341513820718136,2.732951587714716,-1.4612214312476612,-4.593035676137591,-7.666666666666666
2020-07-01,Argentina,38.18,40.76,39.4,36.72,42.1,50.41,22.05,33.68,67.13,2.53,14.036805011746289,-7.374423873134928,-32.23438587609948,-4.6804763890819885,-0.4575276243093951,-8.632357570034587,-4.248473849199785,-16.234600964113543,6.100563984430862,53.98886827458256,6.624758220502902,-10.751040070067884,-42.06089798726992,-8.827923400787718,-13.640639698965206,-14.884424281702312,-13.580805794477136,-23.48208864602307,-8.418533826408526,28.42639593908629,4.255319148936176,-1.8540813869492023,-9.825970548862117,-1.061164333087694,-7.50629722921915,3.6842105263157783,-3.2683050418038984,-4.16349809885932,-5.7321988356471065,-8.664259927797847
2020-08-01,Argentina,41.31,44.71,41.24,40.34,45.44,52.29,26.21,40.11,64.47,2.38,24.703557312252958,-4.940119760479034,-32.76060257728841,-7.206662324369583,-4.771225838023019,-8.717396322228199,-6.042176763288831,-18.3147485798443,-1.3947937644514077,28.428093645484957,42.83378746594004,-0.5117935024476994,-25.80466148723641,-6.34805345729228,-1.7774531288044737,-0.9843937575029882,-1.3139034878165257,-14.90642799023597,-0.7643590303559766,8.18181818181818,18.866213151927447,9.690873405299328,19.091448931116386,-3.962460896767461,9.858387799564271,4.670050761421329,8.198009429020425,3.7294187661178313,7.933491686460803,-5.928853754940711
2020-09-01,Argentina,40.31,38.45,39.11,41.56,44.97,50.83,25.13,38.93,62.73,2.27,31.42908309455588,-8.227801229356436,-33.40816447096356,-8.692383592538654,-4.730543731427206,-8.496981737602205,-6.5012097088894,-19.638838000523428,-3.636099192785991,18.09210526315788,49.49434860202262,-13.439891940567303,-31.79747722494745,-10.844229675952244,1.564027370478982,-8.89820638248311,-4.229033024471374,-20.22912743251727,-1.704918032786884,18.848167539267013,-4.120564669973303,-14.001341981659577,-2.9419097481924728,-2.698929734760358,3.024293505205744,-5.164888457807959,-2.4207213749697365,-2.7921208644100197,-1.034330985915488,-4.621848739495793
2020-10-01,Argentina,38.83,40.38,36.41,39.76,40.75,46.85,28.89,35.48,58.22,1.99,51.60619803476947,-6.124620060790287,-32.69863657733898,-13.500653106922922,-3.1060847403631686,-9.844799629372249,-5.692139054181022,-21.996255071257664,-4.963408448663131,8.496732026143782,62.668918918918905,-4.4034090909090935,-39.88478481870553,-22.538584353379456,-8.744549001606616,-18.9628310705542,-11.286269134110128,-30.168430466537487,-12.30901656983,-0.995024875621886,14.962196577795472,5.019505851755524,-8.862060107885961,-7.189542483660127,-4.331087584215599,-6.903605216057285,-3.671545522202935,-7.830021640763318,-9.38403380031132,-12.334801762114534
2020-11-01,Argentina,40.87,40.87,39.52,41.64,43.79,49.73,29.08,39.81,59.65,2.02,59.77696596808304,-5.255659331961371,-33.41882832993297,-15.039751611233932,-3.188725297220696,-10.167109167577705,-5.659932395251954,-23.2399500104145,-5.886200130804465,6.440677966101682,66.74311926605503,2.9989919354838745,-28.205590622182143,-11.036539895600296,-2.069614299153344,-1.691542288557213,-1.1608222490931186,-18.781642985464643,-3.5250055078211107,2.020202020202011,0.6576670128071838,1.213472015849426,12.204058624577252,2.456200618344217,4.728370221327971,8.54160944795388,5.253669842904962,6.147278548559232,7.460122699386495,1.5075376884422065
2020-12-01,Argentina,39.32,39.76,38.55,39.63,41.2,47.82,28.93,39.68,55.96,2.02,66.31578947368422,-2.434894783520114,-33.66605123471037,-17.077708343271468,-5.511749551096878,-10.715956948993933,-6.629010747626896,-24.57954664159615,-9.356978085351786,1.1744966442952975,69.6774193548387,-5.580622180004758,-32.57434154630416,-16.997923464847233,-5.642857142857139,-10.53608725922489,-7.154663518299886,-24.26354133671207,-12.078531796841652,2.538071065989844,-0.515818431911963,-2.715928553951552,-0.3265511178096036,-6.186085498742666,-4.827089337175783,-2.4544534412955565,-3.792512845608021,-3.840739995978271,-5.914592372687821,0.0
2021-01-01,Argentina,38.2,36.9,36.6,39.53,40.9,46.2,27.55,35.91,56.5,1.88,63.00247666222138,-3.8452098502822496,-33.11308178287834,-14.138189074582195,-6.123717749456015,-8.789373210308614,-6.580920066282648,-22.91398541398541,-10.874336283185848,-5.582137161084521,53.05555555555557,-8.753709198813054,-38.33075734157651,-14.367990300090938,-10.484601449275354,-13.7402781051143,-11.224726934696715,-25.61584285944292,-16.53061224489796,-18.965517241379303,-4.770134808157622,-7.1931589537223335,-9.501008064516135,0.9649749821300846,-0.2523340903356041,-5.0583657587548565,-2.8484231943031517,-3.387703889585947,-0.728155339805836,-6.930693069306937
2021-02-01,Argentina,37.8,38.1,35.7,38.9,41.1,43.35,28.85,33.36,53.34,1.82,58.22362321527912,-5.516219331467132,-36.704816127345616,-15.57185049394032,-10.57415543099529,-11.177884615384617,-9.983607837015072,-25.447736893520023,-15.71457891496203,-12.804878048780475,52.80720338983051,-2.081727062451799,-39.400544959128055,-15.3064464909495,-15.176624509376367,-9.114052953156817,-11.53756143224901,-26.537874936451445,-18.306499701848544,-19.823788546255507,4.7186932849364815,3.252032520325221,-7.101086048454464,-5.592920353982301,-1.593726283835073,-2.4590163934426146,-1.0471204188481795,-6.1688311688311686,0.4889975550122383,-3.191489361702116
2021-03-01,Argentina,38.2,36.8,36.2,39.8,43.19,44.4,26.99,37.03,51.78,1.78,52.42186072016087,-5.246207305703887,-35.665436058827105,-14.963695675050005,-11.111946470190205,-10.493317934334256,-10.07165918576266,-24.5946858815582,-15.782038345105963,-19.53010279001468,51.37408861469434,-4.761904761904767,-28.71992300288739,-15.25368248772504,-7.420330309374279,-8.37762591748923,-7.349017705554194,-21.44373673036094,-12.464531820024328,-19.819819819819827,-6.447140381282502,-3.4120734908136607,11.001199040767396,-2.924634420697414,2.3136246786632286,1.4005602240896309,1.0582010582010692,2.422145328719716,5.085158150851576,-2.197802197802201
2021-04-01,Argentina,35.3,37.6,32.7,36.2,40.25,41.8,23.95,30.52,53.08,1.73,78.46119436367704,-1.1162872461984883,-31.54931488264824,-20.4065204266452,-11.116268275702035,-11.107334069856368,-9.68841285296982,-25.15021955165242,-18.028039228592128,-31.49100257069408,199.375,3.810049696300388,-24.492825333993075,-28.92340653454741,-10.440376051459666,-15.895061728395056,-10.132382892057034,-27.367506516072982,-23.010711553175213,-47.41641337386019,-11.26343090033346,2.1739130434782705,-17.580340264650285,2.5106218617226617,-9.04522613065325,-9.66850828729282,-7.591623036649231,-5.855855855855863,-6.807131280388978,-2.8089887640449507
2021-05-01,Argentina,35.4,35.8,35.4,35.4,40.17,42.29,23.85,31.14,53.43,1.93,82.95009784735812,-0.8457800971747753,-23.15658335279919,-23.342534747445388,-8.91251022076862,-10.93082835183602,-8.433532329941984,-23.26664676022692,-16.72168699050056,-36.07520564042302,58.4717607973422,-1.3230429988974723,-13.643926788685524,-24.43784471786168,-8.974029313448195,-8.550762076982698,-7.860489328474762,-20.77557137504684,-14.185003204443491,-35.66666666666667,-0.4175365344467607,-4.787234042553202,2.0314547837483543,0.6593820648078452,-2.209944751381232,8.25688073394495,0.2832861189801638,1.172248803827758,-0.1987577639751547,11.560693641618492
2021-06-01,Argentina,34.6,35.6,34.4,34.5,38.93,43.43,21.55,32.98,53.87,1.7,56.900452488687804,-4.411119880733128,-16.858473161732423,-24.78897017445132,-10.847827913620687,-11.324509040574448,-10.130579499871995,-22.020424386962645,-16.97391304347825,-40.83885209713025,1.891252955082745,-14.278834577413912,-11.700133868808582,-20.604274134119382,-13.09823677581865,-9.473684210526322,-12.338484925259683,-17.433460076045627,-12.83027317510076,-38.62815884476535,-9.643605870020966,-0.5586592178770777,5.908798972382767,0.8235073928504644,-2.542372881355925,-2.824858757062143,-2.259887005649708,2.6956727358713684,-3.086880756783672,-11.917098445595853
2021-07-01,Argentina,37.9,39.2,35.4,38.9,42.36,44.64,26.58,34.93,54.35,1.7,23.57081545064379,-6.721767732141348,-7.507703800541599,-21.41086100442411,-5.645650854219064,-9.396262165188208,-7.038855862841398,-16.644286719099675,-9.066407127348963,-35.78313253012049,20.544217687074816,-3.827281648675162,3.71140142517814,-19.037688067927892,5.936819172113284,-10.152284263959388,-0.7333682556312282,-11.446141638563766,0.6175771971496324,-32.80632411067194,23.34106728538281,10.1123595505618,5.912674348089753,0.8910339706701409,12.753623188405784,2.906976744186052,9.537572254335249,2.7860925627446465,8.810685846390953,0.0
2021-08-01,Argentina,39.76,37.76,39.3,40.63,44.86,45.08,29.35,37.8,52.36,1.85,11.62656677712146,-11.370078740157474,-4.885729710275333,-19.488593632489337,-2.3381294964028743,-8.041132838840193,-5.632145258910581,-14.2627173213136,-4.576399394856279,-31.640625,11.980160244181604,-15.544620890181172,-5.759162303664922,-18.78393051031487,0.718889439762016,-4.704170708050448,-3.752118131203108,-13.78848728246319,-1.276408450704225,-22.2689075630252,10.421369450714836,-3.673469387755113,8.21643286573146,-3.661453541858328,4.447300771208229,11.016949152542368,4.907651715039574,0.9856630824372604,5.901794145420203,8.823529411764719
2021-09-01,Argentina,40.52,38.47,40.14,41.35,43.92,46.94,30.7,39.43,54.44,1.58,18.04060498705544,-6.851194318915422,-0.4968062455642297,-17.07404929758658,1.9052436351374211,-4.10020876826721,-1.352253756260435,-10.98808050543868,-1.0338842351520603,-28.551532033426174,22.164743334659764,0.0520156046813991,1.2843565373747756,-13.215367447792126,-0.5052935514918255,2.6335975453848137,0.520962540312575,-7.652960849891799,-2.3348899266177336,-30.3964757709251,4.599659284497437,1.880296610169485,4.312169312169312,3.972498090145149,1.7720895889736576,2.13740458015268,1.9114688128772703,4.125998225377114,-2.095407935800264,-14.59459459459459
2021-10-01,Argentina,40.21,40.18,39.17,40.82,43.5,46.94,30.19,37.68,56.21,1.52,12.476629689642271,-5.771410069613081,0.3405518686692144,-12.086074857081218,0.9370376458984088,1.5844467283316233,0.0332088003320851,-7.341468293658737,0.8539188777066276,-25.45180722891566,4.499826929733475,-0.4952947003467156,6.200676437429542,-3.452421848162135,2.665995975855129,7.580335072782218,3.5539531290239568,0.1921024546424732,6.748466257668717,-23.61809045226131,-1.6612377850162785,4.445022095139062,-4.438244991123508,3.25128581925056,-1.2817412333736455,-2.4165421026407508,-0.7650542941757266,0.0,-0.9562841530054712,-3.797468354430378
2021-11-01,Argentina,39.69,40.02,39.37,39.78,43.74,44.06,31.28,33.24,54.88,1.45,10.914560770156443,-0.8604845446950726,-3.388198213973037,-8.344407530454045,-0.8214053350682926,3.1641168289290755,0.3416381968169402,-6.424258869818877,1.2740328932128842,-27.54777070063693,7.565337001375516,-2.079765108881804,-16.503391107761868,-7.996647108130761,-4.466858789625361,-0.3795546558704621,-2.887203327624177,-11.401568469736567,-0.1141813199360575,-28.21782178217822,3.610467042066912,-0.398208063713279,-11.783439490445858,-2.3661270236612686,-2.547770700636942,0.5105948429920737,-1.293210644118381,-6.135492117596919,0.5517241379310311,-4.605263157894745
2021-12-01,Argentina,37.77,38.74,37.63,37.55,42.75,41.04,29.51,30.8,51.28,1.42,4.695051783659365,-1.7106024295512667,-11.524745585804986,-6.592647989414946,-2.379575311906146,1.4762403913347375,-1.134263149050574,-8.559556786703615,3.3799904564975503,-27.19734660033165,2.0048392671966786,-2.5653923541247403,-22.379032258064512,-8.363116511794132,-5.24854907898058,-2.386511024643312,-3.942014242115965,-14.178168130489333,3.762135922330101,-29.702970297029708,-5.658567774936063,-3.1984007996001984,-7.340553549939832,-6.559766763848396,-5.6058320764203255,-4.41960883921767,-4.837490551776257,-6.854289605083985,-2.263374485596714,-2.0689655172413834
2022-01-01,Argentina,40.14,41.0,38.89,40.6,45.04,42.96,32.42,34.84,51.08,1.54,8.941093969144465,1.897387900961456,-14.315424610051997,-8.63982336877579,-2.375827814569542,1.0639225603906954,-0.6672860883520593,-10.91478260869565,4.480101676066406,-25.506756756756765,17.676950998185113,11.111111111111116,-2.9796714007240155,-9.592920353982304,2.706804958259545,6.2568306010929,5.078534031413606,-7.012987012987015,10.122249388753058,-18.08510638297872,9.861064046086064,5.833763551884341,13.116883116883129,-0.3900156006240274,8.122503328894815,3.348392240233844,6.274821286735488,4.678362573099415,5.356725146198826,8.450704225352123
2022-02-01,Argentina,39.43,40.71,38.11,39.8,44.07,40.64,33.57,32.87,48.42,1.49,11.918434313840365,4.958173579644498,-9.582377237264794,-9.059107358262953,-0.093172962900212,3.410013531799727,1.751647589316674,-9.266943291839569,7.029220779220768,-22.2027972027972,16.360485268630853,6.850393700787394,-1.4688249400479636,-9.22384701912261,2.3136246786632286,6.750700280112043,4.312169312169312,-6.251441753171861,7.226277372262779,-18.13186813186813,3.547193090684764,-0.7073170731707323,-5.654420206659028,-5.20751761942051,-1.9704433497537035,-2.005656981229109,-1.7688091679123108,-5.400372439478584,-2.153641207815271,-3.2467532467532534
2022-03-01,Argentina,36.91,37.96,36.17,37.03,42.73,37.34,30.67,29.41,45.28,1.51,15.913179038253976,7.039355992844376,-8.635936030103464,-10.41950253681473,-0.6766472130592893,4.304147465437791,1.9964973730297373,-9.712579320642046,5.311925872673529,-17.15328467153285,13.63467951092998,3.152173913043499,-20.57790980286255,-12.553109308613363,-6.959798994974864,-0.0828729281768025,-3.376963350785356,-15.900900900900892,-1.0650613567955602,-15.1685393258427,-8.638665475126594,-6.755097027757307,-10.526315789473673,-6.484923585295332,-6.959798994974864,-5.090527420624502,-6.391072787217866,-8.120078740157478,-3.0406171999092457,1.342281879194629
2022-04-01,Argentina,35.72,40.97,34.61,34.78,40.33,40.26,26.57,28.88,51.63,1.44,13.811254543175844,6.346666666666678,-9.662075116440382,-8.135271807838185,-2.863359442993896,4.101338432122348,0.682839173405192,-8.730219992280963,2.0796531234944737,-16.69793621013135,10.93945720250522,8.962765957446805,-5.373525557011794,-2.731725697061027,-3.92265193370166,5.84097859327215,1.1898016997167191,-3.68421052631579,0.1987577639751547,-16.763005780346816,-13.368112161721555,7.929399367755519,-1.8021081264875891,14.023851590106018,-6.076154469349171,-4.312966546862052,-3.224058520726081,7.820032137118349,-5.616662766206404,-4.635761589403975
2022-05-01,Argentina,36.3,35.58,36.62,36.33,40.16,39.15,29.59,27.63,50.68,1.3,16.098408878192274,3.911070780399295,-12.939507548890472,-6.759744772253451,-2.9263913824057464,2.9721955896452545,0.0275482093663681,-9.136897813059395,-0.315508454008595,-21.87499999999999,24.067085953878408,-0.614525139664801,-11.271676300578036,-5.146921205315369,2.627118644067794,3.446327683615813,2.542372881355925,-7.424923149680773,-0.0248941996514928,-32.64248704663212,11.366202484004509,-13.15596778130339,-4.32825484764543,-1.8400154948673308,4.4565842438182734,5.807570066454781,1.6237402015677471,-2.7570789865871803,-0.4215224398710693,-9.72222222222222
2022-06-01,Argentina,39.09,40.38,37.42,39.67,42.23,41.74,33.31,29.24,54.23,1.4,29.012256669069924,7.275229357798163,-9.393491124260343,-2.3943135054246056,4.410933081998114,5.999999999999983,5.517568850902177,-4.995294855708899,2.8236279849182866,-22.76119402985074,54.57076566125289,13.426966292134823,-11.340206185567004,0.668275478002589,14.985507246376816,8.779069767441872,12.976878612716767,-3.891319364494583,8.47675314667351,-17.647058823529417,12.571814802298077,13.490725126475557,5.826999638074559,7.004735595895806,9.193503991191854,2.1845985800109435,7.685950413223153,6.615581098339729,5.154382470119523,7.692307692307687
2022-07-01,Argentina,34.74,38.39,31.65,35.44,37.93,39.6,26.71,25.3,53.9,1.12,24.49291469852737,3.39059674502713,-17.041898031297322,-1.7568821527992773,2.426470588235308,0.4657794676806048,2.0667284522706275,-7.57134090211723,-0.9385806026675492,-28.33020637898685,0.4890895410082807,-2.0663265306122502,-27.569424563412536,-0.8279668813247487,-8.894601542416458,-10.593220338983055,-8.33773087071239,-11.290322580645162,-10.45797922568461,-34.11764705882352,-19.81386970879616,-4.928182268449732,-13.474692202462368,-0.6085192697768749,-10.662969498361496,-15.419561731694287,-11.128165771297006,-5.126976521322469,-10.18233483305706,-19.999999999999982
2022-08-01,Argentina,37.05,38.95,36.59,36.74,38.45,44.84,27.85,32.07,55.98,1.18,13.40991223541559,4.584221748400852,-18.06830006621889,2.1982812305392896,-1.911777602385334,-3.153070577451889,-1.2292891501870518,-5.234697709350355,-5.97701149425286,-29.52380952380952,-5.110732538330498,3.15148305084747,-15.15873015873015,6.913674560733374,-9.574206251538277,-6.89567430025444,-6.815895372233404,-0.5323868677905796,-14.288898796255012,-36.21621621621623,4.26806439535754,1.4587132065642106,26.75889328063241,3.858998144712422,3.6681715575620943,15.608214849921032,6.649395509499123,13.23232323232324,1.3709464803585591,5.357142857142838
2022-09-01,Argentina,37.19,36.21,36.06,38.13,38.73,44.98,27.86,31.68,58.28,1.23,-4.859748355073313,-1.628692714199076,-20.604493580599136,4.349984486503278,-8.744209133024484,-9.177986764193646,-7.78473514977156,-5.297819405824655,-12.223577855726708,-31.189083820662777,-9.25081433224756,-5.874707564335846,-19.655084960689827,7.053637031594429,-7.787182587666264,-10.1644245142003,-8.218163869693996,-4.17554324669791,-11.816939890710398,-22.151898734177223,0.0359066427289,-7.034659820282418,-1.2160898035547207,4.108610217934983,3.783342406096901,-1.448483192129002,0.3778677462888069,0.3122212310436856,0.728218465539654,4.237288135593231
2022-10-01,Argentina,35.65,37.46,34.66,35.68,38.27,42.09,26.59,29.09,55.1,1.28,-8.798758865248235,-3.2557340434670623,-19.206335392916174,3.895466535795356,-9.9755700325733,-9.527021330410568,-8.797410573491593,-5.073402417961992,-12.723011793166004,-25.454545454545453,-11.924478304074205,-6.769537083125932,-22.797239915074307,-1.9747375911759455,-12.591866731994116,-11.513913709471543,-11.340462571499632,-10.33233915636982,-12.022988505747122,-15.789473684210533,-4.558506819813346,3.4520850593758645,-8.17550505050505,-5.45641729581331,-6.425386834513514,-3.882418191902404,-4.140898090884648,-6.425077812361035,-1.187709785695823,4.065040650406515
2022-11-01,Argentina,35.15,34.05,34.27,35.98,37.24,41.73,26.47,27.65,55.81,1.19,-12.20570684604536,-9.22726889694111,-19.873130946986876,2.2110795626170354,-9.971299712997151,-11.535220761712184,-10.322205613685432,-6.626069305495131,-12.900274473924966,-18.68131868131868,-15.377237851662407,-14.917541229385323,-16.817087845968725,1.6946064139941708,-9.55253896430368,-12.954025908051802,-11.438649533887624,-5.288243304584672,-14.860539551897578,-17.931034482758623,-0.4512974802557412,-9.103043246129216,-4.9501546923341415,1.2885662431942002,0.8408071748878809,-1.1252163877668586,-1.4025245441795289,-0.8553100498930988,-2.6914031878756184,-7.031250000000011
2022-12-01,Argentina,35.91,39.23,35.92,34.9,40.06,40.27,27.39,27.19,53.34,1.25,-11.573972301604762,-6.894232386077015,-17.489186000786482,1.1578493564082135,-9.809564113415137,-9.744340191099232,-9.314183734171843,-6.020902756740365,-11.093161012385568,-15.261958997722116,-7.184005421890882,1.2648425400103136,-11.72077922077922,4.017160686427457,-7.057256990679095,-4.54424661174595,-4.924543288324079,-1.8762183235867316,-6.292397660818705,-11.971830985915489,3.475632791839822,15.21292217327459,-1.6636528028933006,-4.425730155886043,-3.0016675931072823,4.814706740589436,2.1621621621621623,-3.4986820033548804,7.572502685284643,5.042016806722693
2023-01-01,Argentina,38.52,38.77,38.12,38.68,40.92,44.61,30.03,31.69,57.53,1.27,-9.9989271537389,-6.437875751503008,-12.489886731391596,6.003561434749427,-7.097430679216499,-6.540685132453195,-6.819727891156457,-1.1322817429330057,-10.119364403558128,-15.873015873015872,-7.371992597162247,-5.439024390243896,-9.041331802525844,12.627251370399373,-4.72906403940887,-1.979943430187714,-4.035874439461873,3.8407821229050176,-9.147424511545289,-17.532467532467532,9.63855421686748,-1.1725720112158888,16.550202280250083,7.855268091488554,10.83094555873927,6.124721603563454,7.268170426065179,10.77725353861434,2.1467798302546197,1.6000000000000014
2023-02-01,Argentina,36.18,35.78,37.06,35.8,39.25,41.4,27.89,28.36,54.45,1.17,-10.670157068062837,-5.53756745537568,-11.440462897167802,9.64318875182384,-7.265790589232735,-3.079473087324447,-5.735469575592289,1.3157894736842255,-8.819960564234798,-17.078651685393254,-16.919868930592784,-12.110046671579466,-13.720717979920892,12.453531598513012,-10.050251256281406,-2.7551823668328423,-8.24245498351509,1.870078740157477,-10.937145450419782,-21.47651006711409,-7.126207126207129,-7.712148568480792,-10.508046702429796,-5.3537284894837445,-7.445708376421933,-2.7806925498425894,-6.074766355140193,-7.195696032279764,-4.081133919843605,-7.874015748031504
2023-03-01,Argentina,38.19,39.73,37.28,38.26,40.58,44.43,29.58,31.93,56.92,1.18,-9.476515621767035,-4.504052811899395,-5.292421746293263,16.659759635308745,-3.993868687728897,-0.6273747459573986,-3.0820741758241565,7.855134777575645,-8.41171116504853,-20.264317180616743,-3.553961525921101,4.662802950474165,8.568514110846648,25.706713780918733,3.321631109910883,3.0688415814210668,3.4678948794364617,18.987680771290822,-5.031593728059914,-21.85430463576159,6.059519541054126,11.039686975964225,12.588152327221437,4.536271808999071,6.87150837988828,0.5936319481921082,5.555555555555558,7.318840579710151,3.388535031847129,0.8547008547008517
2023-04-01,Argentina,37.08,36.88,38.59,36.28,40.54,44.66,26.04,30.09,59.24,1.07,-8.038762250853448,-6.059846205282526,-0.8556384379113657,17.39489437831143,-1.1378908699937296,3.710166222793676,-0.5443512404069262,10.360284167794331,-5.317391646346248,-22.97297297297297,-1.994730899510733,-9.982914327556736,4.189750692520788,14.7394925430951,4.3128234617596295,11.499566599248778,3.807390817469214,10.92896174863387,0.5207041904289555,-25.694444444444443,-11.967545638945232,-7.173420588975576,-5.762605699968681,4.075895994378076,-5.175117616309455,3.513948497854092,-2.906520031421833,0.5176682421786927,-0.0985707244948175,-9.32203389830507
2023-05-01,Argentina,38.31,38.53,38.7,38.02,39.14,49.11,26.68,36.61,61.62,1.13,-5.217090867211816,0.550170290804286,14.792830540037238,20.455315400772413,4.087294248196782,6.67597765363126,4.268796474800318,18.37259100642399,-2.402207433858139,-20.47058823529412,-9.834403514700918,8.291174817313095,32.500904813608386,21.58642462509865,4.651802917698888,5.679956308028422,5.537190082644639,25.440613026819925,-2.539840637450186,-13.076923076923086,2.457757296466978,4.47396963123643,21.66832834828847,4.017555705604314,4.7960308710033095,0.2850479398808003,3.3171521035598728,9.964173757277203,-3.453379378391708,5.607476635513997
2023-06-01,Argentina,41.79,42.25,40.89,42.17,42.02,51.67,31.67,38.91,64.43,1.12,-5.677880853917527,0.6243051398272526,23.16034985422739,18.365912865721224,5.13630619245351,8.771283939254527,5.463054630546282,20.049525381758148,-0.8311603650586585,-19.806763285024143,-4.923446412488741,4.631005448241687,33.07113543091656,18.80877742946709,6.301991429291665,9.27311598075895,6.907137375287786,23.790129372304737,-0.4972768174283493,-19.999999999999982,18.70314842578711,9.65481443031404,6.282436492761523,4.560207724764709,10.915307732772227,5.658914728682163,9.083790133124502,5.2127876196294,7.358201328564129,-0.8849557522123686
2023-07-01,Argentina,43.56,43.39,43.32,43.76,45.02,52.74,32.93,41.74,63.75,1.2,1.8636312911505248,8.587669435942292,42.7041499330656,19.51388451608842,11.225771715721455,16.292932160090846,12.285480795423576,27.41306332475726,4.87034574468086,-9.685863874345568,23.28715836765256,13.024225058609009,64.9802371541502,18.27458256029686,23.476297968397297,36.87203791469196,25.38860103626943,33.18181818181818,18.69232797258107,7.14285714285714,3.9785285759393663,2.6982248520710077,7.273194551529194,-1.0554089709762682,3.770452928622237,5.942773294203962,4.235463029432895,2.0708341397329244,7.1394574012375145,7.14285714285714
2023-08-01,Argentina,44.06,46.13,43.41,43.82,45.39,55.24,31.57,45.91,64.56,1.27,9.445772163423216,11.935100237852536,46.12631335873456,17.445615745536514,16.00357621814932,20.783645655877336,16.711760461760438,26.525598351561253,11.65163139701544,-2.972972972972965,13.35727109515259,18.43388960205392,43.15559713127533,15.326902465166148,19.27054980947196,18.63897239682972,18.920377867746296,23.193577163247102,18.04941482444733,7.6271186440677985,-4.1299726692985095,6.314819082737966,9.990416866315275,1.2705882352941122,0.1371115173674608,0.2077562326869619,1.1478420569329684,4.740235115661728,0.8218569524655717,5.833333333333335
2023-09-01,Argentina,43.38,42.87,42.56,44.01,43.77,57.46,28.92,46.38,68.53,1.03,13.346275175928168,16.591809775429333,50.5109489051095,17.055185537583228,19.29108874988668,23.95973154362414,20.205542301339708,27.831865244938943,16.56676222743463,-0.8498583569404916,3.804737975592265,18.392709196354584,46.40151515151516,17.58750857927247,15.420928402832402,18.025513033832507,16.644259209464927,27.7456647398844,13.01316808675448,-16.260162601626014,-8.39404497941083,-7.066984608714511,1.0237421041167538,6.149318463444864,0.4335919671382804,-1.9580741764570253,-1.5433499773036763,4.018826937002173,-3.5690680766688687,-18.89763779527559
2023-10-01,Argentina,45.11,44.13,44.69,45.65,44.18,56.75,34.4,44.5,69.01,1.22,15.2976913730255,18.21168531344344,47.339508832399815,19.331601322626348,20.74174581637269,21.75938868698164,20.620620620620645,28.45879766507464,15.495885664789943,-4.607046070460719,29.37194433997743,17.805659369994675,52.97353042282571,25.245009074410163,27.942825112107617,28.93825735718407,26.535764375876592,34.830125920646225,15.442905670237783,-4.6875,18.94882434301519,2.939118264520646,-4.053471323846491,0.7004231723332977,3.7264258123153926,5.004699248120281,3.9880129091747207,-1.2356421858684352,0.936714644733838,18.446601941747566
2023-11-01,Argentina,47.51,46.77,46.71,48.18,46.74,63.72,32.07,53.69,73.75,1.41,17.88185862580327,24.18306721128853,63.50373218728795,24.88326733258466,25.548774933964857,27.5931041051529,25.93758681359384,38.14440993788819,17.900910364145652,-1.0810810810810922,21.156025689459774,37.35682819383261,94.1772151898734,32.144776921698615,33.90772651473042,36.29997081995915,35.163584637268855,52.69590222861251,25.510204081632647,18.487394957983195,-6.773255813953483,5.982324949014273,20.65168539325841,6.868569772496724,5.542168674698789,4.520026851644676,5.320328086898685,12.28193832599118,5.794477138976917,15.573770491803284
2023-12-01,Argentina,39.81,40.44,42.24,38.23,42.24,59.46,17.73,50.06,68.85,2.86,4.661280298321957,18.602131117933894,76.6352913141904,28.834094368340946,23.930180180180184,27.45827372436811,24.102708274763398,44.99959706664516,15.220212858008097,47.58064516129031,-35.26834611171961,3.084374203415763,84.11180581095992,29.07761529808772,9.541547277936967,17.59465478841871,10.860484544695082,47.653339955301696,5.441837244133807,128.79999999999998,-44.71468662301216,-13.534316869788332,-6.761035574594887,-6.644067796610176,-20.651722706517223,-9.569685292228646,-16.207114291728054,-6.685499058380406,-9.627727856225931,102.83687943262412
2024-01-01,Argentina,35.6,32.74,40.28,33.76,39.49,52.64,14.66,45.77,59.51,2.61,-23.1612826320181,7.050423917893789,72.79556223275168,21.25629949604031,9.684191310697331,19.314929369402662,12.173754334732624,38.86738804201879,8.670275757063095,85.44474393530996,-51.18215118215118,-15.553262832086666,44.430419690754185,3.441682600382401,-12.719751809720792,5.666316894018908,-7.580477673935626,18.00044832997085,-3.4946236559139754,105.51181102362204,-17.315284827975187,-19.04055390702274,-8.569716340391532,-13.56572258533042,-11.692388176824489,-4.640151515151514,-10.575232353679986,-11.469895728220658,-6.510416666666663,-8.74125874125874
2024-02-01,Argentina,36.04,33.76,43.06,32.69,38.62,52.53,16.97,46.83,58.23,2.57,-42.14042902356112,-6.0116013359114095,63.52590554791382,12.865956932010626,-4.296946425306302,13.033303330333034,0.7594250067805675,30.36902122267975,0.099808699991688,117.88617886178857,-39.15381857296523,-5.645612073784245,65.12693935119887,6.942148760330569,-8.687150837988822,16.18996222342148,-0.3869541182974001,26.884057971014496,-1.6050955414012802,119.65811965811967,15.757162346521136,3.115455100794118,2.315927463403966,-2.1508990085699957,-3.169431279620849,6.901688182720966,1.2359550561797716,-0.2089665653495442,-2.2030893897189263,-1.532567049808431
2024-03-01,Argentina,36.68,36.43,41.78,33.83,39.69,56.56,13.79,52.14,60.98,2.56,-48.091428571428565,-9.93174658732936,57.36029571646013,5.814091178211944,-11.051978002483564,11.257335941668137,-4.048188502081695,23.98804047838088,-2.443064182194621,113.8121546961326,-53.380662609871536,-8.306065945129614,63.29470717193861,7.132817990161611,-11.578672242550969,12.070815450643767,-3.953914637339617,27.301372946207515,-2.193198620009862,116.94915254237289,-18.738951090159105,7.90876777251186,11.338885329916714,4.7226515541817005,3.4873049862343297,-2.9725963771481734,1.7758046614872347,7.67180658671236,2.770585189021224,-0.3891050583657462
2024-04-01,Argentina,37.17,38.45,39.48,35.45,41.85,56.14,13.5,52.27,60.01,2.45,-47.00035923841456,-3.336595782542928,67.33790661650809,5.04659750307721,-7.585644371941269,10.085893916585476,-1.399730820995948,26.622729711088983,-0.1744620752679226,121.63742690058484,-48.156682027649765,4.257049891540121,73.71219674310403,1.2997974341661056,-2.287761852260195,2.306296968126431,0.2427184466019527,25.705329153605017,3.2313764183522498,128.97196261682242,-2.102973168963007,5.544880592917933,0.2493287303414026,-1.5906854706461138,4.788649127992928,-5.505026328386798,1.335877862595436,-0.7425742574257432,5.442176870748305,-4.296875
2024-05-01,Argentina,38.3,41.84,42.91,34.6,41.89,56.35,16.67,52.37,60.34,2.51,-46.58566221142161,1.3722424874066386,58.95772077461218,1.996850039374487,-7.711442786069645,8.379156847342228,-1.259024476140147,22.322720694645447,2.635955429901893,122.4852071005917,-37.51874062968516,8.59070853880095,43.04834744605299,-2.0772476468678858,-8.99526564965808,10.878552971576203,-0.0261028452101408,14.742414986764407,7.026060296372005,122.12389380530976,23.481481481481502,8.816644993498057,0.1913143294432595,0.5499083486085743,-2.3977433004231385,8.687943262411357,3.040086090933536,0.3740648379052302,0.0955794504181595,2.44897959183672
2024-06-01,Argentina,37.23,35.96,44.76,33.28,40.91,51.32,19.45,47.31,55.34,2.46,-41.20156416637041,-1.1983681795002532,43.87842060410949,-5.181067515786064,-11.281875160985669,7.590116771027233,-3.823178016726403,12.630638063806376,2.423993426458515,123.49397590361444,-38.58541206188823,-14.887573964497037,21.58828064764844,-14.108334626726682,-21.081337443680336,9.464416727806311,-10.911701363962678,-0.677375653183665,-2.6415992384578924,119.64285714285712,16.676664667066564,-14.053537284894846,-9.662020240595748,-8.28637719588996,-3.815028901734108,4.311349335819159,-2.7937336814621405,-8.926353149955634,-2.339460491764156,-1.9920318725099584
2024-07-01,Argentina,39.1,36.31,44.07,37.07,42.56,53.36,21.38,49.15,57.57,2.37,-37.00701139351445,-8.101795924941623,26.92307692307692,-8.719704952581663,-15.328761597418318,7.18411846066227,-7.302280446385245,4.8918707660239535,-0.6498652718338938,112.75362318840584,-35.074400242939575,-16.317123761235308,17.75275515093435,-9.69411764705882,-15.287934186471665,1.731301939058172,-10.238751147842065,1.175578308684111,-5.464238116392717,97.5,9.922879177377888,0.9733036707452848,3.889241175227221,4.029634983736896,11.388221153846146,-1.5415549597855185,5.022831050228316,3.97505845674202,4.033243705695444,-3.658536585365846
2024-08-01,Argentina,41.46,42.96,46.83,37.92,44.57,55.21,24.59,52.25,58.17,2.54,-31.974628262451898,-12.55217424299917,17.501580278128937,-11.237937117360175,-16.55491329479768,6.299952985425472,-8.979213352909365,0.1503288443470252,-3.3149588461829027,105.2924791086351,-22.10959771935381,-6.871883806633427,13.809627532128088,-9.897769516728626,-13.464171611136466,7.878369039391853,-5.901044030866998,-0.0543084721216557,-1.8065653227583132,100.0,15.014031805425642,18.314513908014305,6.307222787385558,1.0422094841063156,2.2929592662530363,6.262763784887682,6.035805626598467,3.467016491754116,4.7227443609022535,7.172995780590719
2024-09-01,Argentina,39.0,38.79,41.7,37.51,42.42,50.04,24.55,46.65,53.43,2.16,-24.512952258617005,-10.824080368607913,10.460344698947988,-14.057102214996933,-14.50718139676268,2.560136128084145,-8.732824427480912,-4.128384912959371,-3.450588761365325,102.0,-15.110650069156296,-9.517144856543036,0.582147477360917,-22.03414562965125,-14.769370597591458,-2.0206766917293173,-10.096818810511763,-12.913331012878526,-3.084304318026043,109.70873786407766,-0.1626677511183394,-9.706703910614534,-10.717703349282305,-8.148530170190826,-1.0812236286919965,-10.95451633568224,-5.933429811866864,-9.364245607679766,-4.82387256001795,-14.960629921259835
2024-10-01,Argentina,42.42,39.46,48.2,39.99,45.85,53.28,28.15,49.48,57.07,2.43,-18.54779218041943,-8.95365432284233,8.472841581987002,-16.54131618010887,-13.530116871441422,4.645645185978897,-7.295360241418336,-6.444378872823831,-0.374981250937445,102.55681818181822,-18.168604651162788,-10.582370269657837,11.19101123595505,-17.301840312998117,-12.398685651697694,7.8541060639964355,-5.963201064065615,-6.114537444933921,3.779990946129464,99.18032786885249,14.66395112016292,1.727249291054389,6.066452304394421,6.812652068126512,6.6115702479338845,15.587529976019177,8.769230769230774,6.474820143884896,8.085808580858078,12.5
2024-11-01,Argentina,45.02,44.42,53.52,40.31,46.53,56.55,31.97,54.44,58.66,2.66,-11.238075269944447,-8.297824624355243,4.150238638721726,-19.93941975483934,-14.53134068485199,7.0618094953717625,-7.029411764705884,-10.150059011971004,0.0816690177444456,98.08743169398906,-0.3118178983473663,-5.02458841137482,1.3969081765691893,-20.461016949152544,-16.334578663345777,14.579319203596675,-5.2410018943380265,-11.25235404896422,-0.449293966623876,88.65248226950358,13.570159857904084,12.569690826153067,10.024252223120444,2.786052216576129,0.8002000500125117,11.037344398340254,6.129184347006134,6.137387387387383,1.4830970556161338,9.465020576131678
2024-12-01,Argentina,46.03,42.17,52.01,43.74,48.15,57.32,32.62,55.0,59.65,2.66,10.142517814726835,-4.027714329221876,7.197301854974691,-17.121119039742936,-6.072997122520063,15.032924274169446,0.7853205467039048,-7.102762185294276,5.534695103634735,41.1657559198543,83.98195149464183,4.277942631058362,9.868158210147817,-13.36238198983296,14.41276484436309,23.12973484848484,15.624215021351407,-3.599058190380089,13.99147727272727,-6.99300699300699,2.033156083828591,-5.065285907248985,1.0286554004408588,1.6876917831571747,8.509054825105423,-2.821375186846053,2.243447356730344,1.3616268788682715,3.481624758220492,0.0
2025-01-01,Argentina,47.38,44.84,54.49,44.12,50.18,57.21,34.76,55.96,58.46,2.61,54.12659013341605,9.570654439349724,10.620652755484205,-12.537726980357233,6.6572355829241925,23.82573705795865,12.617962902700963,-2.6959390285519302,12.757842297812738,15.26162790697676,137.10777626193723,36.9578497251069,22.26349136989294,-1.7644093429675656,30.687203791469187,35.27805362462762,33.08988764044945,8.68161094224924,27.07014434033932,0.0,6.5603923973022615,6.331515295233592,1.745454545454539,-1.9949706621961385,0.8687700045724611,4.7683137858104185,2.9328698674777387,-0.1919050942079558,4.215991692627208,-1.8796992481203143
2025-02-01,Argentina,47.26,45.31,52.3,44.94,49.54,57.83,34.4,54.85,60.8,2.56,106.19935170178285,23.732934355713464,16.227393803448752,-4.115976204512551,26.86282002292706,26.4532568880395,26.21803499327051,4.695377513211452,22.866638969671783,-2.6119402985074536,102.7106658809664,34.212085308056885,17.12577407644673,4.413532543362519,37.47323340471092,21.45843009753829,31.13207547169812,10.089472682276778,28.27550491973072,-0.3891050583657462,-1.0356731875719172,1.0481712756467363,-1.983559685489633,4.002736914129312,1.858567543064371,-4.019086070838696,-0.2532714225411681,1.0837266212200714,-1.2754085292945416,-1.9157088122605304
2025-03-01,Argentina,44.11,43.45,50.28,40.77,45.81,52.2,34.33,48.99,55.41,2.42,127.85116688683398,29.796949383075887,10.40486389387869,-2.2661145926588966,29.467491025129625,25.53548593350381,28.092688330871507,3.406912755827607,23.53989813242785,-1.9379844961240456,148.9485134155185,19.269832555586078,-6.041426927502869,-9.134142341751394,20.514336387821476,20.34466251795117,20.256270447110136,-7.708628005657703,15.41950113378685,-5.46875,-0.2034883720930191,-4.1050540719488,-10.683682771194167,-8.865131578947372,-9.279038718291044,-3.8623326959846938,-6.665256030469735,-9.73543143697042,-7.529269277351624,-5.46875
2025-04-01,Argentina,44.1,42.38,49.52,41.5,46.62,52.41,33.49,46.55,58.26,2.33,130.95345684591052,20.710603829160547,-0.5620206294631114,-2.6503738422051226,24.752378150436385,22.34555984555984,23.277823277823263,-1.6885553470919468,18.15079893475364,-3.562005277044844,148.07407407407408,10.221066319895966,-10.943179644155354,-2.9161806365605725,17.06629055007052,25.43059777102332,18.64406779661017,-6.644104025650166,11.397849462365572,-4.897959183673473,-2.4468394989804687,-2.4626006904487907,-4.980608287405608,5.143475906876027,1.7905322541084123,-1.511535401750197,-0.0226705962366735,0.4022988505747005,1.7681728880156955,-3.7190082644628086
2025-05-01,Argentina,45.49,42.45,51.63,42.87,46.49,55.21,34.77,51.48,58.94,2.45,133.37124658780706,9.904043865661416,-6.225283837224149,-4.808911928528092,20.465922217943767,21.953773053072425,19.215336602764157,-5.459923099674658,12.5496232682492,-4.255319148936165,108.57828434313136,1.4579349904397798,-1.6994462478518213,-2.3201856148492017,23.901734104046238,20.32160335586113,18.772845953002616,-2.0230700976042626,10.981141083790892,-2.390438247011939,3.822036428784714,0.1651722510618292,10.5907626208378,1.1671815997253754,3.3012048192770926,4.260904684975775,3.1519274376417217,5.342491890860535,-0.2788502788502733,5.150214592274693
2025-06-01,Argentina,45.48,43.85,50.18,43.26,45.48,53.93,36.61,49.56,58.29,2.34,111.34623135832324,10.692473118279588,-2.8693649226719464,-0.1138368717627735,23.51688764153681,19.016909162406613,19.84915705412602,-1.3796471521885012,11.183313277176076,-4.0431266846361,88.22622107969151,21.94104560622914,4.755865567533291,5.330683050234897,29.98798076923075,12.10902591599643,22.15954875100725,5.085736554949327,11.170862869714004,-4.878048780487809,5.291918320391131,3.297997644287398,-3.7296037296037134,-1.1028164234815008,0.9097270818754444,-2.808444702692237,-0.0219828533743804,-2.318420575982616,-2.172510217251033,-4.489795918367356
2025-07-01,Argentina,46.374458,47.222221,49.900795,44.094925,47.02616510624,52.19754813995,39.89965461283,47.02,57.37,2.45,93.52983410926956,17.01184909298046,-0.5173688100517215,0.7792207792207906,24.08282515483564,15.159249278882658,19.815456686731213,0.1909881015649261,10.877604583790678,-1.3623978201634857,86.62139669237605,30.05293583034976,-4.333672431332647,-0.3474031613687756,18.95043161586189,13.230757885182664,18.60475191815856,-2.1785079836019405,10.493808990225562,3.3755274261603407,8.9856722557498,7.69035575826682,-5.12510088781275,-1.5783153199519615,1.930016181229788,-0.5564069350338707,1.9667062445030803,-3.21240841841276,3.399659424450308,4.700854700854706
2025-08-01,Argentina,39.944302,37.079124,46.374672,37.103176,40.96351814345,45.0327172299,33.83667337788,38.24,51.83,2.12,68.6736899888566,11.21352512366569,-9.3403268105709,-2.0984334814121985,14.951603398910107,7.957737726669611,11.892996009848034,-5.45983778231911,4.240614846680746,-6.241519674355511,37.60338909263928,-13.689189944134084,-26.8133971291866,-10.89908887742823,-2.1540717299578183,-0.972299807815502,-3.6558080077182864,-18.433767017025904,-8.091725053960053,-16.535433070866134,-15.195573229349236,-21.479500085351766,-18.672905146746068,-9.656614955551678,-15.856130835918202,-7.066266178725222,-13.86572755200718,-13.726374447397294,-12.892071784066294,-13.469387755102048
2025-09-01,Argentina,39.812836,40.629986,44.646366,36.790779,42.2638771391,48.37024668913,28.80438535114,40.95,55.79,1.94,45.406570252197966,5.820202439437572,-14.751773049645378,-2.470887273157185,4.879004444444424,6.27589215686275,5.496483773837424,-8.202186457991312,0.5430801920416783,-7.920792079207928,17.32947189873726,4.743454498582111,-12.218649517684876,4.416994198016089,-1.9174113569714657,7.06562589928057,2.0841948717948755,-3.3368371520183904,-0.3680406904761901,-10.185185185185198,-14.872289514222016,9.576445225620756,7.086820083682,7.640362724290961,-0.8419683533291034,-3.726831749882775,-0.3291232877219996,7.411343717482821,3.174431920364551,-8.490566037735858
2025-10-01,Argentina,42.322815,40.329769,47.965118,39.674522,44.70791526191,49.99449148994,32.26603490016,42.64,57.35,2.1,22.7934967384914,-2.616220608860653,-17.89324706833806,-2.193632536906376,-1.6041613238606978,1.6500811818912942,-0.651079915364583,-9.545540018311982,-3.692178150813008,-13.604488078541388,14.62179360625222,2.2041789153573133,-13.82376717865804,0.4906255475731536,-0.7888922230557593,-0.4873070539419211,-0.2291018387553078,-6.166494951313806,-2.490915459302068,-13.580246913580252,12.017786551668252,-0.7389050047913015,4.126984126984112,2.796200035848728,7.838222180617604,7.433420225063769,6.304446636255712,3.357941941559317,5.782806236082205,8.247422680412386
2025-11-01,Argentina,46.043625,39.921463,51.513672,44.726776,47.5770565169,54.92465139907,35.62916721622,50.67,59.18,2.47,14.207614819322089,-1.4582065704736302,-10.832171083217112,1.8680539134547256,2.8707894066717587,0.4916720122716489,1.375574185384365,-4.116225947244622,-0.1863138591172264,-10.206896551724132,11.445627826775096,-10.127278253039174,-6.925055106539302,0.8864643709512565,10.957023071198211,-3.7487443946188415,2.2737116836961224,-2.874179665658705,2.250282649688362,-7.14285714285714,10.423134811781033,-1.0124183949578147,18.83208255159474,3.1909328683522142,12.734252979783856,7.398197164864695,8.791499336705266,9.86140625137082,6.417524141266395,17.619047619047624
2025-12-01,Argentina,45.54948,48.308582,47.485207,43.613976,47.59104829121,54.63373481736,34.4236532294,49.85,59.42,2.46,10.328720450485228,1.9911257437524863,-9.916939340548703,0.3250085528566648,3.2048323121573574,-4.401224874780462,0.3340975500112364,-4.545092607615919,-0.4653667757631985,-9.29032258064515,5.529286417535273,14.556751244960877,-9.363636363636363,-0.3855825649622724,-0.288120713305906,-8.699851951547766,-1.0439278731262158,-4.686436117655268,-1.1608550546002072,-7.518796992481214,-3.3835031268179327,21.009047188476025,-1.6183145845668043,0.4055424129773666,-2.487995110579844,-7.820186066332058,-1.0732104607315218,-0.529664866866908,0.0294086589930797,-0.4048582995951455
2026-01-01,Argentina,46.570396,47.594501,51.236355,43.583042,48.46232030731,53.41810528223,37.83076560845,48.95,57.89,2.4,8.58941726630096,3.3436399604352074,-9.631197097944376,-0.1583979181987937,2.928761800733381,-6.114714410698641,-0.1925153507187915,-4.736677870785588,-0.8488022121910799,-7.566204287515754,8.834193349971242,6.142954950936663,-12.526804860614726,-0.9750256585699612,-1.2170398912057956,-5.971086437878503,-1.7087463064584196,-6.628027823405002,-3.4230364541450786,-8.045977011494255,9.89759092779876,-1.4781659291924545,-1.8054162487462388,-2.574890609222491,-0.0709268056643175,7.89961387343221,2.2413340393787173,-2.2250529625950644,1.8307476876085584,-2.4390243902439046
2026-02-01,Argentina,44.380215,43.894829,50.078175,41.25,44.76870256138,50.55059523666,37.82134537214,46.2,54.91,2.38,8.150682069158988,5.651384522370018,-12.55050961944394,-3.739310267732399,-3.2778478915662657,-6.297394836272052,-2.964320039809465,-7.981877850864471,-4.766300696625391,-7.535121328224781,9.94577143063955,-3.1233083204590617,-15.77028258887876,-9.687500000000004,-8.210947930574097,-4.248231357552568,-6.093493440541686,-12.587592535604353,-9.631201935042377,-7.031250000000011,-0.0249009930369914,-7.773318182283284,-5.61797752808989,-5.147693902228367,-5.353095821076459,-2.2604652497235644,-4.702946910737027,-5.368048960965122,-7.621627942095987,-0.8333333333333304
2026-03-01,Argentina,42.025917,40.828678,50.709541,37.391575,41.08352880583,48.90437333309001,36.0898464292,42.77,55.04,2.3,7.973676113431272,-0.9595748502994272,-13.692115143929918,-3.910230720787755,-5.857955018100592,-3.2125351753995,-4.1610609009008925,-8.590604011014102,-7.7066229131313,-6.719367588932801,5.126263994174196,-6.032962025316468,-12.696468667074912,-0.6677495036996883,-8.286546480255087,0.8542979315831367,-4.72474042167309,-6.313461047720304,-10.31755335989959,-4.958677685950419,-4.578099816130443,-6.985221425512345,-7.424242424242422,0.2367510471680933,-9.353757575757571,1.2607608004884252,-5.304836851286099,-3.256582629468485,-8.231584890130462,-3.361344537815125
2026-04-01,Argentina,39.63912582397461,38.0952377319336,45.34848403930664,36.81818008422852,39.45493017314911,46.80370172229768,32.65874434425354,39.44,54.17,2.02,4.255464826446431,-6.345321997915532,-14.615333466320893,-5.932251963088198,-9.236887757072132,-3.920973018207341,-6.9570695918102725,-9.961419421295458,-11.736872902472973,-8.344733242134094,-2.482101092106481,-10.110340415446917,-15.273899033297534,-7.020254033642292,-11.281493772943318,-8.423901374582721,-10.115360943368234,-10.697001102274973,-15.369090147685306,-13.30472103004292,-9.507111901064736,-6.694902705560035,-7.785831190086522,-1.5806686046511589,-1.5334869306026344,-10.572087333019564,-5.6793315801423,-4.295467803021524,-3.9641157418049855,-12.173913043478258
2026-05-01,Argentina,40.13793182373047,40.53921508789063,45.39473724365234,36.99664306640625,38.59357995681763,48.891047719345096,32.92916806200027,39.2,58.58,1.99,-0.8892106097535546,-6.873144044415169,-17.419398721262404,-2.7924222235096385,-11.134410939240237,-6.588679731256031,-8.898298692815953,-9.523762498602927,-14.244141278579958,-12.361111111111123,-5.294311009490171,-4.501260099197579,-23.85392385392384,-0.6107906345436009,-13.70038939490027,-12.076821143419847,-11.765372996855428,-11.445303895408266,-16.98520121140541,-18.775510204081638,0.8280285209260052,6.415440620569624,-0.6085192697768638,8.14103747461694,0.4847142954091055,0.1019950398024382,1.2583678105589469,4.459788265108489,-2.18312442209736,-1.4851485148514865
