fecha,prestamos_privados_usd_q
2002-12-31,1373.0
2003-01-02,1432.0
2003-01-03,1407.0
2003-01-06,1406.0
2003-01-07,1396.0
2003-01-08,1390.0
2003-01-09,1385.0
2003-01-10,1382.0
2003-01-13,1383.0
2003-01-14,1383.0
2003-01-15,1375.0
2003-01-16,1381.0
2003-01-17,1371.0
2003-01-20,1368.0
2003-01-21,1372.0
2003-01-22,1363.0
2003-01-23,1372.0
2003-01-24,1374.0
2003-01-27,1379.0
2003-01-28,1387.0
2003-01-29,1382.0
2003-01-30,1380.0
2003-01-31,1410.0
2003-02-03,1363.0
2003-02-04,1373.0
2003-02-05,1387.0
2003-02-06,1382.0
2003-02-07,1394.0
2003-02-10,1399.0
2003-02-11,1396.0
2003-02-12,1398.0
2003-02-13,1415.0
2003-02-14,1418.0
2003-02-17,1415.0
2003-02-18,1413.0
2003-02-19,1408.0
2003-02-20,1410.0
2003-02-21,1399.0
2003-02-24,1399.0
2003-02-25,1401.0
2003-02-26,1396.0
2003-02-27,1398.0
2003-02-28,1368.0
2003-03-03,1392.0
2003-03-04,1392.0
2003-03-05,1386.0
2003-03-06,1387.0
2003-03-07,1381.0
2003-03-10,1389.0
2003-03-11,1383.0
2003-03-12,1382.0
2003-03-13,1382.0
2003-03-14,1383.0
2003-03-17,1383.0
2003-03-18,1383.0
2003-03-19,1377.0
2003-03-20,1372.0
2003-03-21,1369.0
2003-03-24,1372.0
2003-03-25,1366.0
2003-03-26,1362.0
2003-03-27,1365.0
2003-03-28,1378.0
2003-04-01,1369.0
2003-04-02,1366.0
2003-04-03,1367.0
2003-04-04,1370.0
2003-04-07,1366.0
2003-04-08,1365.0
2003-04-09,1368.0
2003-04-10,1365.0
2003-04-11,1365.0
2003-04-14,1369.0
2003-04-15,1368.0
2003-04-16,1373.0
2003-04-21,1362.0
2003-04-22,1358.0
2003-04-23,1356.0
2003-04-24,1359.0
2003-04-25,1368.0
2003-04-28,1411.0
2003-04-29,1409.0
2003-04-30,1379.0
2003-05-02,1395.0
2003-05-05,1408.0
2003-05-06,1394.0
2003-05-07,1385.0
2003-05-08,1388.0
2003-05-09,1390.0
2003-05-12,1387.0
2003-05-13,1386.0
2003-05-14,1387.0
2003-05-15,1384.0
2003-05-16,1374.0
2003-05-19,1355.0
2003-05-20,1363.0
2003-05-21,1369.0
2003-05-22,1369.0
2003-05-23,1369.0
2003-05-26,1366.0
2003-05-27,1371.0
2003-05-28,1356.0
2003-05-29,1360.0
2003-05-30,1335.0
2003-06-02,1365.0
2003-06-03,1362.0
2003-06-04,1362.0
2003-06-05,1356.0
2003-06-06,1359.0
2003-06-09,1360.0
2003-06-10,1361.0
2003-06-11,1359.0
2003-06-12,1356.0
2003-06-13,1355.0
2003-06-17,1354.0
2003-06-18,1355.0
2003-06-19,1362.0
2003-06-20,1369.0
2003-06-23,1359.0
2003-06-24,1342.0
2003-06-25,1339.0
2003-06-26,1339.0
2003-06-27,1320.0
2003-06-30,1326.0
2003-07-01,1341.0
2003-07-02,1329.0
2003-07-03,1354.0
2003-07-04,1361.0
2003-07-07,1356.0
2003-07-08,1349.0
2003-07-10,1346.0
2003-07-11,1346.0
2003-07-14,1343.0
2003-07-15,1348.0
2003-07-16,1343.0
2003-07-17,1345.0
2003-07-18,1339.0
2003-07-21,1332.0
2003-07-22,1337.0
2003-07-23,1341.0
2003-07-24,1339.0
2003-07-25,1318.0
2003-07-28,1316.0
2003-07-29,1316.0
2003-07-30,1311.0
2003-07-31,1296.0
2003-08-01,1284.0
2003-08-04,1280.0
2003-08-05,1283.0
2003-08-06,1279.0
2003-08-07,1270.0
2003-08-08,1273.0
2003-08-11,1273.0
2003-08-12,1276.0
2003-08-13,1276.0
2003-08-14,1281.0
2003-08-15,1279.0
2003-08-19,1282.0
2003-08-20,1280.0
2003-08-21,1278.0
2003-08-22,1275.0
2003-08-25,1271.0
2003-08-26,1285.0
2003-08-27,1284.0
2003-08-28,1275.0
2003-08-29,1264.0
2003-09-01,1252.0
2003-09-02,1254.0
2003-09-03,1248.0
2003-09-04,1248.0
2003-09-05,1249.0
2003-09-08,1251.0
2003-09-09,1256.0
2003-09-10,1255.0
2003-09-11,1255.0
2003-09-12,1255.0
2003-09-15,1257.0
2003-09-16,1257.0
2003-09-17,1255.0
2003-09-18,1258.0
2003-09-19,1260.0
2003-09-22,1260.0
2003-09-23,1255.0
2003-09-24,1273.0
2003-09-25,1268.0
2003-09-26,1255.0
2003-09-29,1258.0
2003-09-30,1255.0
2003-10-01,1250.0
2003-10-02,1249.0
2003-10-03,1277.0
2003-10-06,1274.0
2003-10-07,1272.0
2003-10-08,1267.0
2003-10-09,1276.0
2003-10-10,1271.0
2003-10-14,1268.0
2003-10-15,1273.0
2003-10-16,1268.0
2003-10-17,1266.0
2003-10-20,1273.0
2003-10-21,1274.0
2003-10-22,1281.0
2003-10-23,1282.0
2003-10-24,1289.0
2003-10-27,1279.0
2003-10-28,1278.0
2003-10-29,1285.0
2003-10-30,1285.0
2003-10-31,1304.0
2003-11-03,1299.0
2003-11-04,1297.0
2003-11-05,1301.0
2003-11-07,1299.0
2003-11-10,1301.0
2003-11-11,1300.0
2003-11-12,1298.0
2003-11-13,1299.0
2003-11-14,1292.0
2003-11-17,1301.0
2003-11-18,1292.0
2003-11-19,1301.0
2003-11-20,1307.0
2003-11-21,1316.0
2003-11-24,1314.0
2003-11-25,1324.0
2003-11-26,1301.0
2003-11-27,1315.0
2003-11-28,1323.0
2003-12-01,1291.0
2003-12-02,1314.0
2003-12-03,1315.0
2003-12-04,1318.0
2003-12-05,1315.0
2003-12-09,1319.0
2003-12-10,1324.0
2003-12-11,1324.0
2003-12-12,1321.0
2003-12-15,1330.0
2003-12-16,1338.0
2003-12-17,1332.0
2003-12-18,1327.0
2003-12-19,1334.0
2003-12-22,1330.0
2003-12-23,1313.0
2003-12-24,1314.0
2003-12-26,1303.0
2003-12-29,1311.0
2003-12-30,1320.0
2003-12-31,1261.0
2004-01-02,1279.0
2004-01-05,1279.0
2004-01-06,1270.0
2004-01-07,1282.0
2004-01-08,1274.0
2004-01-09,1281.0
2004-01-12,1276.0
2004-01-13,1288.0
2004-01-14,1291.0
2004-01-15,1301.0
2004-01-16,1301.0
2004-01-19,1312.0
2004-01-20,1314.0
2004-01-21,1318.0
2004-01-22,1325.0
2004-01-23,1327.0
2004-01-26,1330.0
2004-01-27,1337.0
2004-01-28,1339.0
2004-01-29,1346.0
2004-01-30,1333.0
2004-02-02,1337.0
2004-02-03,1332.0
2004-02-04,1332.0
2004-02-05,1331.0
2004-02-06,1331.0
2004-02-09,1330.0
2004-02-10,1325.0
2004-02-11,1319.0
2004-02-12,1324.0
2004-02-13,1319.0
2004-02-16,1326.0
2004-02-17,1327.0
2004-02-18,1328.0
2004-02-19,1324.0
2004-02-20,1322.0
2004-02-23,1324.0
2004-02-24,1322.0
2004-02-25,1323.0
2004-02-26,1321.0
2004-02-27,1315.0
2004-03-01,1318.0
2004-03-02,1318.0
2004-03-03,1316.0
2004-03-04,1319.0
2004-03-05,1318.0
2004-03-08,1317.0
2004-03-09,1323.0
2004-03-10,1324.0
2004-03-11,1325.0
2004-03-12,1323.0
2004-03-15,1311.0
2004-03-16,1301.0
2004-03-17,1310.0
2004-03-18,1310.0
2004-03-19,1318.0
2004-03-22,1326.0
2004-03-23,1152.0
2004-03-24,1157.0
2004-03-25,1147.0
2004-03-26,1199.0
2004-03-29,1204.0
2004-03-30,1205.0
2004-03-31,1206.0
2004-04-01,1202.0
2004-04-02,1203.0
2004-04-06,1203.0
2004-04-07,1202.0
2004-04-12,1203.0
2004-04-13,1205.0
2004-04-14,1201.0
2004-04-15,1194.0
2004-04-16,1196.0
2004-04-19,1196.0
2004-04-20,1197.0
2004-04-21,1197.0
2004-04-22,1196.0
2004-04-23,1200.0
2004-04-26,1198.0
2004-04-27,1184.0
2004-04-28,1178.0
2004-04-29,1185.0
2004-04-30,1184.0
2004-05-03,1180.0
2004-05-04,1184.0
2004-05-05,1183.0
2004-05-06,1177.0
2004-05-07,1185.0
2004-05-10,1183.0
2004-05-11,1187.0
2004-05-12,1200.0
2004-05-13,1201.0
2004-05-14,1201.0
2004-05-17,1202.0
2004-05-18,1176.0
2004-05-19,1178.0
2004-05-20,1183.0
2004-05-21,1185.0
2004-05-24,1186.0
2004-05-26,1181.0
2004-05-27,1187.0
2004-05-28,1192.0
2004-05-31,1173.0
2004-06-01,1199.0
2004-06-02,1217.0
2004-06-03,1202.0
2004-06-04,1206.0
2004-06-07,1208.0
2004-06-08,1195.0
2004-06-09,1200.0
2004-06-10,1191.0
2004-06-11,1200.0
2004-06-14,1214.0
2004-06-15,1216.0
2004-06-16,1218.0
2004-06-17,1211.0
2004-06-18,1198.0
2004-06-22,1210.0
2004-06-23,1211.0
2004-06-24,1215.0
2004-06-25,1282.0
2004-06-28,1274.0
2004-06-29,1283.0
2004-06-30,1299.0
2004-07-01,1296.0
2004-07-02,1290.0
2004-07-05,1288.0
2004-07-06,1288.0
2004-07-07,1285.0
2004-07-08,1291.0
2004-07-12,1295.0
2004-07-13,1296.0
2004-07-14,1283.0
2004-07-15,1282.0
2004-07-16,1273.0
2004-07-19,1276.0
2004-07-20,1291.0
2004-07-21,1287.0
2004-07-22,1285.0
2004-07-23,1286.0
2004-07-26,1285.0
2004-07-27,1334.0
2004-07-28,1337.0
2004-07-29,1346.0
2004-07-30,1367.0
2004-08-02,1373.0
2004-08-03,1391.0
2004-08-04,1399.0
2004-08-05,1382.0
2004-08-06,1382.0
2004-08-09,1381.0
2004-08-10,1384.0
2004-08-11,1382.0
2004-08-12,1381.0
2004-08-13,1379.0
2004-08-17,1382.0
2004-08-18,1383.0
2004-08-19,1389.0
2004-08-20,1382.0
2004-08-23,1388.0
2004-08-24,1394.0
2004-08-25,1399.0
2004-08-26,1409.0
2004-08-27,1404.0
2004-08-30,1382.0
2004-08-31,1372.0
2004-09-01,1393.0
2004-09-02,1401.0
2004-09-03,1401.0
2004-09-06,1398.0
2004-09-07,1405.0
2004-09-08,1399.0
2004-09-09,1393.0
2004-09-10,1368.0
2004-09-13,1379.0
2004-09-14,1383.0
2004-09-15,1383.0
2004-09-16,1366.0
2004-09-17,1368.0
2004-09-20,1363.0
2004-09-21,1365.0
2004-09-22,1355.0
2004-09-23,1357.0
2004-09-24,1372.0
2004-09-27,1375.0
2004-09-28,1379.0
2004-09-29,1376.0
2004-09-30,1365.0
2004-10-01,1380.0
2004-10-04,1381.0
2004-10-05,1378.0
2004-10-06,1384.0
2004-10-07,1383.0
2004-10-08,1368.0
2004-10-12,1373.0
2004-10-13,1376.0
2004-10-14,1386.0
2004-10-15,1396.0
2004-10-18,1392.0
2004-10-19,1412.0
2004-10-20,1391.0
2004-10-21,1395.0
2004-10-22,1403.0
2004-10-25,1403.0
2004-10-26,1396.0
2004-10-27,1409.0
2004-10-28,1415.0
2004-10-29,1412.0
2004-11-01,1413.0
2004-11-02,1417.0
2004-11-03,1417.0
2004-11-04,1416.0
2004-11-05,1416.0
2004-11-08,1420.0
2004-11-09,1420.0
2004-11-10,1430.0
2004-11-11,1427.0
2004-11-12,1410.0
2004-11-15,1415.0
2004-11-16,1417.0
2004-11-17,1413.0
2004-11-18,1418.0
2004-11-19,1426.0
2004-11-22,1427.0
2004-11-23,1437.0
2004-11-24,1451.0
2004-11-25,1453.0
2004-11-26,1469.0
2004-11-29,1465.0
2004-11-30,1449.0
2004-12-01,1477.0
2004-12-02,1483.0
2004-12-03,1486.0
2004-12-06,1486.0
2004-12-07,1503.0
2004-12-09,1509.0
2004-12-10,1517.0
2004-12-13,1513.0
2004-12-14,1514.0
2004-12-15,1505.0
2004-12-16,1504.0
2004-12-17,1505.0
2004-12-20,1540.0
2004-12-21,1552.0
2004-12-22,1561.0
2004-12-23,1561.0
2004-12-24,1560.0
2004-12-27,1564.0
2004-12-28,1562.0
2004-12-29,1562.0
2004-12-30,1568.0
2004-12-31,1526.0
2005-01-03,1551.0
2005-01-04,1549.0
2005-01-05,1591.0
2005-01-06,1603.0
2005-01-07,1553.0
2005-01-10,1549.0
2005-01-11,1548.0
2005-01-12,1544.0
2005-01-13,1563.0
2005-01-14,1561.0
2005-01-17,1562.0
2005-01-18,1569.0
2005-01-19,1564.0
2005-01-20,1567.0
2005-01-21,1569.0
2005-01-24,1574.0
2005-01-25,1583.0
2005-01-26,1585.0
2005-01-27,1588.0
2005-01-28,1586.0
2005-01-31,1576.0
2005-02-01,1588.0
2005-02-02,1587.0
2005-02-03,1588.0
2005-02-04,1631.0
2005-02-07,1591.0
2005-02-08,1588.0
2005-02-09,1594.0
2005-02-10,1589.0
2005-02-11,1597.0
2005-02-14,1618.0
2005-02-15,1619.0
2005-02-16,1634.0
2005-02-17,1635.0
2005-02-18,1637.0
2005-02-21,1639.0
2005-02-22,1643.0
2005-02-23,1649.0
2005-02-24,1648.0
2005-02-25,1653.0
2005-02-28,1659.0
2005-03-01,1652.0
2005-03-02,1663.0
2005-03-03,1670.0
2005-03-04,1670.0
2005-03-07,1683.0
2005-03-08,1687.0
2005-03-09,1683.0
2005-03-10,1690.0
2005-03-11,1705.0
2005-03-14,1721.0
2005-03-15,1722.0
2005-03-16,1725.0
2005-03-17,1736.0
2005-03-18,1728.0
2005-03-21,1748.0
2005-03-22,1755.0
2005-03-23,1808.0
2005-03-28,1804.0
2005-03-29,1816.0
2005-03-30,1829.0
2005-03-31,1829.0
2005-04-01,1820.0
2005-04-04,1833.0
2005-04-05,1821.0
2005-04-06,1807.0
2005-04-07,1821.0
2005-04-08,1824.0
2005-04-11,1828.0
2005-04-12,1827.0
2005-04-13,1826.0
2005-04-14,1819.0
2005-04-15,1819.0
2005-04-18,1813.0
2005-04-19,1807.0
2005-04-20,1807.0
2005-04-21,1804.0
2005-04-22,1827.0
2005-04-25,1825.0
2005-04-26,1828.0
2005-04-27,1834.0
2005-04-28,1834.0
2005-04-29,1858.0
2005-05-02,1854.0
2005-05-03,1852.0
2005-05-04,1845.0
2005-05-05,1840.0
2005-05-06,1838.0
2005-05-09,1850.0
2005-05-10,1855.0
2005-05-11,1847.0
2005-05-12,1843.0
2005-05-13,1842.0
2005-05-16,1836.0
2005-05-17,1853.0
2005-05-18,1869.0
2005-05-19,1859.0
2005-05-20,1864.0
2005-05-23,1875.0
2005-05-24,1875.0
2005-05-26,1873.0
2005-05-27,1869.0
2005-05-30,1862.0
2005-05-31,1885.0
2005-06-01,1882.0
2005-06-02,1892.0
2005-06-03,1910.0
2005-06-06,1921.0
2005-06-07,1924.0
2005-06-08,1958.0
2005-06-09,1960.0
2005-06-10,1936.0
2005-06-13,1985.0
2005-06-14,1980.0
2005-06-15,2003.0
2005-06-16,2023.0
2005-06-17,2037.0
2005-06-21,2055.0
2005-06-22,2086.0
2005-06-23,2103.0
2005-06-24,2136.0
2005-06-27,2147.0
2005-06-28,2173.0
2005-06-29,2187.0
2005-06-30,2176.0
2005-07-01,2195.0
2005-07-04,2189.0
2005-07-05,2189.0
2005-07-06,2221.0
2005-07-07,2214.0
2005-07-08,2212.0
2005-07-11,2215.0
2005-07-12,2220.0
2005-07-13,2248.0
2005-07-14,2299.0
2005-07-15,2311.0
2005-07-18,2320.0
2005-07-19,2321.0
2005-07-20,2302.0
2005-07-21,2313.0
2005-07-22,2293.0
2005-07-25,2276.0
2005-07-26,2293.0
2005-07-27,2298.0
2005-07-28,2302.0
2005-07-29,2325.0
2005-08-01,2316.0
2005-08-02,2308.0
2005-08-03,2334.0
2005-08-04,2341.0
2005-08-05,2348.0
2005-08-08,2367.0
2005-08-09,2366.0
2005-08-10,2381.0
2005-08-11,2380.0
2005-08-12,2395.0
2005-08-16,2383.0
2005-08-17,2375.0
2005-08-18,2381.0
2005-08-19,2398.0
2005-08-22,2411.0
2005-08-23,2422.0
2005-08-24,2431.0
2005-08-25,2432.0
2005-08-26,2448.0
2005-08-29,2467.0
2005-08-30,2463.0
2005-08-31,2476.0
2005-09-01,2467.0
2005-09-02,2472.0
2005-09-05,2474.0
2005-09-06,2493.0
2005-09-07,2492.0
2005-09-08,2514.0
2005-09-09,2505.0
2005-09-12,2499.0
2005-09-13,2458.0
2005-09-14,2455.0
2005-09-15,2457.0
2005-09-16,2448.0
2005-09-19,2437.0
2005-09-20,2417.0
2005-09-21,2418.0
2005-09-22,2406.0
2005-09-23,2385.0
2005-09-26,2368.0
2005-09-27,2349.0
2005-09-28,2344.0
2005-09-29,2344.0
2005-09-30,2351.0
2005-10-03,2331.0
2005-10-04,2319.0
2005-10-05,2319.0
2005-10-06,2315.0
2005-10-07,2307.0
2005-10-11,2298.0
2005-10-12,2294.0
2005-10-13,2279.0
2005-10-14,2275.0
2005-10-17,2269.0
2005-10-18,2258.0
2005-10-19,2256.0
2005-10-20,2253.0
2005-10-21,2261.0
2005-10-24,2256.0
2005-10-25,2244.0
2005-10-26,2241.0
2005-10-27,2243.0
2005-10-28,2253.0
2005-10-31,2255.0
2005-11-01,2257.0
2005-11-02,2253.0
2005-11-03,2243.0
2005-11-04,2256.0
2005-11-07,2243.0
2005-11-08,2243.0
2005-11-09,2241.0
2005-11-10,2227.0
2005-11-11,2222.0
2005-11-14,2225.0
2005-11-15,2239.0
2005-11-16,2255.0
2005-11-17,2276.0
2005-11-18,2288.0
2005-11-21,2294.0
2005-11-22,2301.0
2005-11-23,2321.0
2005-11-24,2317.0
2005-11-25,2317.0
2005-11-28,2319.0
2005-11-29,2312.0
2005-11-30,2328.0
2005-12-01,2338.0
2005-12-02,2329.0
2005-12-05,2321.0
2005-12-06,2306.0
2005-12-07,2300.0
2005-12-09,2307.0
2005-12-12,2333.0
2005-12-13,2335.0
2005-12-14,2314.0
2005-12-15,2292.0
2005-12-16,2268.0
2005-12-19,2276.0
2005-12-20,2258.0
2005-12-21,2266.0
2005-12-22,2263.0
2005-12-23,2262.0
2005-12-26,2249.0
2005-12-27,2256.0
2005-12-28,2263.0
2005-12-29,2299.0
2005-12-30,2307.0
2006-01-02,2302.0
2006-01-03,2310.0
2006-01-04,2305.0
2006-01-05,2302.0
2006-01-06,2304.0
2006-01-09,2314.0
2006-01-10,2325.0
2006-01-11,2297.0
2006-01-12,2320.0
2006-01-13,2344.0
2006-01-16,2341.0
2006-01-17,2339.0
2006-01-18,2354.0
2006-01-19,2362.0
2006-01-20,2338.0
2006-01-23,2357.0
2006-01-24,2356.0
2006-01-25,2356.0
2006-01-26,2353.0
2006-01-27,2352.0
2006-01-30,2340.0
2006-01-31,2321.0
2006-02-01,2313.0
2006-02-02,2316.0
2006-02-03,2345.0
2006-02-06,2342.0
2006-02-07,2346.0
2006-02-08,2349.0
2006-02-09,2351.0
2006-02-10,2362.0
2006-02-13,2360.0
2006-02-14,2359.0
2006-02-15,2372.0
2006-02-16,2366.0
2006-02-17,2414.0
2006-02-20,2404.0
2006-02-21,2398.0
2006-02-22,2402.0
2006-02-23,2406.0
2006-02-24,2421.0
2006-02-27,2430.0
2006-02-28,2432.0
2006-03-01,2438.0
2006-03-02,2437.0
2006-03-03,2439.0
2006-03-06,2426.0
2006-03-07,2443.0
2006-03-08,2471.0
2006-03-09,2506.0
2006-03-10,2508.0
2006-03-13,2519.0
2006-03-14,2477.0
2006-03-15,2490.0
2006-03-16,2516.0
2006-03-17,2539.0
2006-03-20,2549.0
2006-03-21,2557.0
2006-03-22,2573.0
2006-03-23,2605.0
2006-03-27,2597.0
2006-03-28,2592.0
2006-03-29,2615.0
2006-03-30,2612.0
2006-03-31,2617.0
2006-04-03,2620.0
2006-04-04,2623.0
2006-04-05,2625.0
2006-04-06,2627.0
2006-04-07,2660.0
2006-04-10,2665.0
2006-04-11,2685.0
2006-04-12,2687.0
2006-04-17,2717.0
2006-04-18,2746.0
2006-04-19,2751.0
2006-04-20,2795.0
2006-04-21,2808.0
2006-04-24,2836.0
2006-04-25,2850.0
2006-04-26,2848.0
2006-04-27,2861.0
2006-04-28,2892.0
2006-05-02,2874.0
2006-05-03,2864.0
2006-05-04,2867.0
2006-05-05,2873.0
2006-05-08,2896.0
2006-05-09,2891.0
2006-05-10,2898.0
2006-05-11,2897.0
2006-05-12,2940.0
2006-05-15,2949.0
2006-05-16,2975.0
2006-05-17,2985.0
2006-05-18,2987.0
2006-05-19,2999.0
2006-05-22,3011.0
2006-05-23,2999.0
2006-05-24,3006.0
2006-05-26,3028.0
2006-05-29,3033.0
2006-05-30,2999.0
2006-05-31,3015.0
2006-06-01,3009.0
2006-06-02,3032.0
2006-06-05,3032.0
2006-06-06,3036.0
2006-06-07,3031.0
2006-06-08,3051.0
2006-06-09,3049.0
2006-06-12,3038.0
2006-06-13,3066.0
2006-06-14,3063.0
2006-06-15,3082.0
2006-06-16,3088.0
2006-06-20,3092.0
2006-06-21,3088.0
2006-06-22,3099.0
2006-06-23,3114.0
2006-06-26,3120.0
2006-06-27,3130.0
2006-06-28,3126.0
2006-06-29,3152.0
2006-06-30,3144.0
2006-07-03,3145.0
2006-07-04,3140.0
2006-07-05,3154.0
2006-07-06,3151.0
2006-07-07,3158.0
2006-07-10,3148.0
2006-07-11,3170.0
2006-07-12,3176.0
2006-07-13,3183.0
2006-07-14,3182.0
2006-07-17,3192.0
2006-07-18,3193.0
2006-07-19,3194.0
2006-07-20,3200.0
2006-07-21,3219.0
2006-07-24,3239.0
2006-07-25,3244.0
2006-07-26,3253.0
2006-07-27,3262.0
2006-07-28,3277.0
2006-07-31,3267.0
2006-08-01,3269.0
2006-08-02,3258.0
2006-08-03,3278.0
2006-08-04,3283.0
2006-08-07,3284.0
2006-08-08,3306.0
2006-08-09,3315.0
2006-08-10,3321.0
2006-08-11,3323.0
2006-08-14,3322.0
2006-08-15,3323.0
2006-08-16,3312.0
2006-08-17,3325.0
2006-08-18,3321.0
2006-08-22,3323.0
2006-08-23,3340.0
2006-08-24,3345.0
2006-08-25,3360.0
2006-08-28,3371.0
2006-08-29,3362.0
2006-08-30,3366.0
2006-08-31,3364.0
2006-09-01,3381.0
2006-09-04,3372.0
2006-09-05,3387.0
2006-09-06,3383.0
2006-09-07,3398.0
2006-09-08,3382.0
2006-09-11,3406.0
2006-09-12,3405.0
2006-09-13,3442.0
2006-09-14,3435.0
2006-09-15,3457.0
2006-09-18,3453.0
2006-09-19,3435.0
2006-09-20,3436.0
2006-09-21,3451.0
2006-09-22,3459.0
2006-09-25,3469.0
2006-09-26,3486.0
2006-09-27,3480.0
2006-09-28,3481.0
2006-09-29,3498.0
2006-10-02,3494.0
2006-10-03,3492.0
2006-10-04,3501.0
2006-10-05,3508.0
2006-10-06,3502.0
2006-10-09,3508.0
2006-10-10,3521.0
2006-10-11,3515.0
2006-10-12,3513.0
2006-10-13,3526.0
2006-10-17,3533.0
2006-10-18,3546.0
2006-10-19,3545.0
2006-10-20,3564.0
2006-10-23,3568.0
2006-10-24,3585.0
2006-10-25,3603.0
2006-10-26,3610.0
2006-10-27,3607.0
2006-10-30,3611.0
2006-10-31,3576.0
2006-11-01,3588.0
2006-11-02,3586.0
2006-11-03,3612.0
2006-11-07,3632.0
2006-11-08,3618.0
2006-11-09,3618.0
2006-11-10,3645.0
2006-11-13,3628.0
2006-11-14,3624.0
2006-11-15,3631.0
2006-11-16,3631.0
2006-11-17,3643.0
2006-11-20,3653.0
2006-11-21,3654.0
2006-11-22,3666.0
2006-11-23,3669.0
2006-11-24,3653.0
2006-11-27,3667.0
2006-11-28,3664.0
2006-11-29,3665.0
2006-11-30,3655.0
2006-12-01,3678.0
2006-12-04,3681.0
2006-12-05,3654.0
2006-12-06,3630.0
2006-12-07,3653.0
2006-12-11,3661.0
2006-12-12,3652.0
2006-12-13,3638.0
2006-12-14,3628.0
2006-12-15,3649.0
2006-12-18,3661.0
2006-12-19,3671.0
2006-12-20,3682.0
2006-12-21,3713.0
2006-12-22,3713.0
2006-12-26,3699.0
2006-12-27,3688.0
2006-12-28,3707.0
2006-12-29,3677.0
2007-01-02,3674.0
2007-01-03,3670.0
2007-01-04,3696.0
2007-01-05,3706.0
2007-01-08,3707.0
2007-01-09,3712.0
2007-01-10,3726.0
2007-01-11,3737.0
2007-01-12,3752.0
2007-01-15,3753.0
2007-01-16,3763.0
2007-01-17,3750.0
2007-01-18,3756.0
2007-01-19,3764.0
2007-01-22,3774.0
2007-01-23,3773.0
2007-01-24,3797.0
2007-01-25,3787.0
2007-01-26,3798.0
2007-01-29,3811.0
2007-01-30,3816.0
2007-01-31,3827.0
2007-02-01,3826.0
2007-02-02,3840.0
2007-02-05,3856.0
2007-02-06,3875.0
2007-02-07,3883.0
2007-02-08,3878.0
2007-02-09,3879.0
2007-02-12,3875.0
2007-02-13,3882.0
2007-02-14,3901.0
2007-02-15,3910.0
2007-02-16,3883.0
2007-02-19,3877.0
2007-02-20,3883.0
2007-02-21,3889.0
2007-02-22,3899.0
2007-02-23,3897.0
2007-02-26,3896.0
2007-02-27,3905.0
2007-02-28,3898.0
2007-03-01,3932.0
2007-03-02,3939.0
2007-03-05,3929.0
2007-03-06,3934.0
2007-03-07,3950.0
2007-03-08,3953.0
2007-03-09,3968.0
2007-03-12,3972.0
2007-03-13,3966.0
2007-03-14,3965.0
2007-03-15,3974.0
2007-03-16,3978.0
2007-03-19,3962.0
2007-03-20,3984.0
2007-03-21,3968.0
2007-03-22,3997.0
2007-03-23,4010.0
2007-03-26,4017.0
2007-03-27,4010.0
2007-03-28,4024.0
2007-03-29,4047.0
2007-03-30,4051.0
2007-04-03,4042.0
2007-04-04,4059.0
2007-04-09,4067.0
2007-04-10,4072.0
2007-04-11,4093.0
2007-04-12,4092.0
2007-04-13,4098.0
2007-04-16,4093.0
2007-04-17,4091.0
2007-04-18,4082.0
2007-04-19,4096.0
2007-04-20,4110.0
2007-04-23,4113.0
2007-04-24,4116.0
2007-04-25,4143.0
2007-04-26,4143.0
2007-04-27,4147.0
2007-04-30,4146.0
2007-05-02,4151.0
2007-05-03,4142.0
2007-05-04,4146.0
2007-05-07,4155.0
2007-05-08,4134.0
2007-05-09,4153.0
2007-05-10,4177.0
2007-05-11,4180.0
2007-05-14,4180.0
2007-05-15,4177.0
2007-05-16,4193.0
2007-05-17,4199.0
2007-05-18,4199.0
2007-05-21,4216.0
2007-05-22,4207.0
2007-05-23,4202.0
2007-05-24,4204.0
2007-05-28,4203.0
2007-05-29,4207.0
2007-05-30,4231.0
2007-05-31,4239.0
2007-06-01,4241.0
2007-06-04,4228.0
2007-06-05,4232.0
2007-06-06,4214.0
2007-06-07,4202.0
2007-06-08,4208.0
2007-06-11,4206.0
2007-06-12,4221.0
2007-06-13,4230.0
2007-06-14,4225.0
2007-06-15,4234.0
2007-06-19,4213.0
2007-06-20,4205.0
2007-06-21,4213.0
2007-06-22,4240.0
2007-06-25,4238.0
2007-06-26,4236.0
2007-06-27,4240.0
2007-06-28,4259.0
2007-06-29,4286.0
2007-07-02,4295.0
2007-07-03,4308.0
2007-07-04,4302.0
2007-07-05,4324.0
2007-07-06,4342.0
2007-07-10,4343.0
2007-07-11,4350.0
2007-07-12,4364.0
2007-07-13,4372.0
2007-07-16,4417.0
2007-07-17,4405.0
2007-07-18,4399.0
2007-07-19,4408.0
2007-07-20,4428.0
2007-07-23,4421.0
2007-07-24,4418.0
2007-07-25,4420.0
2007-07-26,4444.0
2007-07-27,4449.0
2007-07-30,4477.0
2007-07-31,4491.0
2007-08-01,4509.0
2007-08-02,4529.0
2007-08-03,4540.0
2007-08-06,4552.0
2007-08-07,4525.0
2007-08-08,4525.0
2007-08-09,4563.0
2007-08-10,4572.0
2007-08-13,4574.0
2007-08-14,4584.0
2007-08-15,4603.0
2007-08-16,4626.0
2007-08-17,4634.0
2007-08-21,4651.0
2007-08-22,4657.0
2007-08-23,4649.0
2007-08-24,4642.0
2007-08-27,4630.0
2007-08-28,4627.0
2007-08-29,4643.0
2007-08-30,4663.0
2007-08-31,4719.0
2007-09-03,4739.0
2007-09-04,4740.0
2007-09-05,4741.0
2007-09-06,4754.0
2007-09-07,4770.0
2007-09-10,4766.0
2007-09-11,4764.0
2007-09-12,4779.0
2007-09-13,4824.0
2007-09-14,4853.0
2007-09-17,4839.0
2007-09-18,4859.0
2007-09-19,4860.0
2007-09-20,4895.0
2007-09-21,4893.0
2007-09-24,4913.0
2007-09-25,4889.0
2007-09-26,4900.0
2007-09-27,4903.0
2007-09-28,4906.0
2007-10-01,4927.0
2007-10-02,4951.0
2007-10-03,4954.0
2007-10-04,4960.0
2007-10-05,4958.0
2007-10-08,4957.0
2007-10-09,4931.0
2007-10-10,4942.0
2007-10-11,4964.0
2007-10-12,4986.0
2007-10-16,4975.0
2007-10-17,4974.0
2007-10-18,4968.0
2007-10-19,4961.0
2007-10-22,4964.0
2007-10-23,4972.0
2007-10-24,4970.0
2007-10-25,4978.0
2007-10-26,4989.0
2007-10-29,4999.0
2007-10-30,5012.0
2007-10-31,5015.0
2007-11-01,5037.0
2007-11-02,5040.0
2007-11-05,5040.0
2007-11-07,5035.0
2007-11-08,5056.0
2007-11-09,5054.0
2007-11-12,5045.0
2007-11-13,5056.0
2007-11-14,5051.0
2007-11-15,5016.0
2007-11-16,5047.0
2007-11-19,5073.0
2007-11-20,5086.0
2007-11-21,5088.0
2007-11-22,5095.0
2007-11-23,5106.0
2007-11-26,5118.0
2007-11-27,5105.0
2007-11-28,5115.0
2007-11-29,5083.0
2007-11-30,5086.0
2007-12-03,5086.0
2007-12-04,5095.0
2007-12-05,5112.0
2007-12-06,5111.0
2007-12-07,5121.0
2007-12-10,5119.0
2007-12-11,5121.0
2007-12-12,5175.0
2007-12-13,5194.0
2007-12-14,5191.0
2007-12-17,5188.0
2007-12-18,5194.0
2007-12-19,5208.0
2007-12-20,5234.0
2007-12-21,5228.0
2007-12-26,5232.0
2007-12-27,5270.0
2007-12-28,5189.0
2008-01-02,5254.0
2008-01-03,5251.0
2008-01-04,5259.0
2008-01-07,5280.0
2008-01-08,5289.0
2008-01-09,5273.0
2008-01-10,5328.0
2008-01-11,5319.0
2008-01-14,5343.0
2008-01-15,5361.0
2008-01-16,5355.0
2008-01-17,5375.0
2008-01-18,5386.0
2008-01-21,5399.0
2008-01-22,5437.0
2008-01-23,5404.0
2008-01-24,5434.0
2008-01-25,5436.0
2008-01-28,5422.0
2008-01-29,5416.0
2008-01-30,5428.0
2008-01-31,5471.0
2008-02-01,5497.0
2008-02-04,5482.0
2008-02-05,5480.0
2008-02-06,5472.0
2008-02-07,5465.0
2008-02-08,5460.0
2008-02-11,5465.0
2008-02-12,5488.0
2008-02-13,5487.0
2008-02-14,5503.0
2008-02-15,5497.0
2008-02-18,5495.0
2008-02-19,5480.0
2008-02-20,5484.0
2008-02-21,5482.0
2008-02-22,5488.0
2008-02-25,5479.0
2008-02-26,5501.0
2008-02-27,5470.0
2008-02-28,5432.0
2008-02-29,5424.0
2008-03-03,5418.0
2008-03-04,5393.0
2008-03-05,5398.0
2008-03-06,5400.0
2008-03-07,5411.0
2008-03-10,5417.0
2008-03-11,5401.0
2008-03-12,5399.0
2008-03-13,5414.0
2008-03-14,5406.0
2008-03-17,5404.0
2008-03-18,5388.0
2008-03-19,5377.0
2008-03-25,5387.0
2008-03-26,5425.0
2008-03-27,5405.0
2008-03-28,5412.0
2008-03-31,5375.0
2008-04-01,5381.0
2008-04-03,5344.0
2008-04-04,5381.0
2008-04-07,5391.0
2008-04-08,5432.0
2008-04-09,5444.0
2008-04-10,5450.0
2008-04-11,5467.0
2008-04-14,5454.0
2008-04-15,5493.0
2008-04-16,5481.0
2008-04-17,5509.0
2008-04-18,5525.0
2008-04-21,5530.0
2008-04-22,5539.0
2008-04-23,5517.0
2008-04-24,5539.0
2008-04-25,5551.0
2008-04-28,5619.0
2008-04-29,5656.0
2008-04-30,5657.0
2008-05-02,5665.0
2008-05-05,5646.0
2008-05-06,5625.0
2008-05-07,5610.0
2008-05-08,5621.0
2008-05-09,5630.0
2008-05-12,5613.0
2008-05-13,5626.0
2008-05-14,5663.0
2008-05-15,5648.0
2008-05-16,5669.0
2008-05-19,5640.0
2008-05-20,5619.0
2008-05-21,5626.0
2008-05-22,5654.0
2008-05-23,5666.0
2008-05-26,5676.0
2008-05-27,5700.0
2008-05-28,5681.0
2008-05-29,5706.0
2008-05-30,5711.0
2008-06-02,5737.0
2008-06-03,5725.0
2008-06-04,5708.0
2008-06-05,5731.0
2008-06-06,5740.0
2008-06-09,5743.0
2008-06-10,5733.0
2008-06-11,5747.0
2008-06-12,5772.0
2008-06-13,5806.0
2008-06-17,5822.0
2008-06-18,5815.0
2008-06-19,5839.0
2008-06-20,5848.0
2008-06-23,5832.0
2008-06-24,5825.0
2008-06-25,5826.0
2008-06-26,5835.0
2008-06-27,5895.0
2008-06-30,5827.0
2008-07-01,5832.0
2008-07-02,5842.0
2008-07-03,5863.0
2008-07-04,5866.0
2008-07-07,5870.0
2008-07-08,5869.0
2008-07-10,5868.0
2008-07-11,5881.0
2008-07-14,5911.0
2008-07-15,5909.0
2008-07-16,5922.0
2008-07-17,5970.0
2008-07-18,5988.0
2008-07-21,5977.0
2008-07-22,5982.0
2008-07-23,5984.0
2008-07-24,5987.0
2008-07-25,6002.0
2008-07-28,6005.0
2008-07-29,6010.0
2008-07-30,6004.0
2008-07-31,5974.0
2008-08-01,5980.0
2008-08-04,5973.0
2008-08-05,5961.0
2008-08-06,5953.0
2008-08-07,5997.0
2008-08-08,5983.0
2008-08-11,5984.0
2008-08-12,5998.0
2008-08-13,6011.0
2008-08-14,6060.0
2008-08-15,6096.0
2008-08-19,6089.0
2008-08-20,6087.0
2008-08-21,6107.0
2008-08-22,6108.0
2008-08-25,6107.0
2008-08-26,6113.0
2008-08-27,6123.0
2008-08-28,6109.0
2008-08-29,6102.0
2008-09-01,6112.0
2008-09-02,6105.0
2008-09-03,6107.0
2008-09-04,6098.0
2008-09-05,6117.0
2008-09-08,6099.0
2008-09-09,6073.0
2008-09-10,6103.0
2008-09-11,6084.0
2008-09-12,6088.0
2008-09-15,6095.0
2008-09-16,6100.0
2008-09-17,6121.0
2008-09-18,6142.0
2008-09-19,6129.0
2008-09-22,6151.0
2008-09-23,6147.0
2008-09-24,6159.0
2008-09-25,6150.0
2008-09-26,6153.0
2008-09-29,6207.0
2008-09-30,6120.0
2008-10-01,6185.0
2008-10-02,6195.0
2008-10-03,6202.0
2008-10-06,6217.0
2008-10-07,6216.0
2008-10-08,6215.0
2008-10-09,6214.0
2008-10-10,6193.0
2008-10-14,6234.0
2008-10-15,6219.0
2008-10-16,6209.0
2008-10-17,6196.0
2008-10-20,6196.0
2008-10-21,6210.0
2008-10-22,6247.0
2008-10-23,6252.0
2008-10-24,6234.0
2008-10-27,6211.0
2008-10-28,6209.0
2008-10-29,6191.0
2008-10-30,6196.0
2008-10-31,6177.0
2008-11-03,6156.0
2008-11-04,6170.0
2008-11-05,6169.0
2008-11-07,6181.0
2008-11-10,6134.0
2008-11-11,6141.0
2008-11-12,6148.0
2008-11-13,6134.0
2008-11-14,6075.0
2008-11-17,6052.0
2008-11-18,6050.0
2008-11-19,6036.0
2008-11-20,6047.0
2008-11-21,6072.0
2008-11-24,6047.0
2008-11-25,6041.0
2008-11-26,6020.0
2008-11-27,6013.0
2008-11-28,6003.0
2008-12-01,6006.0
2008-12-02,6021.0
2008-12-03,6027.0
2008-12-04,6041.0
2008-12-05,6024.0
2008-12-09,5989.0
2008-12-10,5977.0
2008-12-11,5968.0
2008-12-12,5961.0
2008-12-15,5951.0
2008-12-16,5925.0
2008-12-17,5934.0
2008-12-18,5942.0
2008-12-19,5951.0
2008-12-22,5942.0
2008-12-23,5935.0
2008-12-24,5929.0
2008-12-26,5908.0
2008-12-29,5882.0
2008-12-30,5866.0
2008-12-31,5857.0
2009-01-02,5852.0
2009-01-05,5798.0
2009-01-06,5797.0
2009-01-07,5820.0
2009-01-08,5827.0
2009-01-09,5836.0
2009-01-12,5831.0
2009-01-13,5836.0
2009-01-14,5841.0
2009-01-15,5829.0
2009-01-16,5816.0
2009-01-19,5829.0
2009-01-20,5851.0
2009-01-21,5850.0
2009-01-22,5855.0
2009-01-23,5865.0
2009-01-26,5876.0
2009-01-27,5876.0
2009-01-28,5885.0
2009-01-29,5891.0
2009-01-30,5889.0
2009-02-02,5891.0
2009-02-03,5848.0
2009-02-04,5856.0
2009-02-05,5872.0
2009-02-06,5878.0
2009-02-09,5876.0
2009-02-10,5895.0
2009-02-11,5957.0
2009-02-12,5974.0
2009-02-13,5992.0
2009-02-16,5992.0
2009-02-17,6041.0
2009-02-18,6055.0
2009-02-19,6063.0
2009-02-20,6090.0
2009-02-23,6079.0
2009-02-24,6061.0
2009-02-25,6074.0
2009-02-26,6087.0
2009-02-27,6125.0
2009-03-02,6103.0
2009-03-03,6080.0
2009-03-04,6029.0
2009-03-05,6061.0
2009-03-06,6100.0
2009-03-09,6071.0
2009-03-10,6067.0
2009-03-11,6077.0
2009-03-12,6093.0
2009-03-13,6080.0
2009-03-16,6073.0
2009-03-17,6058.0
2009-03-18,6043.0
2009-03-19,6015.0
2009-03-20,6062.0
2009-03-23,6027.0
2009-03-25,6033.0
2009-03-26,6036.0
2009-03-27,6021.0
2009-03-30,6014.0
2009-03-31,5996.0
2009-04-01,5995.0
2009-04-03,5999.0
2009-04-06,5987.0
2009-04-07,6010.0
2009-04-08,5962.0
2009-04-13,5914.0
2009-04-14,5861.0
2009-04-15,5867.0
2009-04-16,5863.0
2009-04-17,5883.0
2009-04-20,5846.0
2009-04-21,5865.0
2009-04-22,5853.0
2009-04-23,5901.0
2009-04-24,5927.0
2009-04-27,5916.0
2009-04-28,5902.0
2009-04-29,5918.0
2009-04-30,5914.0
2009-05-04,5944.0
2009-05-05,5980.0
2009-05-06,6014.0
2009-05-07,6021.0
2009-05-08,6042.0
2009-05-11,6047.0
2009-05-12,6124.0
2009-05-13,6106.0
2009-05-14,6097.0
2009-05-15,6086.0
2009-05-18,6076.0
2009-05-19,6070.0
2009-05-20,6061.0
2009-05-21,6057.0
2009-05-22,6094.0
2009-05-26,6055.0
2009-05-27,6102.0
2009-05-28,6093.0
2009-05-29,6086.0
2009-06-01,6109.0
2009-06-02,6094.0
2009-06-03,6066.0
2009-06-04,6087.0
2009-06-05,6089.0
2009-06-08,6087.0
2009-06-09,6043.0
2009-06-10,6061.0
2009-06-11,6031.0
2009-06-12,6036.0
2009-06-16,6028.0
2009-06-17,6024.0
2009-06-18,6011.0
2009-06-19,6005.0
2009-06-22,5995.0
2009-06-23,5994.0
2009-06-24,5977.0
2009-06-25,5970.0
2009-06-26,5960.0
2009-06-29,5868.0
2009-06-30,5825.0
2009-07-01,5822.0
2009-07-02,5851.0
2009-07-03,5864.0
2009-07-06,5852.0
2009-07-07,5837.0
2009-07-08,5835.0
2009-07-13,5752.0
2009-07-14,5750.0
2009-07-15,5736.0
2009-07-16,5770.0
2009-07-17,5771.0
2009-07-20,5749.0
2009-07-21,5719.0
2009-07-22,5698.0
2009-07-23,5676.0
2009-07-24,5673.0
2009-07-27,5656.0
2009-07-28,5657.0
2009-07-29,5660.0
2009-07-30,5683.0
2009-07-31,5621.0
2009-08-03,5543.0
2009-08-04,5563.0
2009-08-05,5549.0
2009-08-06,5561.0
2009-08-07,5553.0
2009-08-10,5530.0
2009-08-11,5529.0
2009-08-12,5475.0
2009-08-13,5454.0
2009-08-14,5456.0
2009-08-18,5468.0
2009-08-19,5493.0
2009-08-20,5478.0
2009-08-21,5485.0
2009-08-24,5449.0
2009-08-25,5448.0
2009-08-26,5452.0
2009-08-27,5422.0
2009-08-28,5445.0
2009-08-31,5434.0
2009-09-01,5436.0
2009-09-02,5415.0
2009-09-03,5401.0
2009-09-04,5376.0
2009-09-07,5371.0
2009-09-08,5336.0
2009-09-09,5317.0
2009-09-10,5307.0
2009-09-11,5295.0
2009-09-14,5303.0
2009-09-15,5290.0
2009-09-16,5274.0
2009-09-17,5289.0
2009-09-18,5307.0
2009-09-21,5303.0
2009-09-22,5260.0
2009-09-23,5264.0
2009-09-24,5256.0
2009-09-25,5241.0
2009-09-28,5226.0
2009-09-29,5216.0
2009-09-30,5188.0
2009-10-01,5161.0
2009-10-02,5139.0
2009-10-05,5145.0
2009-10-06,5142.0
2009-10-07,5127.0
2009-10-08,5134.0
2009-10-09,5152.0
2009-10-13,5152.0
2009-10-14,5130.0
2009-10-15,5157.0
2009-10-16,5184.0
2009-10-19,5165.0
2009-10-20,5214.0
2009-10-21,5229.0
2009-10-22,5245.0
2009-10-23,5242.0
2009-10-26,5205.0
2009-10-27,5226.0
2009-10-28,5219.0
2009-10-29,5222.0
2009-10-30,5213.0
2009-11-02,5191.0
2009-11-03,5168.0
2009-11-04,5156.0
2009-11-05,5105.0
2009-11-09,5056.0
2009-11-10,5022.0
2009-11-11,5025.0
2009-11-12,5124.0
2009-11-13,5133.0
2009-11-16,5139.0
2009-11-17,5147.0
2009-11-18,5197.0
2009-11-19,5241.0
2009-11-20,5232.0
2009-11-23,5242.0
2009-11-24,5216.0
2009-11-25,5186.0
2009-11-26,5176.0
2009-11-27,5202.0
2009-11-30,5257.0
2009-12-01,5246.0
2009-12-02,5199.0
2009-12-03,5196.0
2009-12-04,5199.0
2009-12-07,5193.0
2009-12-09,5180.0
2009-12-10,5204.0
2009-12-11,5202.0
2009-12-14,5201.0
2009-12-15,5228.0
2009-12-16,5245.0
2009-12-17,5242.0
2009-12-18,5232.0
2009-12-21,5238.0
2009-12-22,5266.0
2009-12-23,5277.0
2009-12-24,5275.0
2009-12-28,5273.0
2009-12-29,5288.0
2009-12-30,5292.0
2009-12-31,5296.0
2010-01-04,5341.0
2010-01-05,5314.0
2010-01-06,5311.0
2010-01-07,5315.0
2010-01-08,5285.0
2010-01-11,5279.0
2010-01-12,5292.0
2010-01-13,5273.0
2010-01-14,5290.0
2010-01-15,5275.0
2010-01-18,5238.0
2010-01-19,5285.0
2010-01-20,5278.0
2010-01-21,5291.0
2010-01-22,5276.0
2010-01-25,5280.0
2010-01-26,5272.0
2010-01-27,5272.0
2010-01-28,5240.0
2010-01-29,5268.0
2010-02-01,5242.0
2010-02-02,5277.0
2010-02-03,5276.0
2010-02-04,5277.0
2010-02-05,5308.0
2010-02-08,5332.0
2010-02-09,5302.0
2010-02-10,5290.0
2010-02-11,5303.0
2010-02-12,5328.0
2010-02-15,5330.0
2010-02-16,5345.0
2010-02-17,5308.0
2010-02-18,5322.0
2010-02-19,5327.0
2010-02-22,5338.0
2010-02-23,5331.0
2010-02-24,5339.0
2010-02-25,5337.0
2010-02-26,5346.0
2010-03-01,5353.0
2010-03-02,5368.0
2010-03-03,5373.0
2010-03-04,5376.0
2010-03-05,5382.0
2010-03-08,5392.0
2010-03-09,5411.0
2010-03-10,5420.0
2010-03-11,5419.0
2010-03-12,5425.0
2010-03-15,5434.0
2010-03-16,5489.0
2010-03-17,5528.0
2010-03-18,5539.0
2010-03-19,5549.0
2010-03-22,5554.0
2010-03-23,5555.0
2010-03-25,5554.0
2010-03-26,5572.0
2010-03-29,5568.0
2010-03-30,5596.0
2010-03-31,5571.0
2010-04-05,5543.0
2010-04-06,5573.0
2010-04-07,5601.0
2010-04-08,5632.0
2010-04-09,5666.0
2010-04-12,5681.0
2010-04-13,5700.0
2010-04-14,5698.0
2010-04-15,5703.0
2010-04-16,5749.0
2010-04-19,5743.0
2010-04-20,5761.0
2010-04-21,5795.0
2010-04-22,5810.0
2010-04-23,5810.0
2010-04-26,5801.0
2010-04-27,5783.0
2010-04-28,5824.0
2010-04-29,5821.0
2010-04-30,5829.0
2010-05-03,5842.0
2010-05-04,5856.0
2010-05-05,5856.0
2010-05-06,5847.0
2010-05-07,5836.0
2010-05-10,5838.0
2010-05-11,5841.0
2010-05-12,5845.0
2010-05-13,5837.0
2010-05-14,5835.0
2010-05-17,5790.0
2010-05-18,5756.0
2010-05-19,5785.0
2010-05-20,5801.0
2010-05-21,5830.0
2010-05-26,5854.0
2010-05-27,5873.0
2010-05-28,5831.0
2010-05-31,5828.0
2010-06-01,5841.0
2010-06-02,5825.0
2010-06-03,5825.0
2010-06-04,5833.0
2010-06-07,5837.0
2010-06-08,5803.0
2010-06-09,5814.0
2010-06-10,5821.0
2010-06-11,5797.0
2010-06-14,5809.0
2010-06-15,5802.0
2010-06-16,5771.0
2010-06-17,5761.0
2010-06-18,5756.0
2010-06-22,5724.0
2010-06-23,5745.0
2010-06-24,5757.0
2010-06-25,5714.0
2010-06-28,5656.0
2010-06-29,5678.0
2010-06-30,5704.0
2010-07-01,5658.0
2010-07-02,5681.0
2010-07-05,5683.0
2010-07-06,5667.0
2010-07-07,5731.0
2010-07-08,5772.0
2010-07-12,5777.0
2010-07-13,5755.0
2010-07-14,5806.0
2010-07-15,5837.0
2010-07-16,5848.0
2010-07-19,5857.0
2010-07-20,5905.0
2010-07-21,5918.0
2010-07-22,5948.0
2010-07-23,6002.0
2010-07-26,6038.0
2010-07-27,6018.0
2010-07-28,6044.0
2010-07-29,6032.0
2010-07-30,6006.0
2010-08-02,5979.0
2010-08-03,5995.0
2010-08-04,6027.0
2010-08-05,6051.0
2010-08-06,6081.0
2010-08-09,6087.0
2010-08-10,6121.0
2010-08-11,6122.0
2010-08-12,6142.0
2010-08-13,6150.0
2010-08-17,6211.0
2010-08-18,6212.0
2010-08-19,6222.0
2010-08-20,6240.0
2010-08-23,6256.0
2010-08-24,6251.0
2010-08-25,6251.0
2010-08-26,6310.0
2010-08-27,6336.0
2010-08-30,6318.0
2010-08-31,6307.0
2010-09-01,6312.0
2010-09-02,6343.0
2010-09-03,6346.0
2010-09-06,6360.0
2010-09-07,6365.0
2010-09-08,6362.0
2010-09-09,6363.0
2010-09-10,6367.0
2010-09-13,6377.0
2010-09-14,6398.0
2010-09-15,6411.0
2010-09-16,6418.0
2010-09-17,6418.0
2010-09-20,6429.0
2010-09-21,6440.0
2010-09-22,6447.0
2010-09-23,6458.0
2010-09-24,6464.0
2010-09-27,6458.0
2010-09-28,6471.0
2010-09-29,6486.0
2010-09-30,6509.0
2010-10-01,6493.0
2010-10-04,6510.0
2010-10-05,6495.0
2010-10-06,6517.0
2010-10-07,6516.0
2010-10-08,6520.0
2010-10-12,6527.0
2010-10-13,6532.0
2010-10-14,6545.0
2010-10-15,6613.0
2010-10-18,6616.0
2010-10-19,6651.0
2010-10-20,6679.0
2010-10-21,6708.0
2010-10-22,6696.0
2010-10-25,6671.0
2010-10-26,6690.0
2010-10-28,6698.0
2010-10-29,6755.0
2010-11-01,6782.0
2010-11-02,6814.0
2010-11-03,6846.0
2010-11-04,6851.0
2010-11-05,6836.0
2010-11-08,6877.0
2010-11-09,6912.0
2010-11-10,6911.0
2010-11-11,6921.0
2010-11-12,6906.0
2010-11-15,6919.0
2010-11-16,6933.0
2010-11-17,6937.0
2010-11-18,6946.0
2010-11-19,6967.0
2010-11-23,6941.0
2010-11-24,6945.0
2010-11-25,6970.0
2010-11-26,6999.0
2010-11-29,6946.0
2010-11-30,6952.0
2010-12-01,6980.0
2010-12-02,7046.0
2010-12-03,7056.0
2010-12-06,7101.0
2010-12-07,7143.0
2010-12-09,7183.0
2010-12-10,7217.0
2010-12-13,7260.0
2010-12-14,7252.0
2010-12-15,7284.0
2010-12-16,7310.0
2010-12-17,7339.0
2010-12-20,7318.0
2010-12-21,7367.0
2010-12-22,7409.0
2010-12-23,7424.0
2010-12-27,7403.0
2010-12-28,7366.0
2010-12-29,7420.0
2010-12-30,7373.0
2011-01-03,7426.0
2011-01-04,7424.0
2011-01-05,7480.0
2011-01-06,7515.0
2011-01-07,7574.0
2011-01-10,7573.0
2011-01-11,7574.0
2011-01-12,7614.0
2011-01-13,7617.0
2011-01-14,7644.0
2011-01-17,7644.0
2011-01-18,7660.0
2011-01-19,7667.0
2011-01-20,7668.0
2011-01-21,7679.0
2011-01-24,7694.0
2011-01-25,7724.0
2011-01-26,7720.0
2011-01-27,7718.0
2011-01-28,7785.0
2011-01-31,7808.0
2011-02-01,7812.0
2011-02-02,7834.0
2011-02-03,7851.0
2011-02-04,7868.0
2011-02-07,7866.0
2011-02-08,7896.0
2011-02-09,7895.0
2011-02-10,7986.0
2011-02-11,7903.0
2011-02-14,7870.0
2011-02-15,7885.0
2011-02-16,7955.0
2011-02-17,7969.0
2011-02-18,7973.0
2011-02-21,7978.0
2011-02-22,8011.0
2011-02-23,8001.0
2011-02-24,8011.0
2011-02-25,8027.0
2011-02-28,8026.0
2011-03-01,8035.0
2011-03-02,8061.0
2011-03-03,8074.0
2011-03-04,8096.0
2011-03-09,8112.0
2011-03-10,8165.0
2011-03-11,8149.0
2011-03-14,8151.0
2011-03-15,8173.0
2011-03-16,8183.0
2011-03-17,8219.0
2011-03-18,8245.0
2011-03-21,8230.0
2011-03-22,8249.0
2011-03-23,8258.0
2011-03-28,8251.0
2011-03-29,8288.0
2011-03-30,8266.0
2011-03-31,8245.0
2011-04-01,8296.0
2011-04-04,8304.0
2011-04-05,8301.0
2011-04-06,8345.0
2011-04-07,8420.0
2011-04-08,8493.0
2011-04-11,8492.0
2011-04-12,8505.0
2011-04-13,8501.0
2011-04-14,8606.0
2011-04-15,8612.0
2011-04-18,8602.0
2011-04-19,8639.0
2011-04-20,8622.0
2011-04-25,8618.0
2011-04-26,8589.0
2011-04-27,8601.0
2011-04-28,8573.0
2011-04-29,8469.0
2011-05-02,8475.0
2011-05-03,8496.0
2011-05-04,8495.0
2011-05-05,8525.0
2011-05-06,8527.0
2011-05-09,8545.0
2011-05-10,8564.0
2011-05-11,8575.0
2011-05-12,8622.0
2011-05-13,8634.0
2011-05-16,8638.0
2011-05-17,8624.0
2011-05-18,8647.0
2011-05-19,8610.0
2011-05-20,8618.0
2011-05-23,8616.0
2011-05-24,8611.0
2011-05-26,8618.0
2011-05-27,8628.0
2011-05-30,8645.0
2011-05-31,8590.0
2011-06-01,8618.0
2011-06-02,8671.0
2011-06-03,8702.0
2011-06-06,8678.0
2011-06-07,8694.0
2011-06-08,8673.0
2011-06-09,8736.0
2011-06-10,8721.0
2011-06-13,8733.0
2011-06-14,8741.0
2011-06-15,8788.0
2011-06-16,8834.0
2011-06-17,8835.0
2011-06-21,8862.0
2011-06-22,8874.0
2011-06-23,8876.0
2011-06-24,8900.0
2011-06-27,8868.0
2011-06-28,8889.0
2011-06-29,8895.0
2011-06-30,8865.0
2011-07-01,8926.0
2011-07-04,8910.0
2011-07-05,8941.0
2011-07-06,8956.0
2011-07-07,8989.0
2011-07-08,8988.0
2011-07-11,9011.0
2011-07-12,9041.0
2011-07-13,9084.0
2011-07-14,9083.0
2011-07-15,9114.0
2011-07-18,9116.0
2011-07-19,9122.0
2011-07-20,9105.0
2011-07-21,9142.0
2011-07-22,9172.0
2011-07-25,9177.0
2011-07-26,9154.0
2011-07-27,9194.0
2011-07-28,9179.0
2011-07-29,9164.0
2011-08-01,9184.0
2011-08-02,9195.0
2011-08-03,9225.0
2011-08-04,9231.0
2011-08-05,9244.0
2011-08-08,9264.0
2011-08-09,9230.0
2011-08-10,9286.0
2011-08-11,9316.0
2011-08-12,9356.0
2011-08-15,9426.0
2011-08-16,9406.0
2011-08-17,9389.0
2011-08-18,9387.0
2011-08-19,9400.0
2011-08-23,9414.0
2011-08-24,9451.0
2011-08-25,9439.0
2011-08-26,9464.0
2011-08-29,9487.0
2011-08-30,9481.0
2011-08-31,9458.0
2011-09-01,9506.0
2011-09-02,9523.0
2011-09-05,9515.0
2011-09-06,9528.0
2011-09-07,9499.0
2011-09-08,9498.0
2011-09-09,9527.0
2011-09-12,9546.0
2011-09-13,9568.0
2011-09-14,9561.0
2011-09-15,9572.0
2011-09-16,9569.0
2011-09-19,9566.0
2011-09-20,9554.0
2011-09-21,9594.0
2011-09-22,9576.0
2011-09-23,9589.0
2011-09-26,9562.0
2011-09-27,9574.0
2011-09-28,9537.0
2011-09-29,9599.0
2011-09-30,9555.0
2011-10-03,9582.0
2011-10-04,9551.0
2011-10-05,9597.0
2011-10-06,9618.0
2011-10-07,9611.0
2011-10-11,9609.0
2011-10-12,9632.0
2011-10-13,9604.0
2011-10-14,9622.0
2011-10-17,9618.0
2011-10-18,9610.0
2011-10-19,9636.0
2011-10-20,9651.0
2011-10-21,9648.0
2011-10-24,9701.0
2011-10-25,9705.0
2011-10-26,9728.0
2011-10-27,9745.0
2011-10-28,9757.0
2011-10-31,9756.0
2011-11-01,9792.0
2011-11-02,9868.0
2011-11-03,9880.0
2011-11-04,9866.0
2011-11-07,9834.0
2011-11-08,9822.0
2011-11-09,9827.0
2011-11-10,9825.0
2011-11-11,9830.0
2011-11-14,9853.0
2011-11-15,9877.0
2011-11-16,9885.0
2011-11-17,9882.0
2011-11-18,9853.0
2011-11-21,9809.0
2011-11-22,9783.0
2011-11-23,9782.0
2011-11-24,9774.0
2011-11-25,9751.0
2011-11-29,9750.0
2011-11-30,9680.0
2011-12-01,9697.0
2011-12-02,9680.0
2011-12-05,9680.0
2011-12-06,9644.0
2011-12-07,9610.0
2011-12-12,9596.0
2011-12-13,9577.0
2011-12-14,9561.0
2011-12-15,9575.0
2011-12-16,9574.0
2011-12-19,9538.0
2011-12-20,9530.0
2011-12-21,9438.0
2011-12-22,9454.0
2011-12-23,9425.0
2011-12-27,9368.0
2011-12-28,9382.0
2011-12-29,9405.0
2011-12-30,9373.0
2012-01-03,9332.0
2012-01-04,9366.0
2012-01-05,9390.0
2012-01-06,9386.0
2012-01-09,9411.0
2012-01-10,9419.0
2012-01-11,9467.0
2012-01-12,9460.0
2012-01-13,9530.0
2012-01-16,9514.0
2012-01-17,9515.0
2012-01-18,9517.0
2012-01-19,9542.0
2012-01-20,9584.0
2012-01-23,9581.0
2012-01-24,9592.0
2012-01-25,9613.0
2012-01-26,9629.0
2012-01-27,9637.0
2012-01-30,9662.0
2012-01-31,9632.0
2012-02-01,9646.0
2012-02-02,9683.0
2012-02-03,9685.0
2012-02-06,9684.0
2012-02-07,9683.0
2012-02-08,9692.0
2012-02-09,9681.0
2012-02-10,9679.0
2012-02-13,9674.0
2012-02-14,9674.0
2012-02-15,9683.0
2012-02-16,9726.0
2012-02-17,9678.0
2012-02-22,9612.0
2012-02-23,9613.0
2012-02-24,9574.0
2012-02-28,9565.0
2012-02-29,9527.0
2012-03-01,9531.0
2012-03-02,9528.0
2012-03-05,9536.0
2012-03-06,9514.0
2012-03-07,9475.0
2012-03-08,9475.0
2012-03-09,9466.0
2012-03-12,9457.0
2012-03-13,9442.0
2012-03-14,9449.0
2012-03-15,9420.0
2012-03-16,9429.0
2012-03-19,9396.0
2012-03-20,9446.0
2012-03-21,9464.0
2012-03-22,9453.0
2012-03-23,9503.0
2012-03-26,9482.0
2012-03-27,9476.0
2012-03-28,9489.0
2012-03-29,9480.0
2012-03-30,9494.0
2012-04-03,9483.0
2012-04-04,9444.0
2012-04-09,9440.0
2012-04-10,9459.0
2012-04-11,9466.0
2012-04-12,9508.0
2012-04-13,9469.0
2012-04-16,9455.0
2012-04-17,9452.0
2012-04-18,9420.0
2012-04-19,9425.0
2012-04-20,9427.0
2012-04-23,9390.0
2012-04-24,9382.0
2012-04-25,9377.0
2012-04-26,9405.0
2012-04-27,9367.0
2012-05-02,9362.0
2012-05-03,9365.0
2012-05-04,9321.0
2012-05-07,9282.0
2012-05-08,9278.0
2012-05-09,9311.0
2012-05-10,9262.0
2012-05-11,9267.0
2012-05-14,9244.0
2012-05-15,9214.0
2012-05-16,9204.0
2012-05-17,9167.0
2012-05-18,9102.0
2012-05-21,9070.0
2012-05-22,9047.0
2012-05-23,9053.0
2012-05-24,9048.0
2012-05-28,9017.0
2012-05-29,9027.0
2012-05-30,9005.0
2012-05-31,8943.0
2012-06-01,8918.0
2012-06-04,8869.0
2012-06-05,8824.0
2012-06-06,8809.0
2012-06-07,8753.0
2012-06-08,8707.0
2012-06-11,8663.0
2012-06-12,8626.0
2012-06-13,8535.0
2012-06-14,8484.0
2012-06-15,8427.0
2012-06-18,8418.0
2012-06-19,8332.0
2012-06-21,8273.0
2012-06-22,8233.0
2012-06-25,8199.0
2012-06-26,8167.0
2012-06-27,8117.0
2012-06-28,8091.0
2012-06-29,8065.0
2012-07-02,8057.0
2012-07-03,7986.0
2012-07-04,7965.0
2012-07-05,7889.0
2012-07-06,7826.0
2012-07-10,7763.0
2012-07-11,7704.0
2012-07-12,7646.0
2012-07-13,7595.0
2012-07-16,7592.0
2012-07-17,7572.0
2012-07-18,7534.0
2012-07-19,7501.0
2012-07-20,7445.0
2012-07-23,7385.0
2012-07-24,7351.0
2012-07-25,7305.0
2012-07-26,7259.0
2012-07-27,7199.0
2012-07-30,7188.0
2012-07-31,7151.0
2012-08-01,7049.0
2012-08-02,7027.0
2012-08-03,7005.0
2012-08-06,6973.0
2012-08-07,6935.0
2012-08-08,6862.0
2012-08-09,6840.0
2012-08-10,6843.0
2012-08-13,6834.0
2012-08-14,6801.0
2012-08-15,6777.0
2012-08-16,6775.0
2012-08-17,6776.0
2012-08-21,6760.0
2012-08-22,6720.0
2012-08-23,6713.0
2012-08-24,6682.0
2012-08-27,6648.0
2012-08-28,6626.0
2012-08-29,6623.0
2012-08-30,6576.0
2012-08-31,6536.0
2012-09-03,6562.0
2012-09-04,6538.0
2012-09-05,6478.0
2012-09-06,6451.0
2012-09-07,6429.0
2012-09-10,6391.0
2012-09-11,6368.0
2012-09-12,6338.0
2012-09-13,6330.0
2012-09-14,6330.0
2012-09-17,6267.0
2012-09-18,6290.0
2012-09-19,6255.0
2012-09-20,6263.0
2012-09-21,6244.0
2012-09-25,6204.0
2012-09-26,6193.0
2012-09-27,6170.0
2012-09-28,6126.0
2012-10-01,6111.0
2012-10-02,6074.0
2012-10-03,6043.0
2012-10-04,6036.0
2012-10-05,6000.0
2012-10-09,6005.0
2012-10-10,5953.0
2012-10-11,5929.0
2012-10-12,5939.0
2012-10-15,5937.0
2012-10-16,5898.0
2012-10-17,5898.0
2012-10-18,5893.0
2012-10-19,5905.0
2012-10-22,5862.0
2012-10-23,5850.0
2012-10-24,5851.0
2012-10-25,5822.0
2012-10-26,5804.0
2012-10-29,5816.0
2012-10-30,5821.0
2012-10-31,5772.0
2012-11-01,5815.0
2012-11-02,5759.0
2012-11-05,5685.0
2012-11-07,5679.0
2012-11-08,5659.0
2012-11-09,5670.0
2012-11-12,5654.0
2012-11-13,5642.0
2012-11-14,5599.0
2012-11-15,5585.0
2012-11-16,5597.0
2012-11-19,5558.0
2012-11-20,5575.0
2012-11-21,5566.0
2012-11-22,5581.0
2012-11-23,5583.0
2012-11-27,5608.0
2012-11-28,5628.0
2012-11-29,5626.0
2012-11-30,5575.0
2012-12-03,5606.0
2012-12-04,5619.0
2012-12-05,5628.0
2012-12-06,5625.0
2012-12-07,5618.0
2012-12-10,5594.0
2012-12-11,5570.0
2012-12-12,5561.0
2012-12-13,5570.0
2012-12-14,5567.0
2012-12-17,5496.0
2012-12-18,5513.0
2012-12-19,5508.0
2012-12-20,5496.0
2012-12-21,5540.0
2012-12-26,5535.0
2012-12-27,5446.0
2012-12-28,5450.0
2012-12-31,5431.0
2013-01-02,5428.0
2013-01-03,5429.0
2013-01-04,5427.0
2013-01-07,5421.0
2013-01-08,5403.0
2013-01-09,5444.0
2013-01-10,5421.0
2013-01-11,5395.0
2013-01-14,5364.0
2013-01-15,5357.0
2013-01-16,5348.0
2013-01-17,5359.0
2013-01-18,5384.0
2013-01-21,5408.0
2013-01-22,5461.0
2013-01-23,5498.0
2013-01-24,5518.0
2013-01-25,5549.0
2013-01-28,5500.0
2013-01-29,5520.0
2013-01-30,5514.0
2013-02-01,5546.0
2013-02-04,5552.0
2013-02-05,5537.0
2013-02-06,5499.0
2013-02-07,5508.0
2013-02-08,5490.0
2013-02-13,5452.0
2013-02-14,5418.0
2013-02-15,5404.0
2013-02-18,5391.0
2013-02-19,5405.0
2013-02-21,5404.0
2013-02-22,5386.0
2013-02-25,5379.0
2013-02-26,5374.0
2013-02-27,5357.0
2013-02-28,5287.0
2013-03-01,5347.0
2013-03-04,5332.0
2013-03-05,5294.0
2013-03-06,5245.0
2013-03-07,5252.0
2013-03-08,5260.0
2013-03-11,5220.0
2013-03-12,5213.0
2013-03-13,5200.0
2013-03-14,5181.0
2013-03-15,5166.0
2013-03-18,5154.0
2013-03-19,5119.0
2013-03-20,5132.0
2013-03-21,5130.0
2013-03-22,5134.0
2013-03-25,5116.0
2013-03-26,5102.0
2013-03-27,5063.0
2013-04-03,5097.0
2013-04-04,5142.0
2013-04-05,5156.0
2013-04-08,5124.0
2013-04-09,5091.0
2013-04-10,5118.0
2013-04-11,5104.0
2013-04-12,5139.0
2013-04-15,5155.0
2013-04-16,5186.0
2013-04-17,5191.0
2013-04-18,5210.0
2013-04-19,5243.0
2013-04-22,5244.0
2013-04-23,5299.0
2013-04-24,5293.0
2013-04-25,5234.0
2013-04-26,5265.0
2013-04-29,5309.0
2013-04-30,5230.0
2013-05-02,5245.0
2013-05-03,5257.0
2013-05-06,5242.0
2013-05-07,5213.0
2013-05-08,5220.0
2013-05-09,5173.0
2013-05-10,5137.0
2013-05-13,5136.0
2013-05-14,5127.0
2013-05-15,5113.0
2013-05-16,5117.0
2013-05-17,5111.0
2013-05-20,5093.0
2013-05-21,5118.0
2013-05-22,5137.0
2013-05-23,5126.0
2013-05-24,5118.0
2013-05-27,5111.0
2013-05-28,5115.0
2013-05-29,5145.0
2013-05-30,5126.0
2013-05-31,5063.0
2013-06-03,5066.0
2013-06-04,5035.0
2013-06-05,5019.0
2013-06-06,5015.0
2013-06-07,5022.0
2013-06-10,5012.0
2013-06-11,5006.0
2013-06-12,4978.0
2013-06-13,4966.0
2013-06-14,4962.0
2013-06-17,4947.0
2013-06-18,4955.0
2013-06-19,4939.0
2013-06-24,4941.0
2013-06-25,4982.0
2013-06-26,4976.0
2013-06-27,4965.0
2013-06-28,4903.0
2013-07-01,4895.0
2013-07-02,4885.0
2013-07-03,4838.0
2013-07-04,4830.0
2013-07-05,4872.0
2013-07-08,4867.0
2013-07-10,4794.0
2013-07-11,4758.0
2013-07-12,4727.0
2013-07-15,4685.0
2013-07-16,4674.0
2013-07-17,4655.0
2013-07-18,4667.0
2013-07-19,4638.0
2013-07-22,4664.0
2013-07-23,4660.0
2013-07-24,4657.0
2013-07-25,4648.0
2013-07-26,4641.0
2013-07-29,4581.0
2013-07-30,4575.0
2013-07-31,4559.0
2013-08-01,4545.0
2013-08-02,4558.0
2013-08-05,4516.0
2013-08-06,4517.0
2013-08-07,4486.0
2013-08-08,4491.0
2013-08-09,4496.0
2013-08-12,4483.0
2013-08-13,4471.0
2013-08-14,4436.0
2013-08-15,4427.0
2013-08-16,4415.0
2013-08-20,4398.0
2013-08-21,4401.0
2013-08-22,4394.0
2013-08-23,4390.0
2013-08-26,4424.0
2013-08-27,4421.0
2013-08-28,4425.0
2013-08-29,4420.0
2013-08-30,4373.0
2013-09-02,4372.0
2013-09-03,4412.0
2013-09-04,4349.0
2013-09-05,4351.0
2013-09-06,4364.0
2013-09-09,4367.0
2013-09-10,4357.0
2013-09-11,4330.0
2013-09-12,4329.0
2013-09-13,4317.0
2013-09-16,4295.0
2013-09-17,4295.0
2013-09-18,4309.0
2013-09-19,4282.0
2013-09-20,4283.0
2013-09-23,4248.0
2013-09-24,4214.0
2013-09-25,4189.0
2013-09-26,4198.0
2013-09-27,4205.0
2013-09-30,4150.0
2013-10-01,4149.0
2013-10-02,4155.0
2013-10-03,4175.0
2013-10-04,4186.0
2013-10-07,4190.0
2013-10-08,4181.0
2013-10-09,4133.0
2013-10-10,4152.0
2013-10-11,4126.0
2013-10-15,4129.0
2013-10-16,4152.0
2013-10-17,4148.0
2013-10-18,4142.0
2013-10-21,4136.0
2013-10-22,4161.0
2013-10-23,4165.0
2013-10-24,4138.0
2013-10-25,4128.0
2013-10-28,4115.0
2013-10-29,4121.0
2013-10-30,4117.0
2013-10-31,4025.0
2013-11-01,4085.0
2013-11-04,4066.0
2013-11-05,4053.0
2013-11-07,4012.0
2013-11-08,4015.0
2013-11-11,4015.0
2013-11-12,3994.0
2013-11-13,3940.0
2013-11-14,3930.0
2013-11-15,3930.0
2013-11-18,3901.0
2013-11-19,3912.0
2013-11-20,3897.0
2013-11-21,3863.0
2013-11-22,3878.0
2013-11-26,3853.0
2013-11-27,3876.0
2013-11-28,3865.0
2013-11-29,3806.0
2013-12-02,3853.0
2013-12-03,3829.0
2013-12-04,3836.0
2013-12-05,3796.0
2013-12-06,3797.0
2013-12-09,3770.0
2013-12-10,3758.0
2013-12-11,3693.0
2013-12-12,3681.0
2013-12-13,3665.0
2013-12-16,3643.0
2013-12-17,3642.0
2013-12-18,3643.0
2013-12-19,3660.0
2013-12-20,3630.0
2013-12-23,3623.0
2013-12-26,3576.0
2013-12-27,3603.0
2013-12-30,3616.0
2014-01-02,3600.0
2014-01-03,3583.0
2014-01-06,3587.0
2014-01-07,3604.0
2014-01-08,3583.0
2014-01-09,3555.0
2014-01-10,3638.0
2014-01-13,3619.0
2014-01-14,3636.0
2014-01-15,3641.0
2014-01-16,3653.0
2014-01-17,3668.0
2014-01-20,3676.0
2014-01-21,3692.0
2014-01-22,3705.0
2014-01-23,3683.0
2014-01-24,3691.0
2014-01-27,3690.0
2014-01-28,3682.0
2014-01-29,3695.0
2014-01-30,3696.0
2014-01-31,3666.0
2014-02-03,3692.0
2014-02-04,3691.0
2014-02-05,3659.0
2014-02-06,3674.0
2014-02-07,3677.0
2014-02-10,3685.0
2014-02-11,3698.0
2014-02-12,3674.0
2014-02-13,3673.0
2014-02-14,3669.0
2014-02-17,3665.0
2014-02-18,3670.0
2014-02-19,3685.0
2014-02-20,3680.0
2014-02-21,3686.0
2014-02-24,3653.0
2014-02-25,3658.0
2014-02-26,3647.0
2014-02-27,3634.0
2014-02-28,3576.0
2014-03-05,3578.0
2014-03-06,3547.0
2014-03-07,3534.0
2014-03-10,3532.0
2014-03-11,3531.0
2014-03-12,3570.0
2014-03-13,3553.0
2014-03-14,3548.0
2014-03-17,3536.0
2014-03-18,3584.0
2014-03-19,3579.0
2014-03-20,3589.0
2014-03-21,3621.0
2014-03-25,3631.0
2014-03-26,3642.0
2014-03-27,3648.0
2014-03-28,3679.0
2014-03-31,3685.0
2014-04-01,3714.0
2014-04-03,3710.0
2014-04-04,3748.0
2014-04-07,3739.0
2014-04-08,3691.0
2014-04-09,3688.0
2014-04-10,3687.0
2014-04-11,3709.0
2014-04-14,3747.0
2014-04-15,3811.0
2014-04-16,3866.0
2014-04-21,3883.0
2014-04-22,3914.0
2014-04-23,3926.0
2014-04-24,3929.0
2014-04-25,3921.0
2014-04-28,3962.0
2014-04-29,3991.0
2014-04-30,3983.0
2014-05-05,3986.0
2014-05-06,3992.0
2014-05-07,4026.0
2014-05-08,4065.0
2014-05-09,4076.0
2014-05-12,4075.0
2014-05-13,4097.0
2014-05-14,4074.0
2014-05-15,4049.0
2014-05-16,4032.0
2014-05-19,4030.0
2014-05-20,4063.0
2014-05-21,4090.0
2014-05-22,4089.0
2014-05-23,4112.0
2014-05-26,4104.0
2014-05-27,4111.0
2014-05-28,4118.0
2014-05-29,4132.0
2014-05-30,4119.0
2014-06-02,4125.0
2014-06-03,4125.0
2014-06-04,4123.0
2014-06-05,4120.0
2014-06-06,4132.0
2014-06-09,4166.0
2014-06-10,4205.0
2014-06-11,4197.0
2014-06-12,4178.0
2014-06-13,4157.0
2014-06-16,4181.0
2014-06-17,4189.0
2014-06-18,4168.0
2014-06-19,4165.0
2014-06-23,4117.0
2014-06-24,4142.0
2014-06-25,4150.0
2014-06-26,4137.0
2014-06-27,4114.0
2014-06-30,4135.0
2014-07-01,4151.0
2014-07-02,4120.0
2014-07-03,4148.0
2014-07-04,4157.0
2014-07-07,4154.0
2014-07-08,4157.0
2014-07-10,4174.0
2014-07-11,4176.0
2014-07-14,4209.0
2014-07-15,4256.0
2014-07-16,4240.0
2014-07-17,4221.0
2014-07-18,4233.0
2014-07-21,4233.0
2014-07-22,4239.0
2014-07-23,4241.0
2014-07-24,4253.0
2014-07-25,4251.0
2014-07-28,4235.0
2014-07-29,4230.0
2014-07-30,4266.0
2014-07-31,4264.0
2014-08-01,4249.0
2014-08-04,4235.0
2014-08-05,4233.0
2014-08-06,4225.0
2014-08-07,4237.0
2014-08-08,4226.0
2014-08-11,4211.0
2014-08-12,4230.0
2014-08-13,4248.0
2014-08-14,4242.0
2014-08-15,4216.0
2014-08-19,4214.0
2014-08-20,4216.0
2014-08-21,4205.0
2014-08-22,4200.0
2014-08-25,4195.0
2014-08-26,4196.0
2014-08-27,4173.0
2014-08-28,4167.0
2014-08-29,4147.0
2014-09-01,4144.0
2014-09-02,4112.0
2014-09-03,4111.0
2014-09-04,4067.0
2014-09-05,4062.0
2014-09-08,4049.0
2014-09-09,4025.0
2014-09-10,4007.0
2014-09-11,4001.0
2014-09-12,4003.0
2014-09-15,3992.0
2014-09-16,3981.0
2014-09-17,3991.0
2014-09-18,3998.0
2014-09-19,3999.0
2014-09-22,3956.0
2014-09-23,3981.0
2014-09-24,4012.0
2014-09-25,4005.0
2014-09-26,3991.0
2014-09-29,3984.0
2014-09-30,3969.0
2014-10-01,3938.0
2014-10-02,3944.0
2014-10-03,3904.0
2014-10-06,3910.0
2014-10-07,3876.0
2014-10-08,3864.0
2014-10-09,3846.0
2014-10-10,3838.0
2014-10-14,3812.0
2014-10-15,3789.0
2014-10-16,3772.0
2014-10-17,3760.0
2014-10-20,3727.0
2014-10-21,3724.0
2014-10-22,3715.0
2014-10-23,3707.0
2014-10-24,3689.0
2014-10-27,3691.0
2014-10-28,3696.0
2014-10-29,3680.0
2014-10-30,3682.0
2014-10-31,3648.0
2014-11-03,3637.0
2014-11-04,3621.0
2014-11-05,3595.0
2014-11-07,3603.0
2014-11-10,3568.0
2014-11-11,3559.0
2014-11-12,3528.0
2014-11-13,3526.0
2014-11-14,3522.0
2014-11-17,3507.0
2014-11-18,3498.0
2014-11-19,3506.0
2014-11-20,3489.0
2014-11-21,3486.0
2014-11-25,3431.0
2014-11-26,3465.0
2014-11-27,3448.0
2014-11-28,3412.0
2014-12-01,3403.0
2014-12-02,3410.0
2014-12-03,3388.0
2014-12-04,3388.0
2014-12-05,3308.0
2014-12-09,3254.0
2014-12-10,3226.0
2014-12-11,3233.0
2014-12-12,3228.0
2014-12-15,3241.0
2014-12-16,3254.0
2014-12-17,3300.0
2014-12-18,3330.0
2014-12-19,3346.0
2014-12-22,3371.0
2014-12-23,3368.0
2014-12-24,3369.0
2014-12-29,3374.0
2014-12-30,3330.0
2015-01-02,3358.0
2015-01-05,3367.0
2015-01-06,3362.0
2015-01-07,3359.0
2015-01-08,3353.0
2015-01-09,3344.0
2015-01-12,3319.0
2015-01-13,3328.0
2015-01-14,3334.0
2015-01-15,3354.0
2015-01-16,3378.0
2015-01-19,3385.0
2015-01-20,3402.0
2015-01-21,3418.0
2015-01-22,3412.0
2015-01-23,3409.0
2015-01-26,3423.0
2015-01-27,3418.0
2015-01-28,3451.0
2015-01-29,3466.0
2015-01-30,3474.0
2015-02-02,3472.0
2015-02-03,3466.0
2015-02-04,3457.0
2015-02-05,3481.0
2015-02-06,3486.0
2015-02-09,3468.0
2015-02-10,3467.0
2015-02-11,3461.0
2015-02-12,3451.0
2015-02-13,3470.0
2015-02-18,3470.0
2015-02-19,3486.0
2015-02-20,3499.0
2015-02-23,3495.0
2015-02-24,3513.0
2015-02-25,3541.0
2015-02-26,3530.0
2015-02-27,3596.0
2015-03-02,3556.0
2015-03-03,3576.0
2015-03-04,3593.0
2015-03-05,3589.0
2015-03-06,3606.0
2015-03-09,3568.0
2015-03-10,3562.0
2015-03-11,3561.0
2015-03-12,3556.0
2015-03-13,3560.0
2015-03-16,3565.0
2015-03-17,3558.0
2015-03-18,3582.0
2015-03-19,3567.0
2015-03-20,3574.0
2015-03-25,3582.0
2015-03-26,3582.0
2015-03-27,3589.0
2015-03-30,3629.0
2015-03-31,3646.0
2015-04-01,3671.0
2015-04-06,3698.0
2015-04-07,3758.0
2015-04-08,3803.0
2015-04-09,3842.0
2015-04-10,3843.0
2015-04-13,3881.0
2015-04-14,3884.0
2015-04-15,3912.0
2015-04-16,3934.0
2015-04-17,3943.0
2015-04-20,3972.0
2015-04-21,3997.0
2015-04-22,4014.0
2015-04-23,4015.0
2015-04-24,4027.0
2015-04-27,4060.0
2015-04-28,4091.0
2015-04-29,4146.0
2015-04-30,4140.0
2015-05-04,4113.0
2015-05-05,4125.0
2015-05-06,4124.0
2015-05-07,4089.0
2015-05-08,4120.0
2015-05-11,4130.0
2015-05-12,4125.0
2015-05-13,4165.0
2015-05-14,4162.0
2015-05-15,4194.0
2015-05-18,4233.0
2015-05-19,4245.0
2015-05-20,4257.0
2015-05-21,4277.0
2015-05-22,4267.0
2015-05-26,4273.0
2015-05-27,4293.0
2015-05-28,4290.0
2015-05-29,4277.0
2015-06-01,4309.0
2015-06-02,4341.0
2015-06-03,4348.0
2015-06-04,4347.0
2015-06-05,4347.0
2015-06-08,4372.0
2015-06-09,4406.0
2015-06-10,4401.0
2015-06-11,4415.0
2015-06-12,4432.0
2015-06-15,4416.0
2015-06-16,4418.0
2015-06-17,4460.0
2015-06-18,4482.0
2015-06-19,4478.0
2015-06-22,4467.0
2015-06-23,4456.0
2015-06-24,4455.0
2015-06-25,4454.0
2015-06-26,4458.0
2015-06-29,4460.0
2015-06-30,4458.0
2015-07-01,4451.0
2015-07-02,4453.0
2015-07-03,4480.0
2015-07-06,4459.0
2015-07-07,4452.0
2015-07-08,4456.0
2015-07-10,4425.0
2015-07-13,4420.0
2015-07-14,4394.0
2015-07-15,4402.0
2015-07-16,4385.0
2015-07-17,4393.0
2015-07-20,4407.0
2015-07-21,4408.0
2015-07-22,4424.0
2015-07-23,4423.0
2015-07-24,4456.0
2015-07-27,4454.0
2015-07-28,4458.0
2015-07-29,4466.0
2015-07-30,4455.0
2015-07-31,4435.0
2015-08-03,4430.0
2015-08-04,4426.0
2015-08-05,4393.0
2015-08-06,4361.0
2015-08-07,4346.0
2015-08-10,4293.0
2015-08-11,4296.0
2015-08-12,4262.0
2015-08-13,4240.0
2015-08-14,4243.0
2015-08-18,4227.0
2015-08-19,4256.0
2015-08-20,4241.0
2015-08-21,4232.0
2015-08-24,4190.0
2015-08-25,4181.0
2015-08-26,4191.0
2015-08-27,4188.0
2015-08-28,4181.0
2015-08-31,4148.0
2015-09-01,4120.0
2015-09-02,4106.0
2015-09-03,4113.0
2015-09-04,4089.0
2015-09-07,4080.0
2015-09-08,4056.0
2015-09-09,4021.0
2015-09-10,4004.0
2015-09-11,3998.0
2015-09-14,3987.0
2015-09-15,3994.0
2015-09-16,4001.0
2015-09-17,4016.0
2015-09-18,3986.0
2015-09-21,3971.0
2015-09-22,3994.0
2015-09-23,3985.0
2015-09-24,3964.0
2015-09-25,3943.0
2015-09-28,3895.0
2015-09-29,3875.0
2015-09-30,3869.0
2015-10-01,3852.0
2015-10-02,3845.0
2015-10-05,3808.0
2015-10-06,3787.0
2015-10-07,3760.0
2015-10-08,3763.0
2015-10-09,3750.0
2015-10-13,3720.0
2015-10-14,3713.0
2015-10-15,3661.0
2015-10-16,3682.0
2015-10-19,3668.0
2015-10-20,3680.0
2015-10-21,3678.0
2015-10-22,3648.0
2015-10-23,3618.0
2015-10-26,3567.0
2015-10-27,3573.0
2015-10-28,3582.0
2015-10-29,3547.0
2015-10-30,3516.0
2015-11-02,3503.0
2015-11-03,3504.0
2015-11-04,3483.0
2015-11-05,3477.0
2015-11-09,3469.0
2015-11-10,3446.0
2015-11-11,3419.0
2015-11-12,3410.0
2015-11-13,3380.0
2015-11-16,3366.0
2015-11-17,3365.0
2015-11-18,3360.0
2015-11-19,3316.0
2015-11-20,3269.0
2015-11-23,3218.0
2015-11-24,3210.0
2015-11-25,3196.0
2015-11-26,3146.0
2015-11-30,3065.0
2015-12-01,3052.0
2015-12-02,3046.0
2015-12-03,2997.0
2015-12-04,2966.0
2015-12-09,2897.0
2015-12-10,2884.0
2015-12-11,2856.0
2015-12-14,2844.0
2015-12-15,2812.0
2015-12-16,2773.0
2015-12-17,2790.0
2015-12-18,2829.0
2015-12-21,2817.0
2015-12-22,2844.0
2015-12-23,2915.0
2015-12-24,2914.0
2015-12-28,2908.0
2015-12-29,2932.0
2015-12-30,2990.0
2015-12-31,2968.0
2016-01-04,2920.0
2016-01-05,2905.0
2016-01-06,2952.0
2016-01-07,2974.0
2016-01-08,3013.0
2016-01-11,3009.0
2016-01-12,2999.0
2016-01-13,2999.0
2016-01-14,3002.0
2016-01-15,3003.0
2016-01-18,3036.0
2016-01-19,3090.0
2016-01-20,3140.0
2016-01-21,3148.0
2016-01-22,3185.0
2016-01-25,3200.0
2016-01-26,3229.0
2016-01-27,3298.0
2016-01-28,3298.0
2016-01-29,3285.0
2016-02-01,3289.0
2016-02-02,3303.0
2016-02-03,3310.0
2016-02-04,3339.0
2016-02-05,3372.0
2016-02-10,3366.0
2016-02-11,3376.0
2016-02-12,3392.0
2016-02-15,3416.0
2016-02-16,3439.0
2016-02-17,3501.0
2016-02-18,3509.0
2016-02-19,3610.0
2016-02-22,3632.0
2016-02-23,3653.0
2016-02-24,3689.0
2016-02-25,3717.0
2016-02-26,3766.0
2016-02-29,3736.0
2016-03-01,3783.0
2016-03-02,3799.0
2016-03-03,3817.0
2016-03-04,3822.0
2016-03-07,3814.0
2016-03-08,3804.0
2016-03-09,3794.0
2016-03-10,3795.0
2016-03-11,3806.0
2016-03-14,3800.0
2016-03-15,3797.0
2016-03-16,3807.0
2016-03-17,3813.0
2016-03-18,3876.0
2016-03-21,3897.0
2016-03-22,3949.0
2016-03-23,3957.0
2016-03-28,3952.0
2016-03-29,3988.0
2016-03-30,4031.0
2016-03-31,4007.0
2016-04-01,4077.0
2016-04-04,4063.0
2016-04-05,4084.0
2016-04-06,4098.0
2016-04-07,4108.0
2016-04-08,4165.0
2016-04-11,4257.0
2016-04-12,4315.0
2016-04-13,4315.0
2016-04-14,4347.0
2016-04-15,4377.0
2016-04-18,4445.0
2016-04-19,4541.0
2016-04-20,4544.0
2016-04-21,4562.0
2016-04-22,4597.0
2016-04-25,4646.0
2016-04-26,4697.0
2016-04-27,4768.0
2016-04-28,4818.0
2016-04-29,4790.0
2016-05-02,4836.0
2016-05-03,4918.0
2016-05-04,4915.0
2016-05-05,5002.0
2016-05-06,5047.0
2016-05-09,5058.0
2016-05-10,5083.0
2016-05-11,5119.0
2016-05-12,5158.0
2016-05-13,5222.0
2016-05-16,5276.0
2016-05-17,5319.0
2016-05-18,5393.0
2016-05-19,5444.0
2016-05-20,5520.0
2016-05-23,5516.0
2016-05-24,5590.0
2016-05-26,5582.0
2016-05-27,5632.0
2016-05-30,5630.0
2016-05-31,5711.0
2016-06-01,5781.0
2016-06-02,5802.0
2016-06-03,5857.0
2016-06-06,5839.0
2016-06-07,5855.0
2016-06-08,5864.0
2016-06-09,5877.0
2016-06-10,5902.0
2016-06-13,5935.0
2016-06-14,6006.0
2016-06-15,6066.0
2016-06-16,6146.0
2016-06-21,6115.0
2016-06-22,6198.0
2016-06-23,6297.0
2016-06-24,6309.0
2016-06-27,6276.0
2016-06-28,6338.0
2016-06-29,6359.0
2016-06-30,6248.0
2016-07-01,6360.0
2016-07-04,6327.0
2016-07-05,6355.0
2016-07-06,6393.0
2016-07-07,6446.0
2016-07-11,6467.0
2016-07-12,6536.0
2016-07-13,6555.0
2016-07-14,6556.0
2016-07-15,6606.0
2016-07-18,6577.0
2016-07-19,6669.0
2016-07-20,6726.0
2016-07-21,6784.0
2016-07-22,6829.0
2016-07-25,6838.0
2016-07-26,6870.0
2016-07-27,6899.0
2016-07-28,6855.0
2016-07-29,6806.0
2016-08-01,6892.0
2016-08-02,6909.0
2016-08-03,6929.0
2016-08-04,6962.0
2016-08-05,6995.0
2016-08-08,7011.0
2016-08-09,7008.0
2016-08-10,7050.0
2016-08-11,7088.0
2016-08-12,7112.0
2016-08-16,7153.0
2016-08-17,7221.0
2016-08-18,7251.0
2016-08-19,7275.0
2016-08-22,7349.0
2016-08-23,7396.0
2016-08-24,7427.0
2016-08-25,7456.0
2016-08-26,7569.0
2016-08-29,7477.0
2016-08-30,7541.0
2016-08-31,7501.0
2016-09-01,7606.0
2016-09-02,7673.0
2016-09-05,7626.0
2016-09-06,7647.0
2016-09-07,7640.0
2016-09-08,7669.0
2016-09-09,7715.0
2016-09-12,7747.0
2016-09-13,7812.0
2016-09-14,7820.0
2016-09-15,7835.0
2016-09-16,7850.0
2016-09-19,7886.0
2016-09-20,7946.0
2016-09-21,7964.0
2016-09-22,7994.0
2016-09-23,8048.0
2016-09-26,8032.0
2016-09-27,8082.0
2016-09-28,8149.0
2016-09-29,8143.0
2016-09-30,8061.0
2016-10-03,8146.0
2016-10-04,8171.0
2016-10-05,8305.0
2016-10-06,8336.0
2016-10-07,8370.0
2016-10-11,8382.0
2016-10-12,8418.0
2016-10-13,8422.0
2016-10-14,8392.0
2016-10-17,8423.0
2016-10-18,8461.0
2016-10-19,8465.0
2016-10-20,8484.0
2016-10-21,8492.0
2016-10-24,8534.0
2016-10-25,8577.0
2016-10-26,8618.0
2016-10-27,8699.0
2016-10-28,8716.0
2016-10-31,8709.0
2016-11-01,8698.0
2016-11-02,8743.0
2016-11-03,8775.0
2016-11-04,8799.0
2016-11-07,8801.0
2016-11-08,8828.0
2016-11-09,8767.0
2016-11-10,8788.0
2016-11-11,8821.0
2016-11-14,8848.0
2016-11-15,8903.0
2016-11-16,8921.0
2016-11-17,8924.0
2016-11-18,8923.0
2016-11-21,8879.0
2016-11-22,8908.0
2016-11-23,8917.0
2016-11-24,8919.0
2016-11-25,9023.0
2016-11-29,9000.0
2016-11-30,9035.0
2016-12-01,9119.0
2016-12-02,9127.0
2016-12-05,9082.0
2016-12-06,9074.0
2016-12-07,9136.0
2016-12-12,9172.0
2016-12-13,9219.0
2016-12-14,9180.0
2016-12-15,9181.0
2016-12-16,9126.0
2016-12-19,9160.0
2016-12-20,9188.0
2016-12-21,9209.0
2016-12-22,9182.0
2016-12-23,9149.0
2016-12-26,9143.0
2016-12-27,9152.0
2016-12-28,9138.0
2016-12-29,9096.0
2016-12-30,9069.0
2017-01-02,9060.0
2017-01-03,9063.0
2017-01-04,9068.0
2017-01-05,9067.0
2017-01-06,9031.0
2017-01-09,9033.0
2017-01-10,9052.0
2017-01-11,9104.0
2017-01-12,9132.0
2017-01-13,9145.0
2017-01-16,9160.0
2017-01-17,9227.0
2017-01-18,9263.0
2017-01-19,9306.0
2017-01-20,9338.0
2017-01-23,9328.0
2017-01-24,9410.0
2017-01-25,9448.0
2017-01-26,9455.0
2017-01-27,9424.0
2017-01-30,9401.0
2017-01-31,9403.0
2017-02-01,9403.0
2017-02-02,9441.0
2017-02-03,9375.0
2017-02-06,9427.0
2017-02-07,9420.0
2017-02-08,9398.0
2017-02-09,9430.0
2017-02-10,9396.0
2017-02-13,9478.0
2017-02-14,9542.0
2017-02-15,9612.0
2017-02-16,9706.0
2017-02-17,9765.0
2017-02-20,9762.0
2017-02-21,9891.0
2017-02-22,9935.0
2017-02-23,9967.0
2017-02-24,9928.0
2017-03-01,9912.0
2017-03-02,9974.0
2017-03-03,10008.0
2017-03-06,9995.0
2017-03-07,10020.0
2017-03-08,9977.0
2017-03-09,10001.0
2017-03-10,10024.0
2017-03-13,9968.0
2017-03-14,9964.0
2017-03-15,9932.0
2017-03-16,9959.0
2017-03-17,9958.0
2017-03-20,10013.0
2017-03-21,10053.0
2017-03-22,10128.0
2017-03-23,10122.0
2017-03-27,10145.0
2017-03-28,10227.0
2017-03-29,10246.0
2017-03-30,10326.0
2017-03-31,10319.0
2017-04-03,10340.0
2017-04-04,10378.0
2017-04-05,10399.0
2017-04-06,10419.0
2017-04-07,10467.0
2017-04-10,10525.0
2017-04-11,10529.0
2017-04-12,10518.0
2017-04-17,10512.0
2017-04-18,10572.0
2017-04-19,10615.0
2017-04-20,10677.0
2017-04-21,10752.0
2017-04-24,10740.0
2017-04-25,10819.0
2017-04-26,10838.0
2017-04-27,10859.0
2017-04-28,10878.0
2017-05-02,10898.0
2017-05-03,10907.0
2017-05-04,10941.0
2017-05-05,11008.0
2017-05-08,11036.0
2017-05-09,11059.0
2017-05-10,11154.0
2017-05-11,11149.0
2017-05-12,11149.0
2017-05-15,11234.0
2017-05-16,11288.0
2017-05-17,11359.0
2017-05-18,11536.0
2017-05-19,11524.0
2017-05-22,11565.0
2017-05-23,11706.0
2017-05-24,11783.0
2017-05-26,11834.0
2017-05-29,11830.0
2017-05-30,11866.0
2017-05-31,11866.0
2017-06-01,11928.0
2017-06-02,11997.0
2017-06-05,12171.0
2017-06-06,12129.0
2017-06-07,12127.0
2017-06-08,12141.0
2017-06-09,12237.0
2017-06-12,12280.0
2017-06-13,12304.0
2017-06-14,12329.0
2017-06-15,12372.0
2017-06-16,12344.0
2017-06-19,12406.0
2017-06-21,12390.0
2017-06-22,12424.0
2017-06-23,12433.0
2017-06-26,12415.0
2017-06-27,12462.0
2017-06-28,12680.0
2017-06-29,12734.0
2017-06-30,12795.0
2017-07-03,12829.0
2017-07-04,12867.0
2017-07-05,12905.0
2017-07-06,13004.0
2017-07-07,13054.0
2017-07-10,13075.0
2017-07-11,13145.0
2017-07-12,13174.0
2017-07-13,13239.0
2017-07-14,13330.0
2017-07-17,13379.0
2017-07-18,13420.0
2017-07-19,13456.0
2017-07-20,13513.0
2017-07-21,13617.0
2017-07-24,13587.0
2017-07-25,13655.0
2017-07-26,13683.0
2017-07-27,13731.0
2017-07-28,13755.0
2017-07-31,13757.0
2017-08-01,13790.0
2017-08-02,13776.0
2017-08-03,13844.0
2017-08-04,13872.0
2017-08-07,13854.0
2017-08-08,13802.0
2017-08-09,13780.0
2017-08-10,13815.0
2017-08-11,13841.0
2017-08-14,13804.0
2017-08-15,13876.0
2017-08-16,13853.0
2017-08-17,13896.0
2017-08-18,13959.0
2017-08-22,13926.0
2017-08-23,13987.0
2017-08-24,14007.0
2017-08-25,13922.0
2017-08-28,14026.0
2017-08-29,14171.0
2017-08-30,14232.0
2017-08-31,14190.0
2017-09-01,14201.0
2017-09-04,14172.0
2017-09-05,14129.0
2017-09-06,14073.0
2017-09-07,14098.0
2017-09-08,14064.0
2017-09-11,14057.0
2017-09-12,14068.0
2017-09-13,14005.0
2017-09-14,13927.0
2017-09-15,14045.0
2017-09-18,14043.0
2017-09-19,14073.0
2017-09-20,14079.0
2017-09-21,14079.0
2017-09-22,14164.0
2017-09-25,14117.0
2017-09-26,14158.0
2017-09-27,14220.0
2017-09-28,14244.0
2017-09-29,14295.0
2017-10-02,14319.0
2017-10-03,14338.0
2017-10-04,14332.0
2017-10-05,14367.0
2017-10-06,14366.0
2017-10-09,14365.0
2017-10-10,14379.0
2017-10-11,14357.0
2017-10-12,14372.0
2017-10-13,14390.0
2017-10-17,14355.0
2017-10-18,14376.0
2017-10-19,14403.0
2017-10-20,14392.0
2017-10-23,14337.0
2017-10-24,14391.0
2017-10-25,14414.0
2017-10-26,14454.0
2017-10-27,14452.0
2017-10-30,14436.0
2017-10-31,14470.0
2017-11-01,14450.0
2017-11-02,14441.0
2017-11-03,14455.0
2017-11-07,14415.0
2017-11-08,14429.0
2017-11-09,14390.0
2017-11-10,14454.0
2017-11-13,14462.0
2017-11-14,14511.0
2017-11-15,14549.0
2017-11-16,14573.0
2017-11-17,14558.0
2017-11-21,14650.0
2017-11-22,14662.0
2017-11-23,14636.0
2017-11-24,14706.0
2017-11-27,14726.0
2017-11-28,14711.0
2017-11-29,14579.0
2017-11-30,14796.0
2017-12-01,14810.0
2017-12-04,14754.0
2017-12-05,14713.0
2017-12-06,14744.0
2017-12-07,14750.0
2017-12-11,14766.0
2017-12-12,14818.0
2017-12-13,14815.0
2017-12-14,14779.0
2017-12-15,14768.0
2017-12-18,14779.0
2017-12-19,14790.0
2017-12-20,14737.0
2017-12-21,14777.0
2017-12-22,14811.0
2017-12-26,14777.0
2017-12-27,14765.0
2017-12-28,14775.0
2017-12-29,14803.0
2018-01-02,14933.0
2018-01-03,15014.0
2018-01-04,15072.0
2018-01-05,15168.0
2018-01-08,15158.0
2018-01-09,15152.0
2018-01-10,15148.0
2018-01-11,15182.0
2018-01-12,15242.0
2018-01-15,15249.0
2018-01-16,15301.0
2018-01-17,15378.0
2018-01-18,15419.0
2018-01-19,15467.0
2018-01-22,15530.0
2018-01-23,15589.0
2018-01-24,15625.0
2018-01-25,15619.0
2018-01-26,15639.0
2018-01-29,15751.0
2018-01-30,15743.0
2018-01-31,15832.0
2018-02-01,15741.0
2018-02-02,15789.0
2018-02-05,15762.0
2018-02-06,15786.0
2018-02-07,15814.0
2018-02-08,15868.0
2018-02-09,15903.0
2018-02-14,15873.0
2018-02-15,15815.0
2018-02-16,15855.0
2018-02-19,15892.0
2018-02-20,15933.0
2018-02-21,15974.0
2018-02-22,15960.0
2018-02-23,15973.0
2018-02-26,15971.0
2018-02-27,16024.0
2018-02-28,16101.0
2018-03-01,16090.0
2018-03-02,16103.0
2018-03-05,16073.0
2018-03-06,16073.0
2018-03-07,16066.0
2018-03-08,16049.0
2018-03-09,16088.0
2018-03-12,16070.0
2018-03-13,16104.0
2018-03-14,16087.0
2018-03-15,16075.0
2018-03-16,16073.0
2018-03-19,16018.0
2018-03-20,16037.0
2018-03-21,16061.0
2018-03-22,16040.0
2018-03-23,15990.0
2018-03-26,15965.0
2018-03-27,15947.0
2018-03-28,15812.0
2018-04-03,15866.0
2018-04-04,15889.0
2018-04-05,16016.0
2018-04-06,16081.0
2018-04-09,16074.0
2018-04-10,16082.0
2018-04-11,15942.0
2018-04-12,16182.0
2018-04-13,16284.0
2018-04-16,16278.0
2018-04-17,16292.0
2018-04-18,16304.0
2018-04-19,16362.0
2018-04-20,16421.0
2018-04-23,16385.0
2018-04-24,16421.0
2018-04-25,16476.0
2018-04-26,16491.0
2018-04-27,16550.0
2018-05-02,16477.0
2018-05-03,16518.0
2018-05-04,16526.0
2018-05-07,16514.0
2018-05-08,16485.0
2018-05-09,16504.0
2018-05-10,16508.0
2018-05-11,16515.0
2018-05-14,16543.0
2018-05-15,16585.0
2018-05-16,16612.0
2018-05-17,16597.0
2018-05-18,16610.0
2018-05-21,16597.0
2018-05-22,16565.0
2018-05-23,16574.0
2018-05-24,16570.0
2018-05-28,16518.0
2018-05-29,16520.0
2018-05-30,16589.0
2018-05-31,16558.0
2018-06-01,16587.0
2018-06-04,16522.0
2018-06-05,16465.0
2018-06-06,16442.0
2018-06-07,16430.0
2018-06-08,16161.0
2018-06-11,16396.0
2018-06-12,16376.0
2018-06-13,16308.0
2018-06-14,16320.0
2018-06-15,16329.0
2018-06-18,16389.0
2018-06-19,16410.0
2018-06-21,16350.0
2018-06-22,16129.0
2018-06-25,16350.0
2018-06-26,16307.0
2018-06-27,16089.0
2018-06-28,16088.0
2018-06-29,16017.0
2018-07-02,15963.0
2018-07-03,16189.0
2018-07-04,16170.0
2018-07-05,16205.0
2018-07-06,16245.0
2018-07-10,16179.0
2018-07-11,16180.0
2018-07-12,16137.0
2018-07-13,16129.0
2018-07-16,16114.0
2018-07-17,16111.0
2018-07-18,16050.0
2018-07-19,16159.0
2018-07-20,16339.0
2018-07-23,16313.0
2018-07-24,16285.0
2018-07-25,16281.0
2018-07-26,16240.0
2018-07-27,16259.0
2018-07-30,16244.0
2018-07-31,16249.0
2018-08-01,16222.0
2018-08-02,16239.0
2018-08-03,16273.0
2018-08-06,16262.0
2018-08-07,16252.0
2018-08-08,16302.0
2018-08-09,16321.0
2018-08-10,16321.0
2018-08-13,16330.0
2018-08-14,16308.0
2018-08-15,16338.0
2018-08-16,16371.0
2018-08-17,16466.0
2018-08-21,16462.0
2018-08-22,16475.0
2018-08-23,16515.0
2018-08-24,16574.0
2018-08-27,16493.0
2018-08-28,16524.0
2018-08-29,16556.0
2018-08-30,16542.0
2018-08-31,16535.0
2018-09-03,16474.0
2018-09-04,16418.0
2018-09-05,16380.0
2018-09-06,16335.0
2018-09-07,16333.0
2018-09-10,16285.0
2018-09-11,16230.0
2018-09-12,16195.0
2018-09-13,16166.0
2018-09-14,16169.0
2018-09-17,16098.0
2018-09-18,16064.0
2018-09-19,16061.0
2018-09-20,16054.0
2018-09-21,16054.0
2018-09-24,15752.0
2018-09-25,15908.0
2018-09-26,15896.0
2018-09-27,15906.0
2018-09-28,15932.0
2018-10-01,15844.0
2018-10-02,15815.0
2018-10-03,15809.0
2018-10-04,15805.0
2018-10-05,15832.0
2018-10-08,15827.0
2018-10-09,15785.0
2018-10-10,15763.0
2018-10-11,15813.0
2018-10-12,15786.0
2018-10-16,15769.0
2018-10-17,15756.0
2018-10-18,15788.0
2018-10-19,15879.0
2018-10-22,15788.0
2018-10-23,15758.0
2018-10-24,15700.0
2018-10-25,15725.0
2018-10-26,15749.0
2018-10-29,15737.0
2018-10-30,15642.0
2018-10-31,15554.0
2018-11-01,15552.0
2018-11-02,15554.0
2018-11-05,15535.0
2018-11-07,15496.0
2018-11-08,15520.0
2018-11-09,15514.0
2018-11-12,15483.0
2018-11-13,15499.0
2018-11-14,15492.0
2018-11-15,15526.0
2018-11-16,15574.0
2018-11-20,15547.0
2018-11-21,15541.0
2018-11-22,15542.0
2018-11-23,15547.0
2018-11-26,15478.0
2018-11-27,15517.0
2018-11-28,15584.0
2018-11-29,15554.0
2018-12-03,15576.0
2018-12-04,15579.0
2018-12-05,15573.0
2018-12-06,15521.0
2018-12-07,15485.0
2018-12-10,15461.0
2018-12-11,15469.0
2018-12-12,15468.0
2018-12-13,15511.0
2018-12-14,15613.0
2018-12-17,15632.0
2018-12-18,15553.0
2018-12-19,15527.0
2018-12-20,15493.0
2018-12-21,15507.0
2018-12-26,15466.0
2018-12-27,15423.0
2018-12-28,15310.0
2019-01-02,15337.0
2019-01-03,15384.0
2019-01-04,15415.0
2019-01-07,15405.0
2019-01-08,15456.0
2019-01-09,15462.0
2019-01-10,15462.0
2019-01-11,15499.0
2019-01-14,15524.0
2019-01-15,15577.0
2019-01-16,15626.0
2019-01-17,15630.0
2019-01-18,15640.0
2019-01-21,15640.0
2019-01-22,15668.0
2019-01-23,15709.0
2019-01-24,15711.0
2019-01-25,15742.0
2019-01-28,15711.0
2019-01-29,15713.0
2019-01-30,15710.0
2019-01-31,15680.0
2019-02-01,15721.0
2019-02-04,15651.0
2019-02-05,15673.0
2019-02-06,15714.0
2019-02-07,15700.0
2019-02-08,15753.0
2019-02-11,15769.0
2019-02-12,15797.0
2019-02-13,15782.0
2019-02-14,15782.0
2019-02-15,15748.0
2019-02-18,15763.0
2019-02-19,15803.0
2019-02-20,15814.0
2019-02-21,15812.0
2019-02-22,15746.0
2019-02-25,15741.0
2019-02-26,15777.0
2019-02-27,15766.0
2019-02-28,15678.0
2019-03-01,15765.0
2019-03-06,15728.0
2019-03-07,15761.0
2019-03-08,15767.0
2019-03-11,15754.0
2019-03-12,15737.0
2019-03-13,15731.0
2019-03-14,15813.0
2019-03-15,15856.0
2019-03-18,15812.0
2019-03-19,15807.0
2019-03-20,15818.0
2019-03-21,15833.0
2019-03-22,15834.0
2019-03-25,15843.0
2019-03-26,15823.0
2019-03-27,15821.0
2019-03-28,15826.0
2019-03-29,15791.0
2019-04-01,15806.0
2019-04-03,15805.0
2019-04-04,15783.0
2019-04-05,15735.0
2019-04-08,15733.0
2019-04-09,15745.0
2019-04-10,15768.0
2019-04-11,15786.0
2019-04-12,15823.0
2019-04-15,15835.0
2019-04-16,15862.0
2019-04-17,15874.0
2019-04-22,15880.0
2019-04-23,15920.0
2019-04-24,15887.0
2019-04-25,15895.0
2019-04-26,15926.0
2019-04-29,15908.0
2019-04-30,15899.0
2019-05-02,15947.0
2019-05-03,16049.0
2019-05-06,15985.0
2019-05-07,15969.0
2019-05-08,15991.0
2019-05-09,15960.0
2019-05-10,15982.0
2019-05-13,15948.0
2019-05-14,15940.0
2019-05-15,15910.0
2019-05-16,15858.0
2019-05-17,15822.0
2019-05-20,15810.0
2019-05-21,15808.0
2019-05-22,15823.0
2019-05-23,15894.0
2019-05-24,15801.0
2019-05-27,15800.0
2019-05-28,15799.0
2019-05-29,15755.0
2019-05-30,15741.0
2019-05-31,15679.0
2019-06-03,15682.0
2019-06-04,15672.0
2019-06-05,15643.0
2019-06-06,15639.0
2019-06-07,15599.0
2019-06-10,15570.0
2019-06-11,15630.0
2019-06-12,15597.0
2019-06-13,15611.0
2019-06-14,15569.0
2019-06-18,15555.0
2019-06-19,15603.0
2019-06-21,15570.0
2019-06-24,15624.0
2019-06-25,15654.0
2019-06-26,15780.0
2019-06-27,15773.0
2019-06-28,15761.0
2019-07-01,15772.0
2019-07-02,15820.0
2019-07-03,15888.0
2019-07-04,15921.0
2019-07-05,15954.0
2019-07-10,15957.0
2019-07-11,15986.0
2019-07-12,15979.0
2019-07-15,15981.0
2019-07-16,16015.0
2019-07-17,16059.0
2019-07-18,16104.0
2019-07-19,16135.0
2019-07-22,16157.0
2019-07-23,16151.0
2019-07-24,16174.0
2019-07-25,16188.0
2019-07-26,16221.0
2019-07-29,16211.0
2019-07-30,16263.0
2019-07-31,16258.0
2019-08-01,16311.0
2019-08-02,16255.0
2019-08-05,16270.0
2019-08-06,16259.0
2019-08-07,16241.0
2019-08-08,16287.0
2019-08-09,16247.0
2019-08-12,16101.0
2019-08-13,16050.0
2019-08-14,16031.0
2019-08-15,16069.0
2019-08-16,16022.0
2019-08-20,15877.0
2019-08-21,15820.0
2019-08-22,15755.0
2019-08-23,15716.0
2019-08-26,15654.0
2019-08-27,15676.0
2019-08-28,15626.0
2019-08-29,15531.0
2019-08-30,15402.0
2019-09-02,15402.0
2019-09-03,15175.0
2019-09-04,15059.0
2019-09-05,14995.0
2019-09-06,14806.0
2019-09-09,14660.0
2019-09-10,14545.0
2019-09-11,14471.0
2019-09-12,14361.0
2019-09-13,14286.0
2019-09-16,14168.0
2019-09-17,14118.0
2019-09-18,14009.0
2019-09-19,13972.0
2019-09-20,13908.0
2019-09-23,13842.0
2019-09-24,13803.0
2019-09-25,13755.0
2019-09-26,13699.0
2019-09-27,13619.0
2019-09-30,13407.0
2019-10-01,13361.0
2019-10-02,13284.0
2019-10-03,13241.0
2019-10-04,13201.0
2019-10-07,13069.0
2019-10-08,12972.0
2019-10-09,12893.0
2019-10-10,12869.0
2019-10-11,12753.0
2019-10-15,12718.0
2019-10-16,12622.0
2019-10-17,12579.0
2019-10-18,12511.0
2019-10-21,12459.0
2019-10-22,12381.0
2019-10-23,12299.0
2019-10-24,12156.0
2019-10-25,12037.0
2019-10-28,11999.0
2019-10-29,11955.0
2019-10-30,11901.0
2019-10-31,11840.0
2019-11-01,11807.0
2019-11-04,11703.0
2019-11-05,11664.0
2019-11-07,11602.0
2019-11-08,11563.0
2019-11-11,11479.0
2019-11-12,11428.0
2019-11-13,11406.0
2019-11-14,11407.0
2019-11-15,11389.0
2019-11-19,11388.0
2019-11-20,11387.0
2019-11-21,11350.0
2019-11-22,11289.0
2019-11-25,11257.0
2019-11-26,11232.0
2019-11-27,11169.0
2019-11-28,11125.0
2019-11-29,11040.0
2019-12-02,10993.0
2019-12-03,10971.0
2019-12-04,10941.0
2019-12-05,10917.0
2019-12-06,10902.0
2019-12-09,10808.0
2019-12-10,10774.0
2019-12-11,10687.0
2019-12-12,10681.0
2019-12-13,10646.0
2019-12-16,10572.0
2019-12-17,10582.0
2019-12-18,10539.0
2019-12-19,10589.0
2019-12-20,10549.0
2019-12-23,10508.0
2019-12-26,10464.0
2019-12-27,10445.0
2019-12-30,10314.0
2020-01-02,10297.0
2020-01-03,10243.0
2020-01-06,10163.0
2020-01-07,10080.0
2020-01-08,10028.0
2020-01-09,10020.0
2020-01-10,10024.0
2020-01-13,9995.0
2020-01-14,9993.0
2020-01-15,10039.0
2020-01-16,10063.0
2020-01-17,10048.0
2020-01-20,10026.0
2020-01-21,9975.0
2020-01-22,9965.0
2020-01-23,9960.0
2020-01-24,9933.0
2020-01-27,9934.0
2020-01-28,9945.0
2020-01-29,9921.0
2020-01-30,9923.0
2020-01-31,9860.0
2020-02-03,9876.0
2020-02-04,9875.0
2020-02-05,9847.0
2020-02-06,9884.0
2020-02-07,9820.0
2020-02-10,9774.0
2020-02-11,9730.0
2020-02-12,9706.0
2020-02-13,9748.0
2020-02-14,9721.0
2020-02-17,9714.0
2020-02-18,9704.0
2020-02-19,9699.0
2020-02-20,9656.0
2020-02-21,9652.0
2020-02-26,9604.0
2020-02-27,9585.0
2020-02-28,9501.0
2020-03-02,9538.0
2020-03-03,9524.0
2020-03-04,9485.0
2020-03-05,9514.0
2020-03-06,9506.0
2020-03-09,9459.0
2020-03-10,9437.0
2020-03-11,9407.0
2020-03-12,9261.0
2020-03-13,9238.0
2020-03-16,9189.0
2020-03-17,9158.0
2020-03-18,9098.0
2020-03-19,9108.0
2020-03-20,9079.0
2020-03-25,9031.0
2020-03-26,9003.0
2020-03-27,9003.0
2020-03-30,8939.0
2020-04-01,8967.0
2020-04-02,8909.0
2020-04-03,8920.0
2020-04-06,8901.0
2020-04-07,8869.0
2020-04-08,8885.0
2020-04-13,8779.0
2020-04-14,8767.0
2020-04-15,8726.0
2020-04-16,8718.0
2020-04-17,8683.0
2020-04-20,8624.0
2020-04-21,8580.0
2020-04-22,8579.0
2020-04-23,8535.0
2020-04-24,8508.0
2020-04-27,8472.0
2020-04-28,8446.0
2020-04-29,8394.0
2020-04-30,8256.0
2020-05-04,8274.0
2020-05-05,8279.0
2020-05-06,8229.0
2020-05-07,8215.0
2020-05-08,8178.0
2020-05-11,8174.0
2020-05-12,8149.0
2020-05-13,8119.0
2020-05-14,8098.0
2020-05-15,8085.0
2020-05-18,8043.0
2020-05-19,8038.0
2020-05-20,8009.0
2020-05-21,7959.0
2020-05-22,7943.0
2020-05-26,7915.0
2020-05-27,7891.0
2020-05-28,7860.0
2020-05-29,7747.0
2020-06-01,7788.0
2020-06-02,7731.0
2020-06-03,7716.0
2020-06-04,7709.0
2020-06-05,7679.0
2020-06-08,7693.0
2020-06-09,7664.0
2020-06-10,7648.0
2020-06-11,7632.0
2020-06-12,7611.0
2020-06-16,7561.0
2020-06-17,7539.0
2020-06-18,7501.0
2020-06-19,7491.0
2020-06-22,7445.0
2020-06-23,7399.0
2020-06-24,7396.0
2020-06-25,7346.0
2020-06-26,7318.0
2020-06-29,7287.0
2020-06-30,7158.0
2020-07-01,7226.0
2020-07-02,7212.0
2020-07-03,7154.0
2020-07-06,7155.0
2020-07-07,7131.0
2020-07-08,7107.0
2020-07-13,7000.0
2020-07-14,6971.0
2020-07-15,6935.0
2020-07-16,6909.0
2020-07-17,6889.0
2020-07-20,6863.0
2020-07-21,6832.0
2020-07-22,6819.0
2020-07-23,6796.0
2020-07-24,6778.0
2020-07-27,6755.0
2020-07-28,6755.0
2020-07-29,6736.0
2020-07-30,6669.0
2020-07-31,6581.0
2020-08-03,6597.0
2020-08-04,6569.0
2020-08-05,6563.0
2020-08-06,6554.0
2020-08-07,6538.0
2020-08-10,6532.0
2020-08-11,6515.0
2020-08-12,6505.0
2020-08-13,6463.0
2020-08-14,6441.0
2020-08-18,6416.0
2020-08-19,6390.0
2020-08-20,6365.0
2020-08-21,6362.0
2020-08-24,6340.0
2020-08-25,6333.0
2020-08-26,6319.0
2020-08-27,6303.0
2020-08-28,6302.0
2020-08-31,6153.0
2020-09-01,6221.0
2020-09-02,6166.0
2020-09-03,6162.0
2020-09-04,6146.0
2020-09-07,6169.0
2020-09-08,6174.0
2020-09-09,6162.0
2020-09-10,6156.0
2020-09-11,6148.0
2020-09-14,6126.0
2020-09-15,6111.0
2020-09-16,6094.0
2020-09-17,6071.0
2020-09-18,6064.0
2020-09-21,6052.0
2020-09-22,6051.0
2020-09-23,6080.0
2020-09-24,6074.0
2020-09-25,6062.0
2020-09-28,6016.0
2020-09-29,6007.0
2020-09-30,5914.0
2020-10-01,5972.0
2020-10-02,5945.0
2020-10-05,5861.0
2020-10-06,5845.0
2020-10-07,5874.0
2020-10-08,5864.0
2020-10-09,5838.0
2020-10-13,5798.0
2020-10-14,5791.0
2020-10-15,5780.0
2020-10-16,5773.0
2020-10-19,5744.0
2020-10-20,5746.0
2020-10-21,5741.0
2020-10-22,5730.0
2020-10-23,5701.0
2020-10-26,5673.0
2020-10-27,5667.0
2020-10-28,5651.0
2020-10-29,5646.0
2020-10-30,5587.0
2020-11-02,5625.0
2020-11-03,5628.0
2020-11-04,5579.0
2020-11-05,5622.0
2020-11-09,5596.0
2020-11-10,5591.0
2020-11-11,5585.0
2020-11-12,5586.0
2020-11-13,5586.0
2020-11-16,5575.0
2020-11-17,5564.0
2020-11-18,5564.0
2020-11-19,5552.0
2020-11-20,5562.0
2020-11-24,5514.0
2020-11-25,5511.0
2020-11-26,5499.0
2020-11-27,5489.0
2020-11-30,5413.0
2020-12-01,5437.0
2020-12-02,5394.0
2020-12-03,5405.0
2020-12-04,5358.0
2020-12-09,5389.0
2020-12-10,5382.0
2020-12-11,5351.0
2020-12-14,5358.0
2020-12-15,5370.0
2020-12-16,5334.0
2020-12-17,5313.0
2020-12-18,5310.0
2020-12-21,5304.0
2020-12-22,5289.0
2020-12-23,5279.0
2020-12-28,5323.0
2020-12-29,5353.0
2020-12-30,5313.0
2021-01-04,5302.0
2021-01-05,5242.0
2021-01-06,5207.0
2021-01-07,5200.0
2021-01-08,5197.0
2021-01-11,5150.0
2021-01-12,5147.0
2021-01-13,5132.0
2021-01-14,5131.0
2021-01-15,5107.0
2021-01-18,5126.0
2021-01-19,5106.0
2021-01-20,5077.0
2021-01-21,5078.0
2021-01-22,5083.0
2021-01-25,5073.0
2021-01-26,5082.0
2021-01-27,5098.0
2021-01-28,5085.0
2021-01-29,5071.0
2021-02-01,5028.0
2021-02-02,5047.0
2021-02-03,5018.0
2021-02-04,5026.0
2021-02-05,5055.0
2021-02-08,5056.0
2021-02-09,5030.0
2021-02-10,5035.0
2021-02-11,5037.0
2021-02-12,5033.0
2021-02-17,5034.0
2021-02-18,5060.0
2021-02-19,5070.0
2021-02-22,5057.0
2021-02-23,5078.0
2021-02-24,5056.0
2021-02-25,5083.0
2021-02-26,5070.0
2021-03-01,5065.0
2021-03-02,5044.0
2021-03-03,5050.0
2021-03-04,5070.0
2021-03-05,5057.0
2021-03-08,5040.0
2021-03-09,5032.0
2021-03-10,5032.0
2021-03-11,5069.0
2021-03-12,5051.0
2021-03-15,5040.0
2021-03-16,5053.0
2021-03-17,5069.0
2021-03-18,5082.0
2021-03-19,5099.0
2021-03-22,5135.0
2021-03-23,5176.0
2021-03-25,5215.0
2021-03-26,5242.0
2021-03-29,5247.0
2021-03-30,5247.0
2021-03-31,5254.0
2021-04-05,5278.0
2021-04-06,5287.0
2021-04-07,5296.0
2021-04-08,5308.0
2021-04-09,5328.0
2021-04-12,5327.0
2021-04-13,5394.0
2021-04-14,5407.0
2021-04-15,5388.0
2021-04-16,5389.0
2021-04-19,5385.0
2021-04-20,5399.0
2021-04-21,5418.0
2021-04-22,5428.0
2021-04-23,5444.0
2021-04-26,5481.0
2021-04-27,5490.0
2021-04-28,5476.0
2021-04-29,5467.0
2021-04-30,5464.0
2021-05-03,5486.0
2021-05-04,5517.0
2021-05-05,5504.0
2021-05-06,5514.0
2021-05-07,5542.0
2021-05-10,5542.0
2021-05-11,5548.0
2021-05-12,5563.0
2021-05-13,5544.0
2021-05-14,5547.0
2021-05-17,5571.0
2021-05-18,5565.0
2021-05-19,5544.0
2021-05-20,5548.0
2021-05-21,5543.0
2021-05-26,5553.0
2021-05-27,5563.0
2021-05-28,5571.0
2021-05-31,5586.0
2021-06-01,5598.0
2021-06-02,5596.0
2021-06-03,5579.0
2021-06-04,5596.0
2021-06-07,5483.0
2021-06-08,5444.0
2021-06-09,5350.0
2021-06-10,5346.0
2021-06-11,5395.0
2021-06-14,5360.0
2021-06-15,5336.0
2021-06-16,5337.0
2021-06-17,5397.0
2021-06-18,5370.0
2021-06-22,5367.0
2021-06-23,5367.0
2021-06-24,5379.0
2021-06-25,5345.0
2021-06-28,5336.0
2021-06-29,5349.0
2021-06-30,5381.0
2021-07-01,5394.0
2021-07-02,5395.0
2021-07-05,5376.0
2021-07-06,5363.0
2021-07-07,5393.0
2021-07-08,5389.0
2021-07-12,5347.0
2021-07-13,5347.0
2021-07-14,5358.0
2021-07-15,5370.0
2021-07-16,5388.0
2021-07-19,5385.0
2021-07-20,5325.0
2021-07-21,5336.0
2021-07-22,5333.0
2021-07-23,5404.0
2021-07-26,5372.0
2021-07-27,5344.0
2021-07-28,5350.0
2021-07-29,5328.0
2021-07-30,5343.0
2021-08-02,5315.0
2021-08-03,5419.0
2021-08-04,5398.0
2021-08-05,5376.0
2021-08-06,5384.0
2021-08-09,5362.0
2021-08-10,5371.0
2021-08-11,5373.0
2021-08-12,5363.0
2021-08-13,5301.0
2021-08-17,5299.0
2021-08-18,5332.0
2021-08-19,5316.0
2021-08-20,5286.0
2021-08-23,5255.0
2021-08-24,5248.0
2021-08-25,5244.0
2021-08-26,5233.0
2021-08-27,5237.0
2021-08-30,5220.0
2021-08-31,5216.0
2021-09-01,5208.0
2021-09-02,5167.0
2021-09-03,5144.0
2021-09-06,5132.0
2021-09-07,5137.0
2021-09-08,5138.0
2021-09-09,5147.0
2021-09-10,5128.0
2021-09-13,5117.0
2021-09-14,5109.0
2021-09-15,5077.0
2021-09-16,5066.0
2021-09-17,5057.0
2021-09-20,5055.0
2021-09-21,5052.0
2021-09-22,5049.0
2021-09-23,5027.0
2021-09-24,5005.0
2021-09-27,5021.0
2021-09-28,5006.0
2021-09-29,5015.0
2021-09-30,4967.0
2021-10-01,4910.0
2021-10-04,4892.0
2021-10-05,4865.0
2021-10-06,4843.0
2021-10-07,4819.0
2021-10-12,4736.0
2021-10-13,4737.0
2021-10-14,4715.0
2021-10-15,4710.0
2021-10-18,4651.0
2021-10-19,4729.0
2021-10-20,4706.0
2021-10-21,4709.0
2021-10-22,4715.0
2021-10-25,4710.0
2021-10-26,4708.0
2021-10-27,4697.0
2021-10-28,4696.0
2021-10-29,4700.0
2021-11-01,4614.0
2021-11-02,4618.0
2021-11-03,4559.0
2021-11-04,4543.0
2021-11-05,4508.0
2021-11-08,4478.0
2021-11-09,4465.0
2021-11-10,4452.0
2021-11-11,4452.0
2021-11-12,4443.0
2021-11-15,4432.0
2021-11-16,4443.0
2021-11-17,4429.0
2021-11-18,4429.0
2021-11-19,4413.0
2021-11-23,4350.0
2021-11-24,4354.0
2021-11-25,4337.0
2021-11-26,4324.0
2021-11-29,4312.0
2021-11-30,4318.0
2021-12-01,4294.0
2021-12-02,4278.0
2021-12-03,4266.0
2021-12-06,4230.0
2021-12-07,4222.0
2021-12-09,4215.0
2021-12-10,4182.0
2021-12-13,4137.0
2021-12-14,4121.0
2021-12-15,4100.0
2021-12-16,4088.0
2021-12-17,4075.0
2021-12-20,4072.0
2021-12-21,4071.0
2021-12-22,4062.0
2021-12-23,4060.0
2021-12-27,4032.0
2021-12-28,4018.0
2021-12-29,4004.0
2021-12-30,3979.0
2022-01-03,3934.0
2022-01-04,3930.0
2022-01-05,3923.0
2022-01-06,3925.0
2022-01-07,3913.0
2022-01-10,3889.0
2022-01-11,3901.0
2022-01-12,3909.0
2022-01-13,3910.0
2022-01-14,3910.0
2022-01-17,3896.0
2022-01-18,3903.0
2022-01-19,3908.0
2022-01-20,3886.0
2022-01-21,3883.0
2022-01-24,3884.0
2022-01-25,3896.0
2022-01-26,3892.0
2022-01-27,3893.0
2022-01-28,3896.0
2022-01-31,3855.0
2022-02-01,3865.0
2022-02-02,3854.0
2022-02-03,3866.0
2022-02-04,3853.0
2022-02-07,3802.0
2022-02-08,3809.0
2022-02-09,3809.0
2022-02-10,3814.0
2022-02-11,3827.0
2022-02-14,3822.0
2022-02-15,3836.0
2022-02-16,3847.0
2022-02-17,3852.0
2022-02-18,3853.0
2022-02-21,3850.0
2022-02-22,3863.0
2022-02-23,3868.0
2022-02-24,3859.0
2022-02-25,3870.0
2022-03-02,3874.0
2022-03-03,3884.0
2022-03-04,3910.0
2022-03-07,3867.0
2022-03-08,3867.0
2022-03-09,3859.0
2022-03-10,3865.0
2022-03-11,3837.0
2022-03-14,3789.0
2022-03-15,3807.0
2022-03-16,3813.0
2022-03-17,3827.0
2022-03-18,3832.0
2022-03-21,3847.0
2022-03-22,3862.0
2022-03-23,3859.0
2022-03-25,3871.0
2022-03-28,3837.0
2022-03-29,3845.0
2022-03-30,3875.0
2022-03-31,3800.0
2022-04-01,3843.0
2022-04-04,3822.0
2022-04-05,3834.0
2022-04-06,3834.0
2022-04-07,3829.0
2022-04-08,3814.0
2022-04-11,3781.0
2022-04-12,3801.0
2022-04-13,3803.0
2022-04-18,3722.0
2022-04-19,3745.0
2022-04-20,3706.0
2022-04-21,3711.0
2022-04-22,3724.0
2022-04-25,3730.0
2022-04-26,3742.0
2022-04-27,3756.0
2022-04-28,3753.0
2022-04-29,3714.0
2022-05-02,3689.0
2022-05-03,3712.0
2022-05-04,3731.0
2022-05-05,3733.0
2022-05-06,3715.0
2022-05-09,3669.0
2022-05-10,3684.0
2022-05-11,3687.0
2022-05-12,3702.0
2022-05-13,3713.0
2022-05-16,3675.0
2022-05-17,3692.0
2022-05-19,3695.0
2022-05-20,3723.0
2022-05-23,3716.0
2022-05-24,3720.0
2022-05-26,3726.0
2022-05-27,3754.0
2022-05-30,3726.0
2022-05-31,3716.0
2022-06-01,3742.0
2022-06-02,3756.0
2022-06-03,3725.0
2022-06-06,3689.0
2022-06-07,3712.0
2022-06-08,3722.0
2022-06-09,3749.0
2022-06-10,3773.0
2022-06-13,3802.0
2022-06-14,3864.0
2022-06-15,3849.0
2022-06-16,3860.0
2022-06-21,3877.0
2022-06-22,3917.0
2022-06-23,3921.0
2022-06-24,3943.0
2022-06-27,3946.0
2022-06-28,3978.0
2022-06-29,4000.0
2022-06-30,3995.0
2022-07-01,4015.0
2022-07-04,3950.0
2022-07-05,3920.0
2022-07-06,3887.0
2022-07-07,3885.0
2022-07-08,3829.0
2022-07-11,3791.0
2022-07-12,3797.0
2022-07-13,3789.0
2022-07-14,3789.0
2022-07-15,3785.0
2022-07-18,3801.0
2022-07-19,3825.0
2022-07-20,3807.0
2022-07-21,3823.0
2022-07-22,3833.0
2022-07-25,3817.0
2022-07-26,3840.0
2022-07-27,3846.0
2022-07-28,3847.0
2022-07-29,3836.0
2022-08-01,3779.0
2022-08-02,3785.0
2022-08-03,3728.0
2022-08-04,3709.0
2022-08-05,3697.0
2022-08-08,3659.0
2022-08-09,3676.0
2022-08-10,3678.0
2022-08-11,3700.0
2022-08-12,3684.0
2022-08-16,3684.0
2022-08-17,3700.0
2022-08-18,3715.0
2022-08-19,3719.0
2022-08-22,3721.0
2022-08-23,3738.0
2022-08-24,3743.0
2022-08-25,3745.0
2022-08-26,3757.0
2022-08-29,3741.0
2022-08-30,3710.0
2022-08-31,3683.0
2022-09-01,3678.0
2022-09-05,3620.0
2022-09-06,3606.0
2022-09-07,3600.0
2022-09-08,3600.0
2022-09-09,3563.0
2022-09-12,3508.0
2022-09-13,3532.0
2022-09-14,3524.0
2022-09-15,3530.0
2022-09-16,3526.0
2022-09-19,3537.0
2022-09-20,3561.0
2022-09-21,3571.0
2022-09-22,3594.0
2022-09-23,3604.0
2022-09-26,3605.0
2022-09-27,3635.0
2022-09-28,3654.0
2022-09-29,3640.0
2022-09-30,3660.0
2022-10-03,3619.0
2022-10-04,3629.0
2022-10-05,3610.0
2022-10-06,3590.0
2022-10-11,3524.0
2022-10-12,3530.0
2022-10-13,3535.0
2022-10-14,3551.0
2022-10-17,3546.0
2022-10-18,3564.0
2022-10-19,3577.0
2022-10-20,3577.0
2022-10-21,3586.0
2022-10-24,3576.0
2022-10-25,3573.0
2022-10-26,3583.0
2022-10-27,3598.0
2022-10-28,3603.0
2022-10-31,3623.0
2022-11-01,3590.0
2022-11-02,3588.0
2022-11-03,3592.0
2022-11-04,3573.0
2022-11-07,3505.0
2022-11-08,3517.0
2022-11-09,3542.0
2022-11-10,3527.0
2022-11-11,3538.0
2022-11-14,3548.0
2022-11-15,3558.0
2022-11-16,3559.0
2022-11-17,3567.0
2022-11-18,3565.0
2022-11-22,3561.0
2022-11-23,3572.0
2022-11-24,3571.0
2022-11-25,3578.0
2022-11-28,3569.0
2022-11-29,3587.0
2022-11-30,3576.0
2022-12-01,3565.0
2022-12-02,3570.0
2022-12-05,3527.0
2022-12-06,3499.0
2022-12-07,3505.0
2022-12-12,3476.0
2022-12-13,3480.0
2022-12-14,3456.0
2022-12-15,3436.0
2022-12-16,3451.0
2022-12-19,3437.0
2022-12-20,3447.0
2022-12-21,3457.0
2022-12-22,3463.0
2022-12-23,3464.0
2022-12-26,3463.0
2022-12-27,3481.0
2022-12-28,3500.0
2022-12-29,3503.0
2022-12-30,3526.0
2023-01-02,3477.0
2023-01-03,3463.0
2023-01-04,3471.0
2023-01-05,3472.0
2023-01-06,3461.0
2023-01-09,3432.0
2023-01-10,3450.0
2023-01-11,3456.0
2023-01-12,3470.0
2023-01-13,3471.0
2023-01-16,3474.0
2023-01-17,3481.0
2023-01-18,3501.0
2023-01-19,3509.0
2023-01-20,3496.0
2023-01-23,3517.0
2023-01-24,3527.0
2023-01-25,3539.0
2023-01-26,3552.0
2023-01-27,3591.0
2023-01-30,3608.0
2023-01-31,3655.0
2023-02-01,3626.0
2023-02-02,3629.0
2023-02-03,3579.0
2023-02-06,3518.0
2023-02-07,3525.0
2023-02-08,3513.0
2023-02-09,3532.0
2023-02-10,3540.0
2023-02-13,3541.0
2023-02-14,3562.0
2023-02-15,3568.0
2023-02-16,3584.0
2023-02-17,3590.0
2023-02-22,3631.0
2023-02-23,3656.0
2023-02-24,3670.0
2023-02-27,3670.0
2023-02-28,3683.0
2023-03-01,3664.0
2023-03-02,3663.0
2023-03-03,3675.0
2023-03-06,3616.0
2023-03-07,3662.0
2023-03-08,3649.0
2023-03-09,3646.0
2023-03-10,3666.0
2023-03-13,3625.0
2023-03-14,3641.0
2023-03-15,3668.0
2023-03-16,3682.0
2023-03-17,3693.0
2023-03-20,3691.0
2023-03-21,3694.0
2023-03-22,3706.0
2023-03-23,3708.0
2023-03-27,3667.0
2023-03-28,3723.0
2023-03-29,3737.0
2023-03-30,3735.0
2023-03-31,3768.0
2023-04-03,3714.0
2023-04-04,3709.0
2023-04-05,3695.0
2023-04-10,3633.0
2023-04-11,3724.0
2023-04-12,3738.0
2023-04-13,3769.0
2023-04-14,3769.0
2023-04-17,3892.0
2023-04-18,3912.0
2023-04-19,3925.0
2023-04-20,3955.0
2023-04-21,3957.0
2023-04-24,3954.0
2023-04-25,3978.0
2023-04-26,3975.0
2023-04-27,3982.0
2023-04-28,4032.0
2023-05-02,3964.0
2023-05-03,3959.0
2023-05-04,3969.0
2023-05-05,3948.0
2023-05-08,3901.0
2023-05-09,3910.0
2023-05-10,3909.0
2023-05-11,3914.0
2023-05-12,3929.0
2023-05-15,3922.0
2023-05-16,3928.0
2023-05-17,3929.0
2023-05-18,3937.0
2023-05-19,3938.0
2023-05-22,3931.0
2023-05-23,3937.0
2023-05-24,3935.0
2023-05-29,3933.0
2023-05-30,3933.0
2023-05-31,3985.0
2023-06-01,3941.0
2023-06-02,3936.0
2023-06-05,3884.0
2023-06-06,3889.0
2023-06-07,3883.0
2023-06-08,3884.0
2023-06-09,3866.0
2023-06-12,3812.0
2023-06-13,3837.0
2023-06-14,3820.0
2023-06-15,3819.0
2023-06-16,3821.0
2023-06-21,3813.0
2023-06-22,3837.0
2023-06-23,3827.0
2023-06-26,3820.0
2023-06-27,3828.0
2023-06-28,3835.0
2023-06-29,3833.0
2023-06-30,3866.0
2023-07-03,3762.0
2023-07-04,3763.0
2023-07-05,3755.0
2023-07-06,3757.0
2023-07-07,3741.0
2023-07-10,3698.0
2023-07-11,3718.0
2023-07-12,3717.0
2023-07-13,3746.0
2023-07-14,3746.0
2023-07-17,3738.0
2023-07-18,3745.0
2023-07-19,3752.0
2023-07-20,3741.0
2023-07-21,3748.0
2023-07-24,3727.0
2023-07-25,3752.0
2023-07-26,3776.0
2023-07-27,3791.0
2023-07-28,3793.0
2023-07-31,3847.0
2023-08-01,3754.0
2023-08-02,3739.0
2023-08-03,3746.0
2023-08-04,3721.0
2023-08-07,3669.0
2023-08-08,3688.0
2023-08-09,3695.0
2023-08-10,3690.0
2023-08-11,3710.0
2023-08-14,3680.0
2023-08-15,3691.0
2023-08-16,3728.0
2023-08-17,3732.0
2023-08-18,3742.0
2023-08-22,3752.0
2023-08-23,3770.0
2023-08-24,3773.0
2023-08-25,3782.0
2023-08-28,3765.0
2023-08-29,3799.0
2023-08-30,3804.0
2023-08-31,3904.0
2023-09-01,3873.0
2023-09-04,3824.0
2023-09-05,3876.0
2023-09-06,3878.0
2023-09-07,3872.0
2023-09-08,3841.0
2023-09-11,3788.0
2023-09-12,3808.0
2023-09-13,3811.0
2023-09-14,3822.0
2023-09-15,3841.0
2023-09-18,3838.0
2023-09-19,3848.0
2023-09-20,3854.0
2023-09-21,3860.0
2023-09-22,3868.0
2023-09-25,3880.0
2023-09-26,3909.0
2023-09-27,3895.0
2023-09-28,3898.0
2023-09-29,3916.0
2023-10-02,3842.0
2023-10-03,3850.0
2023-10-04,3879.0
2023-10-05,3881.0
2023-10-06,3847.0
2023-10-09,3850.0
2023-10-10,3859.0
2023-10-11,3870.0
2023-10-12,3886.0
2023-10-17,3834.0
2023-10-18,3835.0
2023-10-19,3843.0
2023-10-20,3837.0
2023-10-23,3822.0
2023-10-24,3837.0
2023-10-25,3841.0
2023-10-26,3839.0
2023-10-27,3861.0
2023-10-30,3847.0
2023-10-31,3884.0
2023-11-01,3821.0
2023-11-02,3808.0
2023-11-03,3784.0
2023-11-07,3724.0
2023-11-08,3774.0
2023-11-09,3764.0
2023-11-10,3770.0
2023-11-13,3785.0
2023-11-14,3774.0
2023-11-15,3713.0
2023-11-16,3722.0
2023-11-17,3727.0
2023-11-21,3709.0
2023-11-22,3733.0
2023-11-23,3731.0
2023-11-24,3721.0
2023-11-27,3706.0
2023-11-28,3715.0
2023-11-29,3718.0
2023-11-30,3708.0
2023-12-01,3682.0
2023-12-04,3629.0
2023-12-05,3631.0
2023-12-06,3630.0
2023-12-07,3616.0
2023-12-11,3556.0
2023-12-12,3554.0
2023-12-13,3402.0
2023-12-14,3397.0
2023-12-15,3382.0
2023-12-18,3381.0
2023-12-19,3368.0
2023-12-20,3380.0
2023-12-21,3383.0
2023-12-22,3381.0
2023-12-26,3375.0
2023-12-27,3433.0
2023-12-28,3422.0
2023-12-29,3411.0
2024-01-02,3383.0
2024-01-03,3352.0
2024-01-04,3359.0
2024-01-05,3374.0
2024-01-08,3371.0
2024-01-09,3374.0
2024-01-10,3391.0
2024-01-11,3406.0
2024-01-12,3432.0
2024-01-15,3467.0
2024-01-16,3483.0
2024-01-17,3527.0
2024-01-18,3614.0
2024-01-19,3622.0
2024-01-22,3664.0
2024-01-23,3694.0
2024-01-24,3726.0
2024-01-25,3741.0
2024-01-26,3773.0
2024-01-29,3773.0
2024-01-30,3797.0
2024-01-31,3825.0
2024-02-01,3822.0
2024-02-02,3834.0
2024-02-05,3794.0
2024-02-06,3821.0
2024-02-07,3831.0
2024-02-08,3822.0
2024-02-09,3796.0
2024-02-14,3843.0
2024-02-15,3864.0
2024-02-16,3877.0
2024-02-19,3893.0
2024-02-20,3938.0
2024-02-21,3938.0
2024-02-22,3959.0
2024-02-23,4056.0
2024-02-26,4055.0
2024-02-27,4091.0
2024-02-28,4152.0
2024-02-29,3710.0
2024-03-01,3763.0
2024-03-04,3837.0
2024-03-05,3855.0
2024-03-06,3970.0
2024-03-07,3993.0
2024-03-08,4075.0
2024-03-11,4109.0
2024-03-12,4188.0
2024-03-13,4230.0
2024-03-14,4328.0
2024-03-15,4459.0
2024-03-18,4450.0
2024-03-19,4543.0
2024-03-20,4605.0
2024-03-21,4665.0
2024-03-22,4732.0
2024-03-25,4762.0
2024-03-26,4860.0
2024-03-27,4912.0
2024-04-03,4815.0
2024-04-04,4931.0
2024-04-05,4992.0
2024-04-08,5037.0
2024-04-09,5088.0
2024-04-10,5121.0
2024-04-11,5214.0
2024-04-12,5237.0
2024-04-15,5297.0
2024-04-16,5353.0
2024-04-17,5442.0
2024-04-18,5474.0
2024-04-19,5518.0
2024-04-22,5552.0
2024-04-23,5620.0
2024-04-24,5673.0
2024-04-25,5623.0
2024-04-26,5745.0
2024-04-29,5764.0
2024-04-30,5826.0
2024-05-02,5885.0
2024-05-03,5943.0
2024-05-06,5900.0
2024-05-07,5941.0
2024-05-08,5968.0
2024-05-09,5955.0
2024-05-10,6049.0
2024-05-13,6081.0
2024-05-14,6146.0
2024-05-15,6175.0
2024-05-16,6233.0
2024-05-17,6250.0
2024-05-20,6287.0
2024-05-21,6322.0
2024-05-22,6347.0
2024-05-23,6354.0
2024-05-24,6364.0
2024-05-27,6380.0
2024-05-28,6430.0
2024-05-29,6428.0
2024-05-30,6440.0
2024-05-31,6381.0
2024-06-03,6357.0
2024-06-04,6361.0
2024-06-05,6359.0
2024-06-06,6370.0
2024-06-07,6341.0
2024-06-10,6309.0
2024-06-11,6349.0
2024-06-12,6371.0
2024-06-13,6431.0
2024-06-14,6444.0
2024-06-18,6435.0
2024-06-19,6429.0
2024-06-24,6428.0
2024-06-25,6466.0
2024-06-26,6477.0
2024-06-27,6418.0
2024-06-28,6428.0
2024-07-01,6446.0
2024-07-02,6502.0
2024-07-03,6446.0
2024-07-04,6456.0
2024-07-05,6451.0
2024-07-08,6427.0
2024-07-10,6477.0
2024-07-11,6461.0
2024-07-12,6497.0
2024-07-15,6506.0
2024-07-16,6497.0
2024-07-17,6509.0
2024-07-18,6527.0
2024-07-19,6529.0
2024-07-22,6579.0
2024-07-23,6621.0
2024-07-24,6630.0
2024-07-25,6617.0
2024-07-26,6637.0
2024-07-29,6633.0
2024-07-30,6655.0
2024-07-31,6653.0
2024-08-01,6739.0
2024-08-02,6753.0
2024-08-05,6673.0
2024-08-06,6682.0
2024-08-07,6653.0
2024-08-08,6670.0
2024-08-09,6617.0
2024-08-12,6571.0
2024-08-13,6581.0
2024-08-14,6582.0
2024-08-15,6608.0
2024-08-16,6619.0
2024-08-19,6641.0
2024-08-20,6667.0
2024-08-21,6706.0
2024-08-22,6735.0
2024-08-23,6730.0
2024-08-26,6769.0
2024-08-27,6799.0
2024-08-28,7119.0
2024-08-29,7126.0
2024-08-30,7082.0
2024-09-02,7055.0
2024-09-03,7094.0
2024-09-04,7080.0
2024-09-05,7116.0
2024-09-06,7092.0
2024-09-09,7037.0
2024-09-10,7089.0
2024-09-11,7106.0
2024-09-12,7139.0
2024-09-13,7150.0
2024-09-16,7182.0
2024-09-17,7201.0
2024-09-18,7219.0
2024-09-19,7227.0
2024-09-20,7325.0
2024-09-23,7359.0
2024-09-24,7410.0
2024-09-25,7457.0
2024-09-26,7512.0
2024-09-27,7526.0
2024-09-30,7522.0
2024-10-01,7565.0
2024-10-02,7582.0
2024-10-03,7597.0
2024-10-04,7573.0
2024-10-07,7550.0
2024-10-08,7630.0
2024-10-09,7654.0
2024-10-10,7749.0
2024-10-14,7772.0
2024-10-15,7786.0
2024-10-16,7859.0
2024-10-17,7891.0
2024-10-18,7949.0
2024-10-21,8034.0
2024-10-22,8104.0
2024-10-23,8158.0
2024-10-24,8207.0
2024-10-25,8261.0
2024-10-28,8230.0
2024-10-29,8312.0
2024-10-30,8369.0
2024-10-31,8385.0
2024-11-01,8542.0
2024-11-04,8470.0
2024-11-05,8510.0
2024-11-07,8479.0
2024-11-08,8498.0
2024-11-11,8434.0
2024-11-12,8508.0
2024-11-13,8751.0
2024-11-14,8805.0
2024-11-15,8859.0
2024-11-19,8802.0
2024-11-20,8886.0
2024-11-21,8923.0
2024-11-22,8990.0
2024-11-25,9019.0
2024-11-26,9064.0
2024-11-27,9137.0
2024-11-28,9187.0
2024-11-29,9239.0
2024-12-02,9221.0
2024-12-03,9288.0
2024-12-04,9364.0
2024-12-05,9400.0
2024-12-06,9483.0
2024-12-09,9535.0
2024-12-10,9650.0
2024-12-11,9759.0
2024-12-12,9840.0
2024-12-13,9911.0
2024-12-16,9948.0
2024-12-17,10072.0
2024-12-18,10136.0
2024-12-19,10189.0
2024-12-20,10269.0
2024-12-23,10555.0
2024-12-26,10639.0
2024-12-27,10711.0
2024-12-30,10829.0
2025-01-02,10856.0
2025-01-03,10837.0
2025-01-06,10644.0
2025-01-07,10913.0
2025-01-08,10981.0
2025-01-09,11045.0
2025-01-10,11146.0
2025-01-13,11304.0
2025-01-14,11406.0
2025-01-15,11505.0
2025-01-16,11695.0
2025-01-17,11805.0
2025-01-20,11916.0
2025-01-21,12036.0
2025-01-22,12110.0
2025-01-23,12169.0
2025-01-24,12312.0
2025-01-27,12391.0
2025-01-28,12556.0
2025-01-29,12617.0
2025-01-30,12684.0
2025-01-31,12693.0
2025-02-03,12661.0
2025-02-04,12697.0
2025-02-05,12664.0
2025-02-06,12866.0
2025-02-07,12873.0
2025-02-10,12830.0
2025-02-11,12890.0
2025-02-12,12955.0
2025-02-13,13028.0
2025-02-14,13074.0
2025-02-17,13144.0
2025-02-18,13308.0
2025-02-19,13342.0
2025-02-20,13410.0
2025-02-21,13525.0
2025-02-24,13749.0
2025-02-25,13592.0
2025-02-26,13882.0
2025-02-27,13922.0
2025-02-28,13916.0
2025-03-05,13958.0
2025-03-06,14003.0
2025-03-07,13917.0
2025-03-10,13701.0
2025-03-11,13800.0
2025-03-12,13860.0
2025-03-13,13925.0
2025-03-14,13975.0
2025-03-17,14097.0
2025-03-18,14197.0
2025-03-19,14257.0
2025-03-20,14295.0
2025-03-21,14310.0
2025-03-25,14291.0
2025-03-26,14365.0
2025-03-27,14395.0
2025-03-28,14454.0
2025-03-31,14339.0
2025-04-01,14391.0
2025-04-03,14324.0
2025-04-04,14271.0
2025-04-07,14244.0
2025-04-08,14173.0
2025-04-09,14198.0
2025-04-10,14197.0
2025-04-11,14194.0
2025-04-14,14122.0
2025-04-15,14192.0
2025-04-16,14188.0
2025-04-21,14258.0
2025-04-22,14307.0
2025-04-23,14348.0
2025-04-24,14372.0
2025-04-25,14416.0
2025-04-28,14446.0
2025-04-29,14560.0
2025-04-30,14510.0
2025-05-05,14524.0
2025-05-06,14557.0
2025-05-07,14606.0
2025-05-08,14678.0
2025-05-09,14675.0
2025-05-12,14753.0
2025-05-13,14963.0
2025-05-14,15005.0
2025-05-15,15088.0
2025-05-16,15129.0
2025-05-19,15193.0
2025-05-20,15256.0
2025-05-21,15262.0
2025-05-22,15396.0
2025-05-23,15451.0
2025-05-26,15448.0
2025-05-27,15644.0
2025-05-28,15688.0
2025-05-29,15679.0
2025-05-30,15634.0
2025-06-02,15531.0
2025-06-03,15472.0
2025-06-04,15553.0
2025-06-05,15556.0
2025-06-06,15521.0
2025-06-09,15542.0
2025-06-10,15553.0
2025-06-11,15691.0
2025-06-12,15719.0
2025-06-13,15797.0
2025-06-17,15791.0
2025-06-18,15926.0
2025-06-19,15980.0
2025-06-23,15934.0
2025-06-24,16057.0
2025-06-25,16277.0
2025-06-26,16262.0
2025-06-27,16289.0
2025-06-30,16219.0
2025-07-01,16264.0
2025-07-02,16246.0
2025-07-03,16408.0
2025-07-04,16428.0
2025-07-07,16481.0
2025-07-08,16466.0
2025-07-10,16541.0
2025-07-11,16561.0
2025-07-14,16509.0
2025-07-15,16552.0
2025-07-16,16571.0
2025-07-17,16568.0
2025-07-18,16619.0
2025-07-21,16629.0
2025-07-22,16769.0
2025-07-23,16845.0
2025-07-24,16871.0
2025-07-25,16987.0
2025-07-28,16979.0
2025-07-29,17078.0
2025-07-30,17106.0
2025-07-31,17226.0
2025-08-01,17136.0
2025-08-04,17032.0
2025-08-05,16999.0
2025-08-06,17041.0
2025-08-07,17036.0
2025-08-08,16962.0
2025-08-11,16965.0
2025-08-12,17072.0
2025-08-13,17143.0
2025-08-14,17246.0
2025-08-18,17294.0
2025-08-19,17483.0
2025-08-20,17543.0
2025-08-21,17586.0
2025-08-22,17636.0
2025-08-25,17686.0
2025-08-26,17832.0
2025-08-27,17852.0
2025-08-28,18003.0
2025-08-29,18311.0
2025-09-01,18085.0
2025-09-02,18115.0
2025-09-03,18126.0
2025-09-04,18082.0
2025-09-05,18066.0
2025-09-08,18045.0
2025-09-09,18101.0
2025-09-10,18066.0
2025-09-11,18110.0
2025-09-12,18105.0
2025-09-15,18161.0
2025-09-16,18256.0
2025-09-17,18359.0
2025-09-18,18395.0
2025-09-19,18427.0
2025-09-22,18478.0
2025-09-23,18527.0
2025-09-24,18601.0
2025-09-25,18724.0
2025-09-26,18729.0
2025-09-29,18787.0
2025-09-30,18879.0
2025-10-01,18703.0
2025-10-02,18589.0
2025-10-03,18572.0
2025-10-06,18357.0
2025-10-07,18306.0
2025-10-08,18212.0
2025-10-09,18275.0
2025-10-13,18163.0
2025-10-14,18262.0
2025-10-15,18215.0
2025-10-16,18195.0
2025-10-17,18160.0
2025-10-20,18119.0
2025-10-21,18199.0
2025-10-22,18267.0
2025-10-23,18325.0
2025-10-24,18410.0
2025-10-27,18450.0
2025-10-28,18374.0
2025-10-29,18385.0
2025-10-30,18367.0
2025-10-31,18436.0
2025-11-03,18148.0
2025-11-04,18108.0
2025-11-05,18043.0
2025-11-07,17971.0
2025-11-10,17949.0
2025-11-11,17980.0
2025-11-12,17985.0
2025-11-13,18002.0
2025-11-14,18045.0
2025-11-17,18082.0
2025-11-18,18124.0
2025-11-19,18202.0
2025-11-20,18244.0
2025-11-25,18211.0
2025-11-26,18310.0
2025-11-27,18343.0
2025-11-28,18456.0
2025-12-01,18201.0
2025-12-02,18241.0
2025-12-03,18183.0
2025-12-04,18181.0
2025-12-05,18074.0
2025-12-09,18050.0
2025-12-10,18153.0
2025-12-11,18147.0
2025-12-12,18190.0
2025-12-15,18174.0
2025-12-16,18218.0
2025-12-17,18253.0
2025-12-18,18261.0
2025-12-19,18352.0
2025-12-22,18359.0
2025-12-23,18385.0
2025-12-26,18327.0
2025-12-29,18385.0
2025-12-30,18604.0
2026-01-02,18411.0
2026-01-05,18368.0
2026-01-06,18854.0
2026-01-07,18828.0
2026-01-08,18845.0
2026-01-09,18861.0
2026-01-12,18903.0
2026-01-13,19010.0
2026-01-14,18984.0
2026-01-15,19106.0
2026-01-16,19236.0
2026-01-19,19270.0
2026-01-20,19433.0
2026-01-21,19500.0
2026-01-22,19544.0
2026-01-23,19664.0
2026-01-26,19701.0
2026-01-27,19576.0
2026-01-28,19778.0
2026-01-29,19811.0
2026-01-30,19904.0
2026-02-02,19670.0
2026-02-03,19737.0
2026-02-04,19656.0
2026-02-05,19683.0
2026-02-06,19563.0
2026-02-09,19635.0
2026-02-10,19717.0
2026-02-11,19634.0
2026-02-12,19776.0
2026-02-13,19820.0
2026-02-18,19863.0
2026-02-19,19959.0
2026-02-20,20064.0
2026-02-23,20066.0
2026-02-24,20218.0
2026-02-25,20223.0
2026-02-26,20258.0
2026-02-27,20383.0
2026-03-02,20126.0
2026-03-03,20164.0
2026-03-04,20217.0
2026-03-05,20205.0
2026-03-06,20059.0
2026-03-09,20119.0
2026-03-10,20167.0
2026-03-11,20196.0
2026-03-12,20275.0
2026-03-13,20343.0
2026-03-16,20392.0
2026-03-17,20512.0
2026-03-18,20643.0
2026-03-19,20705.0
2026-03-20,20849.0
2026-03-25,20947.0
2026-03-26,21126.0
2026-03-27,21182.0
2026-03-30,21231.0
2026-03-31,21490.0
2026-04-01,21413.0
2026-04-06,21319.0
2026-04-07,21502.0
2026-04-08,21585.0
2026-04-09,21565.0
2026-04-10,21681.0
2026-04-13,21761.0
2026-04-14,21882.0
2026-04-15,21846.0
2026-04-16,21980.0
2026-04-17,22027.0
2026-04-20,22071.0
2026-04-21,22307.0
2026-04-22,22403.0
2026-04-23,22464.0
2026-04-24,22588.0
2026-04-27,22534.0
2026-04-28,22626.0
2026-04-29,22739.0
2026-04-30,22892.0
2026-05-04,22634.0
2026-05-05,22501.0
2026-05-06,22430.0
2026-05-07,22417.0
2026-05-08,22330.0
2026-05-11,22299.0
2026-05-12,22427.0
2026-05-13,22507.0
2026-05-14,22664.0
2026-05-15,22737.0
2026-05-18,22747.0
2026-05-19,22939.0
2026-05-20,22942.0
2026-05-21,23086.0
2026-05-22,23086.0
2026-05-26,23133.0
2026-05-27,23230.0
